,c0,c1,c2,c3,c4,c5,c6,c7,c8,c9,c10,c11,c12,c13,c14,c15,c16,c17,c18,c19,c20,c21,c22,c23,c24,c25,c26,c27,c28,c29,c30,c31,c32,c33,c34,c35,c36,c37,c38,c39,c40,c41,c42,c43,c44,c45,c46,c47
2015-01-05,0.0784140350224599,-0.012319709474754208,0.06257361671130733,0.06252373065473821,0.056224580206761174,0.053904994844975,0.05510583553153497,0.06411671334211429,0.05590019974993373,0.08393717864026931,0.11722039688029041,0.029619598845748548,0.0785465827574191,0.02290714055153241,0.06606251409131549,0.046397250141003606,0.05607781371477907,0.059730106302609665,0.0522756216885037,0.0659492460268958,0.06344963674144684,0.04484210371610945,0.059392953064049785,0.06758079628961575,0.06004050899829596,0.044315768710380524,0.048718040482198494,0.024783293490909596,0.0853436306061274,0.05977396755308707,0.05031921712050576,0.05012039551806694,0.060047497878866526,0.053610497877483815,0.07273183412269946,0.06583573696659437,0.05763271914379148,0.060828565531598905,0.05009412696695684,0.06345710761378091,0.0356729334033948,0.036527745795940834,-0.07615671362833534,0.05756789125160233,0.07885312951899749,0.08159084273560956,0.05703167541472189,0.03814314119127099
2015-01-06,0.19611529702352043,0.2219174559946961,0.23033644924538438,0.13562749642950833,0.22090572236373446,0.13815488355130032,0.13962972350565095,0.23244893017798968,0.1438132724581838,0.18783324788157377,0.0760275914048186,0.15831093136327284,0.17450457222196689,0.1921014179741977,0.09638881926937119,0.22959081218433958,0.16941119581890865,0.10339705208948868,0.22056973707625288,0.162961600518244,0.17804764686985727,0.24376476354962737,0.16793810220780722,0.04213345227020829,0.056050043155274794,0.10848003962912511,0.2635170623513445,0.2264406254622182,0.14820634502240135,0.12160117413082878,0.23209381993739076,0.20360873698754128,0.13998639295045304,0.20786864321153428,0.2066725072548361,0.1993179002838153,0.1782013548263931,0.17475437716515413,0.1631101140430689,0.06251002731936124,0.23733830708112938,0.23457038331082292,-0.07021020550094315,0.24626989629746937,0.16642817535366494,0.16732681203964858,0.19068617144351294,0.15129443467452441
2015-01-07,0.15314793973853238,0.15430436373586026,0.18638367991916077,0.1455997015429165,0.1840484095120156,0.2056187703268597,0.09560637283598131,0.22605703784729003,0.21526422427816946,0.17436001902615159,0.21998226005358903,0.17616144518700555,0.16928348942402047,0.21067717116995682,0.20853272980527499,0.19018833395327372,0.1893415300773426,0.21837044401686653,0.2017015271576934,0.20339036418349402,0.12412952139634392,0.17486810135171024,0.1884293672543678,0.22583853859366954,0.24138824311879514,0.2148887681371228,0.1645900491246345,0.19026752800589597,0.17740469639865422,0.24055765971147341,0.15933080071434474,0.16790236422919202,0.21335068605486826,0.1859581311544675,0.1724250125355733,0.14684485646596815,0.20967484162441807,0.2141454890167281,0.2243877607983419,0.2328138171683109,0.16505233248000198,0.1874680659529587,0.17761865261447987,0.17169556852075715,0.1281445644497727,0.21098583714614125,0.18628063223623054,0.26750176636208534
2015-01-08,-0.16780860089088703,-0.22379388381467608,-0.21181764253733554,-0.2827648716346156,-0.21669489721025675,-0.24931548412681287,-0.2588633390638743,-0.22450530074295275,-0.25650026491363953,-0.21227770179075023,-0.2852534001371261,-0.2735571605547771,-0.2634001897352823,-0.18736846950529065,-0.2889381777002385,-0.2639954471244569,-0.2690310354430006,-0.24344243855021988,-0.2274864075867137,-0.22228405080124336,-0.2511347545846586,-0.1643958721912509,-0.20943323905211558,-0.34516807044184616,-0.32154020800992555,-0.2062101733343743,-0.17360260014211595,-0.20081718958743147,-0.2110891149715563,-0.2401653899761324,-0.16610645395172102,-0.17054726687087896,-0.2515266122829573,-0.2365926406666129,-0.16042789125491097,-0.21992953068292934,-0.21878649189877744,-0.22396740013864597,-0.1849409279339726,-0.321417782603569,-0.2075076898458383,-0.1782542835938762,-0.2708173989094512,-0.23144065181407267,-0.18438398873300804,-0.27368826177733213,-0.19196472413133833,-0.23376384259611438
2015-01-09,-0.010853484637019753,-0.05285360772479951,-0.09444773892571755,-0.1441498551193093,-0.05367036226100072,-0.07476524270913709,-0.0042068146453427685,-0.07887763996501009,-0.1103744523816414,-0.05865533197406531,-0.046711251034618,-0.1488084305172575,-0.1347752326887768,-0.033594755216248655,-0.11656547084909656,-0.04153139567433483,-0.1091054295625437,-0.06289725543121086,-0.08139374009580752,-0.054430344723715995,-0.1253563163288348,-0.030714168832146446,-0.12505575829273272,-0.20342030275325423,-0.136261086662491,-0.0900016268345217,-0.07533344052024436,-0.07507438811769925,-0.14106333617265546,-0.009849954749812234,-0.0176885560389794,-0.00014503117932545076,-0.11557005125810134,-0.11195429037616848,-0.005815559460451463,-0.0338962674048463,-0.08288126383638895,-0.07513879341114968,-0.1012575252865448,-0.12508032771949343,-0.013290628648809439,-0.03899120319302443,-0.22088729974796764,-0.08820948990973204,0.044557490314010274,-0.09453265849782258,-0.049736630059921766,-0.09124369484561977
2015-01-12,0.26574279966317943,0.20059853529225527,0.28082067938081445,0.15934567914011244,0.23399981966722058,0.24319110049746756,0.16889564215627276,0.2348122743155083,0.21532338128133305,0.24146266644535583,0.2043459406136292,0.2649403635396211,0.24897846828277465,0.260562745305512,0.20705237350836556,0.22823201185876604,0.21735380229314305,0.24183621429597785,0.24951517496470282,0.2555754282807325,0.22903206261929357,0.21380915282938645,0.23800579834113234,0.2113777775026785,0.2109075972387313,0.19167584633927545,0.26417323078891847,0.25889394532917004,0.22943041824543584,0.20461930321695793,0.24935869514988285,0.24930049229193155,0.232196485215942,0.22336491713073842,0.2281313495388666,0.2231740880882751,0.22462677417402727,0.26883327600587337,0.252004062751031,0.23078482737431938,0.19448151033609276,0.25243485931439197,0.2357161367578848,0.2238524853342323,0.18791842249317223,0.24711931633657552,0.2803507628637485,0.23651351522906902
2015-01-13,0.375983306276435,0.2695479307698985,0.37277022227395845,0.34474100532747026,0.48843361320141604,0.29295168161020924,0.10139427686041438,0.35416439063378236,0.4562183313253605,0.4316877349893037,0.3908255121266278,0.32344234601500244,0.35715134222093986,0.37065392819304,0.4287518301710052,0.4302808478737427,0.42342436037803477,0.3644281306826734,0.3628762134948402,0.2804676456522573,0.3026672652346243,0.39348805434159756,0.31565938351813494,0.5004601365300623,0.46769669822953064,0.36918120505782914,0.323486236694769,0.31908762726598894,0.41303228779808715,0.33074012567140687,0.2956232882046961,0.2891546607377949,0.41406514999042004,0.36549152552180036,0.3609893913374839,0.3780986462121412,0.35811025815931824,0.3783686693072268,0.33152634132635583,0.4274131644381248,0.36932241854925196,0.3703705470649819,0.34664194133733905,0.42808631388541424,0.3940457522181967,0.40268696833354306,0.2965626441662219,0.3460698997250935
2015-01-14,-0.1427983266205329,-0.051651696923553425,-0.09578377542883876,-0.19661657289135223,-0.07380981118918466,-0.11807403880637583,0.0016506785016214512,-0.0837691789153466,-0.13727668827685605,-0.1398147145416185,-0.1269356624657674,-0.0787050532009756,-0.14177786831596018,-0.1419114486456845,-0.14443993345832384,-0.11872476584117585,-0.12700245263062956,-0.1284699279671727,-0.12276461667012485,-0.11187018663589252,-0.11134397555129985,-0.11482326606801278,-0.12668424520232194,-0.13421197385489472,-0.1393987072290484,-0.138150208218732,-0.11838365892777264,-0.11310055688717494,-0.16769865422636238,-0.11127002929734531,-0.11064315589285323,-0.10426326393069744,-0.14944585631474352,-0.1394755159186399,-0.10991705138628019,-0.08566792788785686,-0.13639171859243227,-0.1414405779834062,-0.15910037464557025,-0.12438332402282017,-0.08575904875563312,-0.11004490684473063,-0.04195771133884632,-0.1291821973681671,-0.1003193046955863,-0.12596959043829672,-0.12320686297603366,-0.12070891081018847
2015-01-15,0.20220322432008025,0.13319720330145393,0.23047579157214307,-0.022710608235241445,0.10458820705518843,0.1673069100009256,0.20700403621524996,0.186537345546338,0.10963199102343167,0.19238846270267504,0.08322183298855952,0.10315067199041845,0.054751649851649854,0.10128175590872672,0.1278034946200429,0.1607178662111727,0.10995371932376159,0.15056450664473112,0.18710055081815152,0.1311301893449523,0.1432777823834763,0.20184076786787336,0.12333617064759676,0.07125643215606507,0.10236093143597569,0.050190578831392246,0.17772174912231692,0.2286109724051372,0.09027816604748072,0.23144242244302196,0.1857962859781624,0.14673798832814808,0.13710855185153217,0.1891251496579055,0.17829796812313253,0.17147684616617534,0.15190034182729945,0.17485246287233347,0.12659273583288372,0.10133983569927318,0.2020444086272582,0.25911925010076603,0.28793974877745737,0.22132039222417804,0.18852025225428898,0.1726121735241186,0.20914556675274223,0.11222341005972196
2015-01-16,-0.07891386375248201,-0.06749936919522881,-0.06566852899694631,-0.07885515813961,-0.10392337703627365,-0.09459397256662613,-0.02501029654286202,-0.11768251346388231,-0.13990708672775126,-0.12782985549216758,-0.13376701214938594,-0.1291264094301378,-0.11830693191244752,-0.07732811562760393,-0.13787742552596963,-0.10350452745556878,-0.13805648492669673,-0.11074498591511851,-0.06288527594311392,-0.0979269355707392,-0.08946559565212675,-0.05955327691962388,-0.13282279312913176,-0.18229815659178944,-0.14720032312641174,-0.13974296902668107,-0.1025598264450031,-0.05673604354882982,-0.07144132695793869,-0.023805742480787675,-0.027800719177763996,-0.05868280241703122,-0.11669901223323983,-0.05761254293031639,-0.0398213165517449,-0.08846160983324497,-0.08285389355394583,-0.08895709587348044,-0.13682837361296135,-0.14835420793217408,-0.09347696001969451,-0.05096252260237017,-0.22475177834679955,-0.1691496799224067,-0.08274231279683054,-0.1102504638555061,-0.05287939807125776,-0.08757330168912633
2015-01-19,0.07692734732756348,0.0597069110539541,-0.009020985985075915,0.163845103285932,0.1477996356932962,0.08459478365971929,0.14998741155313675,0.03640754389145234,0.08467610864336299,-0.025618100311689717,0.13162868965458377,0.20482770971408937,0.021742015237965092,-0.06206094552711556,0.049282940088080804,0.07971236278539766,-0.05098662544902378,0.14802364463027884,0.03255872503852685,0.05667547849648292,0.1573682261341047,-0.015143004140026485,0.08646233642782457,0.2451904727526593,0.23677330709507619,0.07611726283480126,-0.04412756919380532,0.031582094770877533,0.16073079506859408,0.060923856683953684,0.005229634726644727,-0.02305465891108837,0.06604026950223217,0.059356281101025164,-0.019200731243087032,0.07694755682948692,0.11263291095474647,-0.0008312679465855805,0.147789165710372,0.16645203201672573,0.11135971233357013,-0.05431315816321599,-0.029978822262998327,0.11339064553288776,0.013314652935893173,-0.04099120058807337,0.043158974029330374,0.03806659112039037
2015-01-20,-0.016968500285668594,-0.09691379604387224,-0.06049571845136782,0.04844255302710055,-0.06851857296171407,-0.019140088472663457,-0.06412127527687743,-0.10679923351184863,-0.0790916182903355,-0.02410076641562986,-0.031985847157814586,-0.08449783222589821,-0.09529820528551775,-0.06330055326726546,-0.07354000856701771,-0.07731218050212503,-0.08142336325876615,-0.028555880325031688,-0.03248968514094285,-0.024272485975448867,-0.11147773045895198,-0.04810214214047622,-0.07678841124302091,-0.0483484641907706,-0.07639896702641132,-0.03191991078486717,-0.02067252563328326,-0.05064300118605035,-0.04613204719182217,-0.03915107557248923,0.008620912342661605,0.011475196487389643,-0.06878401640309059,-0.06476508985695396,-0.006009446543981365,-0.04559523338036773,-0.025620410715059702,-0.04707748316247309,0.005896770958885223,-0.07279088813772132,-0.049859930471288304,-0.016340173987992725,-0.0719049797112603,-0.08891973389951842,-0.06471613256124624,-0.053729770981249696,-0.04080775109658841,-0.04116866245614621
2015-01-21,0.27669968955750235,0.16636789928633522,0.13506268640733635,0.08306388400872723,0.18760162047032383,0.21778005426179284,0.19331340172349162,0.18992697472894843,0.26914351830280525,0.14590810717936428,0.16651155284708488,0.22913620667166512,0.2655974268635527,0.121608007566437,0.28873042103816904,0.26567910456286115,0.22023235337837882,0.2553926347933295,0.18169819254078967,0.17398407826514078,0.26190372512434507,0.20535717141757903,0.15518935080620228,0.31355432976838055,0.32884991649727496,0.21929256780199857,0.14889721575345327,0.1269052491974892,0.1308882671246086,0.2285073867938568,0.07728014245561365,0.08940632859691791,0.23044304986060019,0.1822079401099677,0.11885950378127468,0.17869875124570386,0.21693473927738383,0.17268412355687032,0.18901179086922737,0.2973538147615408,0.1452202431815739,0.12882664326857027,0.07076999160654059,0.14722725122662889,0.104183103691081,0.19988574963257993,0.11567407350824552,0.2445320812743533
2015-01-22,0.13085989497570932,-0.040988596464003324,0.16794257838001975,0.10649537074396452,0.06602044557690834,0.029177640369161522,0.040371661426748806,0.07609160115594854,-0.05471186651341889,-0.0018253114998615845,0.009011217102203772,0.12010938944287282,-0.02600006214463059,0.07157443370729202,-0.07446589814504088,-0.039192617220301845,0.007770562098008053,-0.04988024733558835,0.0918174191343965,0.05484386166613937,0.09092676257658579,0.02743709411803381,0.024254295746220143,-0.14046551550781147,-0.1387269055092269,0.005116490072402424,0.13661200012439473,0.15136811360046493,-0.008212285989503904,0.007309946244917556,0.04347313799214121,0.10196563403046748,0.007985333871926126,0.06485187832090272,0.08143479476748669,0.009999316409292129,0.10680048472804446,0.15778069166963685,0.040676133362365564,-0.0691346362987204,-0.019426653823462165,0.09584463847380241,0.011050868593268707,-0.015123760991839666,-0.017604822421789068,0.0356536059410523,0.09637460771222062,-0.05100034179539718
2015-01-23,0.22129192723854194,0.16311905725769535,0.2204498152423201,0.13322388795049586,0.1464121239541689,0.25428067447703984,0.13816574299718024,0.19237055880037582,0.21148377033951418,0.18306845634955962,0.26196943770274683,0.15548688981949285,0.19724437730962227,0.22619969592467382,0.23636014741283096,0.2116156347946631,0.2028513228269731,0.24772607619619308,0.1987054649945658,0.23213507250102436,0.1746419240403016,0.2222043997462798,0.25622223096964364,0.20792687427133555,0.22392306594715794,0.2587089584186095,0.20894414949902393,0.2415626429968517,0.20028267212508818,0.22752916517024283,0.1728784829684587,0.20407500528949354,0.21556369594434702,0.2526899364789182,0.23448550721089978,0.21483204503088987,0.25363193087959984,0.22702483283245295,0.22505449249422899,0.2258235378054149,0.19626228233769194,0.1739144553950115,0.04873525270930187,0.17518906312285998,0.2119443118694374,0.22652886503099717,0.25506275862427596,0.25694256515747227
2015-01-26,0.20648595190151506,0.18010571284828103,0.20184708416312303,0.14868579268426385,0.12344490545010375,0.1933442974228649,0.12509490646632943,0.16889921607169872,0.21374882066333153,0.1641289760713051,0.19418222612020072,0.1577315897396787,0.20141412170805273,0.21546404053350918,0.18925945652722098,0.22166412245666128,0.21192978226400658,0.20142688973709558,0.21823614287102516,0.19350715966527135,0.1901399692898863,0.2127170317741283,0.18349432995841108,0.13058535488499617,0.19588120896923208,0.16725435662648824,0.210921610860107,0.18550575245677198,0.1782733896134728,0.19050281872226943,0.22127394191820726,0.21118730756977305,0.20334384229424188,0.2141281765210214,0.21583207967949106,0.1962536763937084,0.18728444431870322,0.18042012062138588,0.2099193438275333,0.18184307411093087,0.20275881750203273,0.22883891767953288,0.1014612875846379,0.11861070142701274,0.16031721234948465,0.17074679226576558,0.21926743972928459,0.2075211850073251
2015-01-27,0.05310204251080427,0.12830426838020592,0.09584708177871425,0.004250337992708351,0.041583601768648046,0.09031893146776185,0.06662358534466029,0.03934911289428184,0.06314251142475923,0.09936012585404994,0.08433521521108216,0.09984466686527242,0.029003066608927777,0.05920725925220757,0.0652029064182088,0.08946915853853246,0.05513930614944674,0.09319160224685875,0.07626237238340303,0.08769583583263629,0.03332522112662141,0.09997298501246552,0.08247399335691899,0.04325709441695565,0.07093534311529974,0.09789262400749821,0.06659030073074435,0.07601912792601043,0.06551286657262399,0.09159578225311396,0.09387896871654774,0.04300264951407752,0.06314713769572064,0.08834400074312587,0.06510867658336304,0.08669607432907875,0.08020200733897076,0.08220761754471931,0.1053579644115592,0.08986799179299598,0.07457037465124973,0.04257971095302553,0.04118581686443173,0.09223810345291543,0.07481556701220501,0.07546007960351454,0.07269503049625697,0.09036884649655612
2015-01-28,-0.03137127590153874,0.0647366594660475,0.01394035873090991,0.05005958527505824,-0.013151366244962904,0.022660043173899528,-0.015315297735646797,-0.03494386569612927,-0.020696759413972168,-0.035031862967718826,-0.0007069611310753885,-0.01044433153419955,-0.04531262895190164,0.001953837725123964,-0.04162768105912331,0.017225093043860044,-0.006251286400943696,-0.02138283983653478,0.003753555935034587,-0.006682323883814553,-0.0005478700185971014,-0.042222284092010905,-0.007103915331882015,-0.061722877204036956,-0.030677738083078707,0.0016286952639964645,-0.00946989847027004,0.016304353230391956,0.025372049481927828,-0.03859749252613844,0.016286952639964648,-0.037148271923406535,-0.038431938337215726,0.04338514069228188,-0.048467604576236674,-0.08106636784249067,-0.009029414952595785,-0.020118065492332395,-0.040672637224527096,-0.026553798151805606,-0.03755246278104669,0.00035845216280264066,0.0661035980453267,-0.033656719164234634,-0.041688334545755656,-0.01241159257193887,-0.010535311764148068,0.07165911149775897
2015-01-29,0.15489228482365083,0.09352608788642174,0.15151948621336037,0.10575279046325836,0.15200827576471762,0.18764645947197567,0.2770014379477741,0.1415849516114682,0.1685575446086413,0.07465770602724547,0.12595674714823674,0.17874601869482032,0.13428023540768008,0.1910689910376457,0.1783921109466896,0.12279116918536137,0.1695444172434217,0.1775044530461261,0.14970096804695415,0.153316403197127,0.11715953992997544,0.05484439801585647,0.17947794713914458,0.14205389821598208,0.14065358899254082,0.09642717695023277,0.13600732531268137,0.09984895498627588,0.1088774958000151,0.19225580020011387,0.12402394365507431,0.16553689551068532,0.16017452750866784,0.13421241774125334,0.12733972519025785,0.14047374658823875,0.16024360105780616,0.1510317013681724,0.1621872051422884,0.16968331787132537,0.13656493723663463,0.08301510311990216,0.2344841100237315,0.049602343577610876,0.12842355197037425,0.20118387039692462,0.14955327624006923,0.1345211137117662
2015-01-30,0.2589598789722504,0.2885222967239234,0.3055687992527121,0.27742266658497167,0.30036953643638936,0.265580512260161,0.1848022789943841,0.26065965709129874,0.28352388513898286,0.3028215123600941,0.25261892762085614,0.26276561208173116,0.2800696416844208,0.2600774868141985,0.27041883944781187,0.33091632408444016,0.2828989594017369,0.264694579353421,0.2894375618649494,0.2641308038673137,0.2989402114605883,0.3190730616240807,0.2617146232125682,0.3025570250950067,0.2933357660859081,0.24517770610993472,0.27158914588017213,0.25468880736630006,0.30241782127127653,0.2370914554207505,0.2967273678197916,0.26199402517305526,0.27099156375115896,0.2898511960840334,0.3076653082693915,0.2851699703545924,0.2564621646493201,0.2797962056020936,0.2665817854779918,0.2906426692532422,0.2680871754003311,0.30786715381380025,0.18964757468263402,0.340719753370639,0.2534056464054157,0.27621021567150117,0.26805635169650516,0.28868983846891294
2015-02-02,-0.08262226213377785,-0.10983348299977459,-0.07792113203047979,-0.01813664185600287,-0.07699766024887275,-0.1317633898759939,-0.11812645189145987,-0.1088172911711852,-0.11053199059232258,-0.08893542844265377,-0.11771518415170311,-0.07848664974330778,-0.095903352402338,-0.12205587439407785,-0.09711865618168575,-0.11781287578297406,-0.09600278408810996,-0.13544633951698712,-0.09648129907588751,-0.1326274512253522,-0.10218818068076892,-0.1408352883066127,-0.1344405880154038,-0.0730452507394375,-0.08322357525348377,-0.15128605563967412,-0.11346472816416642,-0.09850075661391591,-0.0973918447383442,-0.13376296107686791,-0.08679590714405572,-0.11884348520600037,-0.09542558315220376,-0.09503829673612199,-0.10805266150759885,-0.11665573953980292,-0.1454277892932049,-0.10534463954559965,-0.13042802233607653,-0.07811353234244853,-0.07233630281988346,-0.12149855979532603,-0.059209252439964936,-0.10008445478904875,-0.07243672882251313,-0.10864353430029872,-0.14350602338644744,-0.09497118034822592
2015-02-03,-0.06895658431299352,-0.0688803193290766,-0.0932152456165831,0.0210515180063591,-0.08298392900001127,-0.057737759162736005,0.06034701632297284,-0.038378754051693414,-0.033446623736962416,-0.06924983547695797,-0.009405932677728953,-0.027616042708474568,-0.007356126722903602,-0.007385648652161768,0.00676125984835155,-0.04841719406377858,-0.019874900824829046,-0.05801329716914556,-0.0728401941069053,-0.07447128069841899,0.09500279843316509,-0.06619480783089206,-0.011757354343141903,0.07161455081968139,-0.007181455308126116,-0.06117706392131238,-0.07558130523852605,-0.12495033550480335,-0.07105657754755774,-0.10124767053557589,-0.09716773991209728,-0.08504947998377431,-0.04588618066204511,-0.07598378754074572,-0.06424340830692725,-0.04977963109904295,-0.0636106549564939,-0.049973983799992544,-0.1136557374027832,0.01350308442660814,0.010700961307853848,-0.05325436217272913,-0.007436255021127943,-0.06970201302676222,-0.03705715568523616,-0.06311763873788252,-0.06312649531665995,-0.09105571649134823
2015-02-04,0.1682212181236189,0.15513860574896524,0.16908768472227867,0.17372965429023543,0.08342803905102533,0.16677144876930255,0.11940973767594291,0.1563271066399719,0.1919634361920062,0.14210814866077265,0.19693196527392928,0.14746956449966891,0.1276210337842028,0.15567172134217813,0.19565612887965056,0.1394029621988581,0.1664796743837232,0.15985324683264387,0.15552066782384277,0.16489115228618026,0.1420643579013855,0.14888415363717425,0.20649434182796317,0.18651222469481613,0.19152405250512194,0.17857871678068182,0.13667637238825434,0.1297008488395889,0.13846318298055021,0.14479685208404147,0.16584101814007732,0.1482196657658,0.18148686603189063,0.18444840064707135,0.16947319101418667,0.19668521172524792,0.19168051836450514,0.17100955782526853,0.16738181323019832,0.18111513660810444,0.16374988637159116,0.1727252699374359,0.10885522854543128,0.150496293222926,0.16848789892797641,0.19244193634373627,0.16988329885631212,0.1649925106730763
2015-02-05,0.24695608109246892,0.25572034560258333,0.25928441262726676,0.15347432025841257,0.26068894346345367,0.25199236603686925,0.17785371162237715,0.2311541866086217,0.26239509539005307,0.2707361732443323,0.24279562900440507,0.20693150363975002,0.2838249540372583,0.15666952258650413,0.26778195949745337,0.27970263512131033,0.2694093848751685,0.24930508449480074,0.25554957594410804,0.24370541268494794,0.1882816762500175,0.25850747999796597,0.2767154546320861,0.29109362868345584,0.2847615539485149,0.21134978517540953,0.2489094835866577,0.2562121090570615,0.24556508138187153,0.22295899889024345,0.2564586215632551,0.2841851279984035,0.2821566892623094,0.28558793669133353,0.2559985632932132,0.26560394031847934,0.24688129087102892,0.25640917144973724,0.23912401958081897,0.2619876854995774,0.27846835044708546,0.25513453941920927,0.16390299596661853,0.229080234086454,0.24348916069598167,0.2647888745170628,0.24481299681956226,0.1907158027333303
2015-02-06,0.2533041906240714,0.2893076228733577,0.28354302499924594,0.18973135639493027,0.31800006964754357,0.2848978982955777,0.24525217369220628,0.30990208256943197,0.28907554479004793,0.28040334351496804,0.27299371449166365,0.2642788571202744,0.2894625825904586,0.2778608473790199,0.2940417265790036,0.2938147093884764,0.30938394354646626,0.2815627699519392,0.28827953865383593,0.2706982381224782,0.3119948822324247,0.28317092888228823,0.28121308636016096,0.3496211741006186,0.30709087712622485,0.2387073708649963,0.27403649939974395,0.294773869068199,0.2734067797406698,0.26406509464893924,0.26581278962314736,0.26794390747435015,0.28816000518621226,0.3257906349625054,0.25172109516274027,0.28217176405009475,0.28326298893195,0.28960910748625546,0.29229065767627394,0.30812185328447944,0.2944234624917375,0.28957657317551105,0.17483132639252316,0.29513246947107014,0.2577999503791531,0.2964109473858763,0.2797003614079954,0.2663082751260393
2015-02-09,0.13759609163420333,0.09799484908162738,0.14251627157341057,-0.019142373004016937,0.10140655945240462,0.10909158407750878,0.1496365289310344,0.12536420858475023,0.13832779216300242,0.09793170496484695,0.08775682587234382,0.13220257182722225,0.09669918964723216,0.08840079946027238,0.13565163845029327,0.13366645490097903,0.14815200450010282,0.11892206262467138,0.11494759838869457,0.11821783701691417,0.15195125586241795,0.09443997991173725,0.12881110613510743,0.12461973462774747,0.1434663254220687,0.08628836364508005,0.15171892407395868,0.09902636366109378,0.13704442414065227,0.08159497230850783,0.10681863688149293,0.06370421955674826,0.12221736609313968,0.10744284780691771,0.11839811106024146,0.1125589673146077,0.11360277330611919,0.11764086367503504,0.09963346301288721,0.1500687417548917,0.11150793108071681,0.07696279702408151,0.12426318877074286,0.08989794164897458,0.1418833843571305,0.12002756668448739,0.11228638717690292,0.13733435686006767
2015-02-10,0.010736429924317722,0.0760888740259307,0.09138738292819082,0.1500141829086387,0.10065903123455114,0.08381838057952536,0.14338919835994657,0.09200023907403909,0.07192540458995958,0.1345572301188313,0.019623205535074534,0.1736732616471385,0.07673016785373338,0.03979781290329921,0.09942681201562777,0.1097147459559016,0.0954744562185725,0.06813066103017718,0.06388332453217098,0.06759492402183243,0.13744100386685343,0.07072355103142822,0.04613772899800238,0.15836222088503404,0.07586956647865507,0.06680445286242137,0.07898301065805487,0.05803504293905273,0.05129290234280777,0.02690831305880518,0.053881213395269564,0.08542968855873946,0.08743068917965102,0.1080349947421531,0.06777591299766099,0.09791310794481654,0.03985035031572348,0.0815761416566106,0.04316382225802302,0.10243156641060851,0.11268985768240444,0.07872996348812145,0.11303290473649276,0.08195185645463557,0.10518062266530419,0.09733664239197774,0.04789990128995775,0.053180393233206356
2015-02-11,0.2127730439855207,0.20132357927763264,0.27508416678318914,0.2004096796154112,0.19397590789350425,0.24376725502518773,0.2713561312095069,0.18865146654162823,0.24464522270023792,0.2388592638908486,0.2577660555667651,0.20292958757054658,0.28832766930291437,0.20824246086082432,0.2624089452894778,0.27861652259247016,0.2382136214528965,0.263636123824025,0.2601613673214519,0.2296469898368288,0.20320119601682207,0.21848212338553838,0.21028157271879844,0.31580639462313115,0.2831866299276272,0.21514256860289474,0.2022475539388167,0.21635914308097692,0.2388944500782099,0.21076960031747446,0.24371230673259603,0.2475374791010827,0.2475290440561673,0.24388076662962052,0.20559482076252578,0.25044154456480905,0.20870470132218757,0.2434838375160307,0.2546834081521159,0.28119836934042874,0.23940392679109934,0.2121989789287077,0.19623317413356087,0.20757271829454255,0.22172696466384634,0.24173031217876323,0.2135481041126032,0.20450091593764166
2015-02-12,0.08777458319658421,0.11218782201757123,0.12711665488472548,0.062341416586233225,0.07673184395807985,0.142624992942117,0.1650573589806018,0.12196831129549159,0.10376259571816372,0.07731621893983172,0.12764892309727113,0.14319378459102214,0.1784544840107781,0.07629843251328053,0.1051568170287934,0.1012293301722694,0.10952112418417688,0.15014200312405182,0.17008477333463706,0.10939743147970607,0.10032354895055402,0.07138383891674738,0.11861692077514463,0.11028373353536307,0.11895683222286363,0.09417154133016127,0.15368818530498268,0.0592497793998214,0.10591358263016205,0.08882256233052589,0.06786346663084386,0.13318051927870397,0.13063410529572025,0.1486206802548911,0.07321195865132779,0.11286667095470629,0.14867035212834004,0.11777688173887632,0.16921454159097823,0.12925887617199752,0.03010359020579577,0.11668653541875765,0.1513270003689322,0.11932352752391293,0.10382541602870206,0.12549404035206113,0.12122761600612107,0.06306477407235815
2015-02-13,0.135328285556705,0.048328845145778676,0.07412868252278924,0.12505047488883014,0.13417197547268295,0.07629284770714065,0.009305372392989583,0.08156058964473006,0.0855698381978336,0.041252169591959695,0.061092599766448936,0.03531107826404981,-0.01641054165514747,0.09669335804737964,0.11347166318485677,0.11812437733286212,0.12570859541209803,0.0928465423822775,0.06144397536096835,0.10061632919112931,0.0952589358672839,0.11444336853266353,0.07158566793200127,0.13970746126060393,0.09733296766867904,0.16268834625258985,0.11451711402780959,0.1171835197738746,0.11527288485388153,0.10018590613776053,0.13670004816576162,0.10121978905990614,0.09075274871617005,0.08603496501362407,0.0930350030920952,0.11720087165508544,0.08405395857538703,0.10181698297157905,0.10129305255835189,0.08812634869623001,0.16492095496838396,0.08343748479570208,-0.024377369047745807,0.050110304950091104,0.12727219270787443,0.089005510677579,0.09834226875910927,0.055456130353129275
2015-02-16,-0.07581008532494178,-0.0780851590961379,-0.06849514474196038,0.17648232712237155,-0.06692765747417864,-0.10469966616189315,-0.15069837601376568,-0.09489756865955329,-0.09418998215613889,-0.11145547844517381,-0.10353706490423956,-0.07330943220524572,-0.11047603990638771,-0.12555129568349147,-0.09502867460569,-0.10023435187876586,-0.10303192140588924,-0.10135646453540667,-0.07233192169507925,-0.09643999155527946,-0.08774843853786242,-0.11810524915437333,-0.08275484441294893,-0.09643109510197669,-0.0911976817384301,-0.12591569309260678,-0.08017707014846655,-0.09379473628910906,-0.12168945435831706,-0.05926952779689816,-0.09892714847463792,-0.09103187127713953,-0.09035513323163967,-0.09545091287339504,-0.10101327544110758,-0.11534238414240382,-0.10095543458251785,-0.08776193473820003,-0.12178007170344093,-0.11794907883618104,-0.10923824553256743,-0.11467335821138258,0.017478595842592138,-0.08201640945162,-0.09634744618153589,-0.11399469213726306,-0.1303790793471144,-0.03755028539645387
2015-02-17,-0.05784680997145172,-0.04593541471085681,-0.12274058492792679,-0.020995594004694446,-0.07972228595505639,-0.10148207988692334,-0.06409276310648133,-0.06582887154135506,-0.05242517781334345,-0.09011439026949579,-0.03890580203359412,-0.13587820993694164,-0.060322405878639136,-0.03265897123975671,0.005492969423346529,-0.0760243163678403,-0.045164201032605295,-0.06286355494847792,-0.08139196356847096,-0.08795884803878273,-0.0673558746242931,-0.09870185457682656,-0.027387725748907493,0.018671101149669578,-0.02355093769960613,-0.09041901967240513,-0.06354607905373053,-0.08251022340193567,-0.016386362628649405,-0.17709186890270345,-0.09063495950231555,-0.05253700379668993,-0.05526324414930908,-0.14084868209327275,-0.05000742293202491,-0.05669384552246568,-0.09940751509242675,-0.09386634481418947,-0.066172061628177,-0.025644782836059036,-0.0699240161728707,-0.11252585975948527,-0.02843764563609577,-0.07768628184447235,-0.03715129091557188,-0.057326240738631934,-0.0909588692471812,-0.05556787355221844
2015-02-25,-0.07653379726181418,-0.13413581647717948,-0.09179776255621526,-0.1044087774373351,-0.10300863269201203,-0.12486901149612312,-0.0856695896192687,-0.10076669326684727,-0.14984515149182503,-0.06349135924220656,-0.10223374216287603,-0.08971935955554144,-0.05669633636024168,-0.1393372058264191,-0.1512713848834271,-0.11298611863734133,-0.13955284639942597,-0.1435152419284278,-0.09247641015599914,-0.1193992788201848,-0.11722984297126304,-0.10676903871004169,-0.11099120479657061,-0.10715782785495559,-0.14272376469254627,-0.10973576637208463,-0.06656161346252937,-0.07160722120615987,-0.14524329748506032,-0.11323587049568005,-0.06377808487135954,-0.0778562655546795,-0.12109124628073564,-0.09219397825506974,-0.09828081509292051,-0.07822075537277082,-0.09862956124085864,-0.10877182438588898,-0.10344473890315656,-0.1302574018762701,-0.10665024556252241,-0.06536390182860496,-0.05258453578997259,-0.1056209249984246,-0.048902658533728674,-0.13304856376205965,-0.08519591687199071,-0.14121582982186406
2015-02-26,-0.0980870180514244,-0.14516279072339763,-0.08633795709398633,0.014457456181800696,-0.07442550051525797,-0.09675478944597811,-0.1289295921519537,-0.08923377093679434,-0.09402719115429194,-0.10775435131460685,-0.05908896578418142,-0.01896931584513181,-0.10219336958547093,-0.09515168078399751,-0.11128928785308122,-0.09551028356346641,-0.10712631445755313,-0.09730377945379408,-0.10001306201212026,-0.06998779111933033,-0.09506299407509661,-0.08098687099497591,-0.10361017564542191,-0.10141871242015901,-0.10569479529757647,-0.12588885531291052,-0.0854274723488025,-0.11133989711631272,-0.07218471513656051,-0.08577547128264196,-0.06919250269712109,-0.10313878650789422,-0.10263703181242767,-0.07642577139536004,-0.08885396046606651,-0.06340906889221873,-0.10745696164399891,-0.10238205752433753,-0.09637931691209871,-0.10002896778056446,-0.10422905463579565,-0.09345265551836865,-0.11157041727661336,-0.10333158370115707,-0.06795426272339042,-0.09714279379741961,-0.0884066709776967,-0.08747064060440557
2015-02-27,0.07961844724338651,-0.0135390931675418,0.034288271585822566,0.029246650820692208,0.011996243853575929,0.055278444898506,0.0005916474562195598,0.09846786290909107,0.01830091128604408,0.02884588388552715,0.005819303715141185,0.024399287088903557,0.0037267450470428332,0.023195276596467834,-0.024398082114431542,-0.061191977617358624,0.024865853204467117,0.02237637594528757,0.035210559046701576,0.07192974613236383,-0.012799961826408818,0.00044559955975053013,0.061136307796751624,-0.09000605017682464,-0.04593338587825381,0.006046802895457302,0.06348480304270561,0.044595864214319006,0.06491920465419027,0.09093363952538049,0.07929093518189327,0.10301688253583578,0.017715534687540006,0.024455920889088184,0.07409797719730463,-0.017795785987376092,0.028743702050300426,0.018221864960680012,0.06772534920461491,-0.03406896623191614,0.0030897955411365854,0.027688385407711145,0.045047712704874655,0.06321055085287537,0.03445889597105965,0.018221864960680012,0.08640992436254805,0.06351709635855556
2015-03-02,-0.00958681518340096,0.05389273835247023,0.016506305973152016,0.008271796387450283,-0.021754127173321737,-0.05855995969803935,0.05318462502525682,-0.026137012024772577,-0.09814952283211975,-0.048524217264696606,-0.061150475072304956,-0.036627406603911845,-0.055591601197361534,-0.012760315785539957,-0.1057164039281099,-0.03721086890643981,-0.058646787285169436,-0.07315415045571134,-0.0050512664424906374,-0.07198817999996455,0.016789211243306623,0.009493785625761586,-0.04674520587783908,-0.09032337320673041,-0.1037112591549905,-0.04083663628110253,0.004830857952083508,-0.010497073624303126,0.026365053709652683,-0.017808242705448667,0.032156740016021805,0.00783356582788971,-0.08070671931206469,0.028492329594339658,-0.00035303524437505396,-0.02676245689690189,-0.07026116975045416,0.012005583682024638,-0.049176378317481326,-0.08479715740026972,-0.013083772401332237,-0.021693538692192503,-0.013553178305399365,0.02242441706297978,-0.05383692061788661,-0.06351819658289062,-0.022109070716315037,-0.018150305232768824
2015-03-03,-0.07842937843440374,-0.1198127807063352,-0.05703987658169509,-0.10319119465641227,-0.11138181532055234,-0.073986878550985,0.03235903022721202,-0.09912481499123271,-0.09824205069303577,-0.086641520456069,-0.04430956227976864,-0.0370387463156402,-0.07479059652381789,-0.061412005955948264,-0.11241978033074461,-0.06921807158054502,-0.06232127969252953,-0.09198365428029291,-0.060378860843644036,-0.054289401851877465,-0.021565910115411407,-0.03943616352515793,-0.01044182678467873,-0.07593339431307533,-0.0982914546463883,-0.0969630907884408,-0.09806178651202256,-0.0654371026822616,-0.03251213921407491,-0.06943424400082422,-0.0638111101297268,-0.06599259591385974,-0.07857060144252372,-0.07520366177282405,-0.06684957375835562,-0.019567580451024497,-0.08007416858870195,-0.0884398243581017,-0.06820420605979302,-0.12400199495573677,-0.038501585324664384,-0.06819745820274975,-0.12413202571024966,-0.08954213500509949,-0.07528656401649858,-0.07196854631036266,-0.053899472112733944,-0.01915355122244072
2015-03-04,0.22429569373692038,0.2264475423348939,0.16054299172557288,0.15586045760895212,0.19724250567396623,0.21381696948017412,0.1754475493155914,0.15311430620283412,0.21860747753600546,0.18736795707352188,0.2764582003599443,0.2055742012422428,0.21141617255632908,0.14736343117836972,0.24223515591460568,0.19243874286699944,0.19643396585470302,0.23595505482662357,0.18010387146033804,0.20724839680838927,0.23487949202084957,0.1762358940835349,0.1958056906508821,0.22786269522208236,0.2489774863240027,0.22923778794664637,0.20158138820929108,0.1916063444956924,0.22081670966492245,0.1852785263036226,0.15493358104504515,0.15303670565982289,0.19018736313777232,0.20850976712553496,0.19771509780081425,0.17570353507883968,0.20714717870880942,0.20556166947753288,0.2118104411537403,0.25413021057904495,0.18697176051230915,0.15835210186061852,0.17106993094143463,0.16142768611499622,0.1698808434027686,0.1922946275728357,0.19656048847917792,0.22625667391854326
2015-03-05,0.07513233694813622,0.08028735667905401,0.07159606003174905,0.058481554976554856,0.06691184787004516,0.04343137681387937,0.022462313195462328,0.08541105552627547,0.07843296150147437,0.09758965913688673,0.04682670975363279,0.04217456421095138,0.06167628872390806,0.06280508342918811,0.07755697107174372,0.07507789826933058,0.07433266010011023,0.061020787372262277,0.04383183668399744,0.03151800640091923,0.07155479601037128,0.09141323058764791,0.0898484292950388,0.049246372308399594,0.05083603144521219,0.04481049001028847,0.045775471522267595,0.045918652704879645,0.12583239598555535,0.06690314762457394,0.04254345461893104,0.04992325140606038,0.06735257744777287,0.08560320666196837,0.07782170711251078,0.055894354162178465,0.04978429605696292,0.049485504769637076,0.09283932510960158,0.04416542895320815,0.0776797688221089,0.0876166920424503,-0.047190677854527345,0.0361142217941428,0.04130230245785125,0.0697488736289884,0.057799210763491184,-0.009682130317255715
2015-03-06,0.24877534343007482,0.10827215695394046,0.2423923263619441,0.14023049566175988,0.23860522203010476,0.2636132853186094,0.25031029298566715,0.23177078510856938,0.26664446025936744,0.22736819864180158,0.24023217298854838,0.1978161073135186,0.24749068604990118,0.3042331175901688,0.2282904275273365,0.25239763974274715,0.26169673957535494,0.26155455226470103,0.2906967364683891,0.25707490624146,0.23856694083108254,0.2381806487318585,0.2974404419766576,0.2415213348130449,0.24581998514971787,0.24225212768500567,0.28899073731975683,0.2936309655155196,0.27101249421532947,0.29736785684604405,0.2441154774763721,0.21564992589436216,0.22586827166193163,0.2476830863618699,0.2926784099658242,0.28000783024790393,0.24950591774128428,0.26292248368170873,0.27167495782178513,0.24110940903627148,0.2894707437828209,0.2790157506031142,0.08543739297080144,0.23831090424021975,0.2756798175454651,0.27235904781989617,0.23930646399401145,0.24015411911521742
2015-03-09,0.12654693010170745,0.0658423589245634,0.09973616067469333,0.007133275573768612,0.08107268663320343,0.10502352584743502,0.06672666402164928,0.13422384384707334,0.10514136727297677,0.060727942649850646,0.09740491777608455,0.07697259227395753,0.08144097183995916,0.10259043253092585,0.09698890556190691,0.05663153852313739,0.10599873129805609,0.10908597983484816,0.10732623094779152,0.10532489483759921,0.11902229995218779,0.07477616587054056,0.1340754964992619,0.08377517722958956,0.10910197084248952,0.11626052992477302,0.08908221333750971,0.07179962430972717,0.11624996555782545,0.06976409204473254,0.06858887599084333,0.12859943743635216,0.11507276708027289,0.06967306630892785,0.11348793521526258,0.08454076716736215,0.10180588909449027,0.09531993639515278,0.08050832707121434,0.11352311543207357,0.0025915272999097686,0.10357375649311867,0.04908669095082556,0.12021252295170967,0.11641502766013882,0.08331241176500317,0.1019805601010344,0.13842849479474356
2015-03-10,0.16858768320560763,0.10642089660591522,0.11360161386580989,-0.04351853845246156,0.05759827513202501,0.0938155248448325,0.06579352166535049,0.1290258378388932,0.11427422182074178,0.1057236870432682,0.12319279664963383,0.11879599731878426,0.1889848761622291,0.046842691170009707,0.11714916569833289,0.09269319950086788,0.0803830470323668,0.0926774544719302,0.09951079703088708,0.11123739936438508,0.14200269387647452,0.12335172303547363,0.08808089008643367,0.09673845375704702,0.09486502942996031,0.0958028427160614,0.0977537502078719,0.07419180643477502,0.13934326008246806,0.10268834068337439,0.0899122337647486,0.1334605236456241,0.11335608982081281,0.08033187568831932,0.13593052506022402,0.12295760527987712,0.11656856775625561,0.09712050482528423,0.06506559403676719,0.11073060624545321,0.11486662853452233,0.09659550651664316,0.04932884894023321,0.07453770503924986,0.12857415232124328,0.09904779477368818,0.09712148888959282,0.13063379891915466
2015-03-11,0.08317582154018933,0.1095221752744856,0.10126390759666785,0.06112214428273411,0.05472947457132885,0.09498360917914728,0.14397318216098365,0.0658494012585715,0.11786310435422621,0.1163889760199351,0.0877458161893535,0.10138199531370054,0.10528577842593873,0.0619269209244698,0.10418953078615216,0.12651794994841198,0.11601011126112196,0.10170132418184304,0.10817400717169601,0.0832383096237858,0.09451765472902254,0.13730231070642013,0.08687245911546607,0.11198556180518666,0.09371219809242891,0.06413220904005483,0.11516676814864701,0.12817413017979512,0.10442275402729166,0.09708458647802012,0.09903057364828759,0.08674453075534734,0.09158219089645221,0.11085607444480042,0.0893075262471105,0.08741320245304483,0.12287691200657146,0.09921705383476834,0.09308239693492137,0.09764451906961667,0.11929639401971019,0.07901765780417662,0.14208186331588468,0.10629690450303092,0.19564010308132837,0.12037246834117034,0.10413786740995037,0.07191960194620481
2015-03-12,0.20227079830738368,0.22619352192522926,0.27524203438837586,0.16530174962958954,0.27747100460515095,0.26229004735102296,0.33696497205818277,0.2106851481851482,0.26839116168384464,0.23305454707893733,0.23379567586884664,0.23645612517563738,0.27460801393728224,0.27843548727695067,0.27753851839217697,0.2944753417314393,0.25957172908392423,0.26243878073146365,0.2808461863339912,0.2547056601934651,0.2667616935909619,0.28102080845983285,0.2573305759281369,0.31418023033876696,0.2826685509612339,0.23780741616107468,0.24096076687540102,0.23023622718744668,0.23723227991520673,0.21635782916270724,0.2724541718444157,0.23302002875173605,0.2716688799005872,0.27100694021425725,0.24935836521202373,0.25257110775403463,0.24715934472032033,0.25091219755853905,0.24548266773876534,0.2926590685737027,0.26428145025706,0.26763429659771126,0.13196203789032412,0.25219699000186807,0.2698536219877683,0.26207075444880323,0.2358652526335453,0.20753484320557494
2015-03-13,0.0769129244739001,0.07929976527537504,0.07033566027468466,0.059087896806364025,0.04177479025040001,0.04822565645736377,0.11136125974504801,0.06001874142118046,0.055502932027322274,0.07778857321540247,0.05983802782583271,0.05985173363222144,0.043946399129325964,0.06457820634649904,0.06008320947345337,0.09722696003183808,0.05534861479983431,0.05940604111335819,0.08103228072740269,0.07563777685728906,0.10315548272865346,0.06391271330295721,0.05852074754513778,0.05418514412416853,0.06175582547533767,0.04239053629297532,0.0747022286656433,0.06523506980824055,0.12301671905330443,0.04614389675365286,0.0498140071310803,0.0500764479423016,0.06057763374836546,0.08076374844667528,0.07202655068508727,0.09071924010948401,0.08277748674090138,0.059728888997181685,0.0768672384526043,0.06617264848972167,0.048534798534798536,0.07099607709363807,-0.012084318353275177,0.14487900311071042,0.06275482647433867,0.07463268438878194,0.057428344013709866,0.0777865427255671
2015-03-16,0.11079701959513073,0.09518051632584938,0.08060108613481343,0.1190964508709476,0.04231821620385113,0.1202626591888861,0.061516201898982034,0.07774494728275869,0.08947534533886936,0.10266947331231759,0.06786077281234482,-0.011658823262164214,0.12540030805081553,0.03535541009628716,0.07792388426762482,0.08299604980743303,0.04995362232545091,0.11615345382011634,0.09295738292096647,0.11508033953357165,0.09924022848603915,0.11589431245621803,0.11337320455455095,0.008578318463791135,0.09451654589689931,0.08783318605931775,0.10403853160503804,0.13806244748486032,0.018316548155814582,0.17032821230912562,0.10162351683766038,0.07781119203885807,0.10136945170028308,0.043888546878130215,0.06533738060874328,0.09239620607906715,0.07527460164630187,0.06447594496812534,0.1102802597352904,0.09265077883909656,0.0735354864401987,0.052163557541379156,0.027226818194915403,0.04447561247528676,0.10899572061414502,0.07334944273820312,0.08139297747209333,0.07291009533280841
2015-03-17,-0.039702449905924246,-0.07191589245412716,-0.0782038565387265,0.028953305995268852,-0.10020487788292767,-0.11176403104111059,-0.10515019661862227,-0.09260622329486218,-0.10739134010506966,-0.10290950956475098,-0.0312738266992812,-0.1130473097369907,-0.09283414739867948,-0.054517009027983426,-0.09019347660122362,-0.09619970821896637,-0.10670553728935207,-0.07603578560909675,-0.090241193451466,-0.10818425202079941,-0.05041691328960377,-0.1138925071375605,-0.0814907353187201,-0.09938946489884998,-0.10198207674142305,-0.09268389008302264,-0.053670288749214416,-0.042847193387323526,-0.03170530885572823,-0.07420833177002695,-0.09767080855941755,-0.031076867785514783,-0.09868149205763645,-0.11006754472717413,-0.13929208499636508,-0.09375041244854643,-0.0456299994833737,-0.054024104117501,-0.12339932810925473,-0.09322958810441154,-0.13895349841007076,-0.11937892966330116,-0.11482461664230338,-0.04709703881529363,-0.05554089080392893,-0.1043877166701319,-0.0690843542557018,-0.04682393599156598
2015-03-18,0.14547503742506163,0.08672855295645054,0.10917550738861946,0.12363081802911523,0.15865421185374717,0.14577979557983112,0.12283168401234976,0.09767399428663805,0.1443974463965741,0.08251811769912142,0.11502681424434448,0.1430489039906814,0.12391252794776204,0.083383670631346,0.13599074489889942,0.11906622698088941,0.12768968958048824,0.13693360597642035,0.1464280902516409,0.1616702238372856,0.06667467091903351,0.1100502577529211,0.10936219040185917,0.1302635114672565,0.14813135524061358,0.14107642767902084,0.13645086508199755,0.085009378895777,0.09093525952509977,0.14087234411860833,0.11674151387860214,0.14985077788053244,0.1473505678310451,0.1028899325913102,0.1254079806876423,0.07859280283618103,0.12276757194379122,0.13551794717428964,0.11718473067301811,0.1363598850782083,0.11872840778649159,0.09333404924249415,0.09778101236274155,0.09247321931593076,0.1555044642362234,0.12306288408723831,0.12290081041928587,0.17942077058751338
2015-03-19,-0.05802278533474538,-0.014255834969160774,-0.04784508180691796,-0.09557442852245063,0.0038500422289033677,-0.027587390243406413,-0.016511919529921145,-0.03395418957764516,-0.03346509373235495,-0.03453996414593125,0.014594599288076668,-0.022894973082233223,-0.03595048857098121,-0.044999668881853916,-0.015046112251773292,-0.037725178159058584,-0.05619392455871588,-0.03792605218136908,-0.04790340007145972,-0.011713417827427021,-0.07105160401794759,-0.05718274313305722,-0.01441083195669842,-0.017340743814569667,-0.02390037996293311,-0.02673698035024417,-0.05090899382979844,-0.03770288762238929,-0.04245206789438312,-0.023297757896001622,-0.05094242963480238,-0.04221024149074997,-0.028870132871038214,-0.046417191498648896,-0.02954817989344371,-0.07869829486466275,-0.021799885670282453,-0.02624814369724082,-0.04014085027252159,-0.01394635937865918,0.00851731773825189,-0.05336276720942872,-0.011445487945846874,-0.019058149659959316,-0.08334302064505514,-0.026344044843376154,-0.03370847528970922,-0.02116901164408407
2015-03-20,0.15563078200756778,0.12323313698280473,0.15013794294767524,0.14301198560179468,0.15689652541252527,0.1376274736338735,0.08531161360864736,0.16824307505627695,0.17359279662478827,0.2063785003672212,0.17949731385362105,0.09148439384548694,0.13045364525765038,0.15240884307077426,0.17900381762061163,0.18303675567523198,0.1845815525400869,0.178653974863902,0.16383746726155457,0.1459244408895918,0.09549937809294481,0.16752902649712767,0.15264916760379252,0.18651902481588206,0.17477107934056835,0.12645199812408467,0.1782300085319071,0.13383588604410923,0.13313696997956836,0.14164553567684496,0.15764827696671582,0.18617251633764545,0.16446944127367522,0.1388090906281266,0.1772515260415499,0.18358409031072934,0.1530210678950161,0.15215979811713418,0.16615376486847883,0.16640101444140265,0.19014902814118362,0.18499654196850052,0.10174033996014682,0.14741537633295917,0.17027672844187125,0.17830079782871933,0.17570313841526247,0.16886735457961363
2015-03-23,-0.04514535528656195,-0.05093341202230571,-0.0710762921289237,-0.05015564954688743,-0.09127586149408999,-0.07056691703675015,-0.05571988500185318,-0.03745240638693783,-0.0723279288105989,-0.08700901152762514,-0.06754452223001645,-0.022190646324150815,-0.06635700627998445,-0.07890107325280624,-0.06987236127159104,-0.09171444729852946,-0.07378526479938546,-0.08914192354500441,-0.07979773756410469,-0.06965435078400418,-0.028877669185756474,-0.10879364537901122,-0.0631853384099854,-0.05281471452997809,-0.07477785372522214,-0.07218686320098386,-0.1266417792733582,-0.029694310823964225,-0.10355728995010124,-0.05791051054208949,-0.10637193358631099,-0.08665660398651413,-0.07362881021417607,-0.05430795135544814,-0.14315620194952672,-0.10025378985584375,-0.0648750479302469,-0.0706351414952185,-0.06699000614276608,-0.07471629782284467,-0.12030049539677266,-0.10550502129449496,-0.1753031150389873,-0.11156468691770362,-0.16761133603238865,-0.06809544755629479,-0.07413510751123074,-0.05762632745944684
2015-03-24,0.24725147016320234,0.3549043620167068,0.35135542958195093,0.38530062216316546,0.3244152044472825,0.29429454709784775,0.3240423104022079,0.25658998579563913,0.2988610907722874,0.28956546094131497,0.2721961818939331,0.3368790890432228,0.3137054020766661,0.3407869915198651,0.2818423104973669,0.37576539243022544,0.3195076921784846,0.31205297508444274,0.35865766382634195,0.3102184157995809,0.2967268603315145,0.3598076386507921,0.24517071461067505,0.35269600796846473,0.31530382472630475,0.30314119964929276,0.31190737514119976,0.32171975240710016,0.26728549289910075,0.2445819613856342,0.3431187084291094,0.30707981047760075,0.3065741815837933,0.3528993184346659,0.310947474424474,0.2765604740108497,0.32110346755642794,0.34837248383565605,0.3149623266776076,0.29233238931727107,0.31737557955506795,0.34440104683832595,0.1855895475689456,0.3469641352937419,0.25524517177441286,0.29678933594352425,0.3015756031686761,0.2731629655170666
2015-03-25,0.048624000998880784,0.11752143738361315,0.033934747875560264,0.021259762892537983,0.02730118197366858,0.001832715170356617,-0.013079198829792188,0.022579749781943857,0.01248591810051565,-0.019281497823620427,0.02766147741594149,0.020285083438357093,0.036153172420929094,0.012141506366204808,0.012619341247397022,-0.021443005748791853,0.002296254714382969,0.021944666191927167,0.014085142763829868,0.03222433725651156,0.059218169481114136,0.004696547715917485,0.041638346237163254,0.027730042088644418,0.007418750532149911,0.0003409702642523939,0.014597127617140528,-0.010973789102526773,0.008225378168156933,0.03236384915811173,-0.008232790565205898,0.012596045142385989,0.014846501832144995,0.0478975860880822,0.03276729534034826,0.014904212637740508,0.010560812695513002,0.027014216316487212,0.03113948000270232,0.023773939892225336,-0.03137058795355041,0.010284965633905088,0.07534267399694455,-0.02543616993045576,-0.009583170470447717,0.017523171352219494,0.01603963302856234,0.055640901084400486
2015-03-26,0.12679152248662062,0.012025027472794155,0.10053572111889182,-0.013103717836664858,0.015972142501817624,0.0917624678157338,0.08752971416225332,0.013720473839863119,0.04186715209559889,0.10043295012873707,0.025406300736343212,0.06313145393618359,0.09278689779206367,0.05768459145798142,0.03906828257649059,0.05067484461354281,0.038845794315889595,0.06467793867633151,0.07483204049614335,0.085021674839147,0.0349082440920347,0.033114124997950044,0.06260830586395964,-0.015023150805494967,0.02623994839584324,0.0799120980041655,0.1061279936150789,0.06938299140112938,0.0664862707796929,0.11285730685340374,0.10937511958060689,0.11752846701761867,0.05416687166199277,0.09704916061247136,0.09311434365963121,0.028724491748254807,0.07439690375059449,0.051617823113633006,0.09523754858389229,0.02777003350990264,0.08483581241014371,0.049861423159551964,0.024275488532579662,0.08013349295636059,0.030663474206121432,0.06109680699280056,0.08308105241867152,0.029767507967485007
2015-03-27,0.06408854127101848,0.05578475807114207,0.10388984281226801,0.08285258106779916,0.13396342920620424,0.12627049457749256,0.14542601079449322,0.16463902330550814,0.1536492745656664,0.09806371225201403,0.14134720980907545,0.14264046270894973,0.10640727934797715,0.14023491838098448,0.1711834742117722,0.10246977874361732,0.12435810479476882,0.1634211940419649,0.11509646904119358,0.14734960513115805,0.1821618955923115,0.09421296264328774,0.14097395950620636,0.15175926322449143,0.16316867681263678,0.19950297757616306,0.10663907579809348,0.14516839777279286,0.06825895286289817,0.15205681361397327,0.11321446973464722,0.10153761995614119,0.15280027517209369,0.12924599847231116,0.08942756775357986,0.10852328532108912,0.16000337058023775,0.10685098030016646,0.15951988573196177,0.17833656347275173,0.13184162141491296,0.12245897631074065,0.096045099235275,0.12957421561502655,0.024930965270616442,0.12443905397222303,0.12735985500992245,0.14319163543598437
2015-03-30,0.11019648258038414,0.10126715828197042,0.12115553421174413,0.05735414341686003,0.13696395594021316,0.13243629188550612,0.12777040020302138,0.09776556430642852,0.13912597360835277,0.12060833327980791,0.1563104821792048,0.17262658770610223,0.09580799533813322,0.1608694208293608,0.14114504118288465,0.1072601291279412,0.12325741990934128,0.14430552288916762,0.13774594488440373,0.13752646319192383,0.16935677514428757,0.11694492963807905,0.14047648300130822,0.1320768847480429,0.14452473125450868,0.12218515754371401,0.11901565604184967,0.15723116328440423,0.08913607987931049,0.13687813121862075,0.1449582280966919,0.13959199638005668,0.13448050555681032,0.10198081544145367,0.12349466786584509,0.10285409565001322,0.1348153313018762,0.13930254294003647,0.11960604266172092,0.1443314889673564,0.13136020293993528,0.15075085014990086,0.04939960418576653,0.13993775521067572,0.0906847514479172,0.11497615425709178,0.14168759555346075,0.12496653450844075
2015-03-31,0.026377708859858455,0.015966678141851195,0.06923895748109427,0.015075138580856377,0.0831802815242205,0.036116901470623346,-0.03291523733276426,0.09778059729906413,0.03319284773942771,0.08388273227101176,-0.005047532272760305,0.019573503065842365,0.06270343226454736,0.09475131261941921,0.04313758235859221,0.05209287273519473,0.10764524706655167,0.028588925412987326,0.07184294513272081,0.08130799062323994,0.038693829735505794,0.08303405150494685,0.06989111603434094,0.04868475664113245,0.019734219423473986,0.09032095302613544,0.08083896125300889,0.07541915741716311,0.07587643372042449,0.020935765525767498,0.12466204807578495,0.10539111815262658,0.09633852331460085,0.07854437992253709,0.10051878857585586,0.010313179602306375,0.08334947102315583,0.09472233994270332,0.08902702235091763,0.0544664456087882,0.08767159306946322,0.0961168550050103,0.006402154463464042,0.1157075776805989,0.06190449703774938,0.08590179984554364,0.08554674789220441,0.011862671152329562
2015-04-01,-0.19243674738657682,-0.131596886808685,-0.13391371275716488,-0.09540978076065011,-0.11134253305513475,-0.1838597996370934,-0.16796471585213998,-0.10665023440682722,-0.16219792385119758,-0.09373677830054583,-0.21119114065684771,-0.12011524924602181,-0.1601067482602842,-0.14936517684558046,-0.15952363198974104,-0.15434065552182416,-0.1166087320559165,-0.15975207504975267,-0.13048874247845738,-0.1749376738653919,-0.1164995373903119,-0.13435775244594056,-0.14026878644130283,-0.13938824736035332,-0.1569761288192934,-0.1695706583063409,-0.14783645152711627,-0.12954508832224795,-0.14894878491101157,-0.11728540385837151,-0.09376414678450812,-0.13314460250377605,-0.14619182905717917,-0.17238793653298817,-0.12658426518992102,-0.06402465844631813,-0.14771776167319822,-0.1405600653063299,-0.15684906085803998,-0.18707392088119357,-0.1394086340882028,-0.14567238640238497,-0.08681119649334738,-0.13524499401275838,-0.16372385646721666,-0.1408686589265168,-0.15236649416336173,-0.16049269973820118
2015-04-02,0.11232361901190031,0.04477154898020125,0.08430429304688992,0.08200319763182636,0.0539712244139094,0.053685811618898474,0.21429313486613072,0.013019515169676216,0.07657943656665796,0.08257226745524832,0.026532498449708886,0.10819742131494693,0.13077519315981276,0.05675860710178024,0.07767947668363254,0.11646629357275354,0.08313722839879734,0.06636015045331688,0.06222780884101102,0.04161050453134743,0.023528682380102767,0.08188861723784446,0.024329904795842818,0.15188959607526836,0.09532647718924901,0.054487034034638525,0.05247937005877405,0.039604516168760893,0.03532081082368016,0.03804200678707195,0.031003313944160768,0.033919718854433796,0.07014954988140217,0.11928746779506305,0.08409986822697996,0.043201778607641184,0.04000526701107075,0.05811976362123545,0.06361773005507104,0.08581541695472172,0.10246961659315247,0.03859356282439736,0.15803740471651387,0.05710294563039909,0.07711172305128695,0.0838515981929636,0.01592111882932735,0.029656125009704593
2015-04-03,0.12238946170252736,0.15233453789963422,0.18568002740664613,0.11382771721059798,0.1344395451380831,0.12015217319232173,0.16752482972376254,0.10821591574666534,0.1456022278951033,0.16887080197593077,0.06259213827095006,0.17302600316060515,0.18928599056238882,0.12057708671772259,0.12368796207273813,0.20123661439511983,0.18682547049917672,0.10567085502105228,0.17420791477417144,0.09407718065179194,0.20259147520693124,0.12455657593740678,0.09782293980483815,0.17171866193681,0.12938754986793977,0.038809137022179495,0.15870161014045905,0.15811148316369944,0.11502061023991868,0.08564079611886528,0.14321409232061355,0.1588193040038016,0.135207594293229,0.20771972283924015,0.15702571583286368,0.2057863386709987,0.09798483793610274,0.17589375504204932,0.10493540651349888,0.09770690360154273,0.18313441412768405,0.15840709920542828,0.17106437499486024,0.19288808584468828,0.1128391296179646,0.17953508161212967,0.10381980130181569,0.04666589309197803
2015-04-07,0.08962803346650418,0.16297977695904867,0.12472125406420431,0.10585122291117754,0.0835046479419178,0.1352427001130952,0.005639792592913333,0.1269654498012823,0.0998624280109233,0.09803098968258524,0.09349480233713611,0.08406216281290663,0.15800900634455808,0.09090498443249881,0.10318437920415552,0.11457637317469266,0.09226564724243466,0.10289760397639647,0.12688063285049034,0.13258270792343782,0.1781678129617723,0.10312525598764256,0.07758734177460067,0.07240604830504997,0.09679271745636543,0.11021645037193166,0.09616916091585269,0.10859028564111288,0.09085718856120563,0.09961709429006581,0.13884534844640758,0.11113037373746829,0.09259331142366999,0.17090394563205988,0.1141567088481358,0.08487773166873011,0.11648406387572963,0.1288093205816908,0.09486209578817624,0.10353525062925573,0.13547339116818075,0.09074612532270933,0.11246016636425447,0.09404183022823724,0.11610694616292509,0.08281836505243327,0.12314454286495476,0.09122353148221576
2015-04-08,0.2912559237188951,0.28243827493902957,0.3325432739181889,0.1863298181173816,0.2393308135051903,0.308730704486387,0.2912332259264667,0.2770414848880867,0.3235471503572796,0.2913672632494843,0.25130160884241276,0.3599692669742501,0.28705458316884447,0.3339655466315223,0.33056734259616866,0.3226144400464378,0.3170610010777677,0.3281526837938117,0.31641009305278445,0.3061071804603937,0.30889260266238033,0.29286053908778403,0.31104977153295277,0.3225520015007476,0.3327120790129532,0.30827816316850826,0.33444737328499025,0.3317017349351249,0.3016370642994195,0.3184081265148721,0.2695355981212178,0.30757448628411427,0.3196383868863704,0.32870275080473765,0.306876611211488,0.33109530746702726,0.32618697471157254,0.32205774239349166,0.32583748462175777,0.32429282130780146,0.3131630124001414,0.2955163874936258,0.2111676488935451,0.271825932385696,0.3094526156363366,0.320897932593458,0.31431950687916493,0.3041831891675317
2015-04-09,0.02235769297341314,0.03291505499495205,0.04101272544352467,2.0720873669724167e-05,0.038244709059210465,0.0442153250968803,0.052109959586354705,0.06165087215723409,0.053276372442558784,0.08118308319009615,0.07751524426041956,-0.0681861977956164,0.03890556295593465,0.023210559185448062,0.057098384485736994,0.04460349387819196,0.01911558575014464,0.05088630260118718,0.017229997186121844,0.027934614695517772,0.05339903930298751,0.016358067880912187,0.0185395488042124,0.07243892523385856,0.0655118392168998,0.054029226484604516,-0.004249412117690052,0.01657687903735263,0.026749663874844697,0.014887446939330742,0.03658456229273238,0.02556222656375752,0.05651184902472302,0.06163843970516361,-0.005934423788309104,-0.00238537313725609,0.05075009818183725,0.03434451070634456,0.024573155932372668,0.06856828848924915,0.010454863361135618,0.011070960430406071,-0.030646955577045606,-0.05307303278202826,0.004749196690923348,0.03694234063564952,0.026008137178018732,0.025580460826794223
2015-04-10,0.025457282590574844,0.05249732994642092,0.04503835155577056,-0.006941843519901581,0.029020599062807736,0.028156609070488992,0.03785286610732376,0.02806764108692941,0.018278188281943223,0.05337132545664759,0.005651765520958299,0.020834462897714456,0.031357833962216475,0.03336705012588729,0.012587211947562005,0.0388484514230081,0.031809434365087305,0.006236412270064128,0.022669258546504027,0.007459519229456204,0.015932299961641153,0.061312191223295454,0.055077401469648825,0.034518771030181784,0.016667570318171565,0.029511680698504402,0.03196546636057022,0.03326915830203146,0.03107605694437731,0.01519784086331949,0.03086026226084981,0.041833611211805156,0.021708458407941115,0.05886949275674922,0.05908447618206797,0.06138222984865087,0.02795730997053941,0.03532813163583895,0.03958291052132976,0.017754115479090726,0.04250289923402391,0.03312989230952938,0.019973581815603145,0.04561948285263847,0.05958718585209006,0.03151467721590814,0.01456614113810616,-0.030884870426515224
2015-04-13,-0.02923977155809781,-0.04056180194647349,-0.03393157685834489,-0.042878123005877025,0.012524680070436056,-0.023870255102198017,-0.012758159113639513,0.011231062448019616,-0.03605594581842484,-0.04633532307866053,-0.0932432090760328,-0.04789462059746984,0.03207476066401809,-0.040237527994380684,-0.03775437077542578,-0.00182604762626519,-0.012076261635033789,-0.0351192435855231,-0.05587384673052578,-0.012184620505163812,0.003941587345075279,0.03450895572684017,-0.0007973072419443614,-0.015507625855817829,-0.03412260953309264,-0.035815415882012765,-0.045729583616995424,-0.005725896739882979,-0.027506568421277945,-0.035601373669410255,0.010322185702756195,-0.027127710025242512,-0.02566419639657283,-0.05554341906482064,-0.009643404336040473,0.01563952936933413,-0.005617537869752957,-0.005982212289474488,-0.007107271669466448,-0.042105848957634875,0.008063505254268175,-0.022160860481801194,0.15385946413766158,-0.01340760419742142,0.029902499758868335,-0.03921815195686122,-0.024027576128460862,-0.07357112442126731
2015-04-14,0.1333106836213386,0.047622340560743416,0.08004249690935594,0.09826044519418022,0.057058687991290644,0.116024106363635,0.0978004773396253,0.07635012008629771,0.06598801351001814,0.06913428263506242,0.09705576025486215,0.06640456412652125,0.09019332157844595,0.08282578754442901,0.05977474014102266,0.09248790322250353,0.06410588257482093,0.07953738828776948,0.08712303740838057,0.10966924951737665,0.07808246772894654,0.08967345328934559,0.10640052981740228,0.04781476289277635,0.05045346345164853,0.10921743969514588,0.1098999376540752,0.06779361283588406,0.06438986951087523,0.08376603303049907,0.12112876470603157,0.059325116936201364,0.06685418733134256,0.08153595660002069,0.08570255607375671,0.07495724479646836,0.08462318705500943,0.09063037173316281,0.08092671032430845,0.06551898407568783,0.09965973499837331,0.08226902008654392,-0.04541819713332761,0.07333887458628788,0.04533131216997621,0.07770664286169471,0.09106796854223205,0.08847575778613673
2015-04-15,0.029923867427541318,0.04324255770895558,0.023748311520911173,-0.01272453074645768,-0.008828470203777718,-0.018043971794817024,0.027955159684311868,-0.005824057061984384,0.0039763648459615565,0.03669309012310661,-0.012456069477602421,0.09461988105892763,0.02770499680480858,0.011688566557100629,-0.026119152095139278,-0.0005652407548424868,0.01583275433510923,-0.03750541871275452,0.0017509343692074324,0.0006215461685260226,0.01308854873616408,0.0659292661874063,0.0022855624719501323,-0.07391698176744346,-0.061322062046388424,-0.006803115274675772,0.030607185554768695,0.05090938709644676,-0.028892330382678872,0.05476166137050382,0.12336844130763787,0.038620593896389596,-0.04197705253733047,-0.023174870948541957,0.06291501326458089,0.022308423563217643,0.003907486378737036,-0.003822208276459059,0.020805123683317415,-0.07480310871483191,0.03590481433153711,0.0465252179921559,-0.05784762278914313,-0.04291237838987931,0.06714885238088172,-0.004746054384470474,0.031971635191216326,-0.06487203638096009
2015-04-16,-0.015092379336818508,-0.016124299917874205,-0.002099266108683272,0.00917492968413522,-0.029938676983710215,-0.01908241816634597,0.0428591420479149,-0.016719222684730212,-0.05096892637263066,-0.05198137675404379,-0.040596177513056664,0.004283173501923785,-0.04593317557063402,-0.03918675139448687,-0.0653871500468255,-0.0346261275476566,-0.054077397829453304,-0.05087211621329681,-0.024821800349869576,-0.02842162392822739,-0.03361719261895671,-0.047051359952883835,-0.038803837468183194,-0.07968049380787044,-0.08372077678525136,-0.0359893119420753,-0.021113808995719758,4.62417241510807e-05,-0.06051175797244052,-0.029965448508218733,-0.015328996346363514,0.004747483679510951,-0.03869404717575431,-0.02696433356886965,-0.05220068691946207,-0.03835953832911754,-0.019077550616435332,-0.02749868238128214,-0.04929448920337046,-0.05251734808309316,-0.0652546445214803,-0.005186915268665959,0.020019956947780207,-0.0536771770590229,0.0058789186142952895,-0.052602259787089885,-0.018742230511480124,-0.051327232129941655
2015-04-17,0.2467996129688243,0.27324838327019474,0.21236805134176273,0.17698740367037222,0.2182413040982666,0.34183161957240704,0.16735087638256665,0.22194105974383785,0.35128983059186253,0.20499259283555002,0.3141758367909212,0.293194155173262,0.28812557740350186,0.24617096063543084,0.36784907970764935,0.2625492672100409,0.3080997753251226,0.3757711924168129,0.24868393000639585,0.3188393437962948,0.26153959689719075,0.24759335487150896,0.2984256358955016,0.3965063329889412,0.4256260557259295,0.3595186163088815,0.20879730608808786,0.2463240238122571,0.21189519545621024,0.2720583170703708,0.1625399740885908,0.25576802182243574,0.3508874930984907,0.2794365088475983,0.22594475512624976,0.24040867868212604,0.3041299725032936,0.2793135116519343,0.3093707463469833,0.39402452290754436,0.26447840989225446,0.23790281581579936,0.24423898319646004,0.24138062985497263,0.2021516309428145,0.2943328358780086,0.2724994670121521,0.35618566563349024
2015-04-20,0.08466609201118368,0.14470653891633237,0.13306866027914996,0.1030907384781917,0.18915172009857553,0.13722386146382434,0.15282544762012326,0.12239719744941376,0.1733293549492204,0.1588375382643194,0.12331775132889082,0.09585861264905127,0.15791145885135208,0.11820939561714684,0.16138867707677176,0.18541038137232146,0.18847263203262274,0.16424648299793346,0.15279260462597666,0.13887599597741163,0.11278774215650521,0.17847528428869808,0.14251842765419,0.22368464675264396,0.17863276199317046,0.15116312479969943,0.12236791212191538,0.1034932422725414,0.1653250671352319,0.1441987423885776,0.11543557780503708,0.11311264352573243,0.1467891124888108,0.11800716109140337,0.1213020367116445,0.10411320713014843,0.1090767938644476,0.15076418128170274,0.12565449944192114,0.15800870824078064,0.18491916144503753,0.14259633767640265,0.1521708023511341,0.19136690647482016,0.16111461061565494,0.15840323133198508,0.14419432196178542,0.14334810630962275
2015-04-21,-0.07671537688133029,-0.045897333507797906,-0.05492486397514872,-0.0836520589339808,-0.03475985986973662,-0.09177885796855813,-0.013141376081751012,-0.0686411884112352,-0.07865593740520825,-0.0412432629816629,-0.055999032260478324,-0.08052620413065072,-0.03668658747745659,-0.09174102917743221,-0.07823106926607001,-0.043372685156759135,-0.06792102985778559,-0.08872178349764244,-0.07043043377060945,-0.08683203776781422,-0.06851386912169942,-0.05026655888284289,-0.08401040517599576,-0.051601583727971426,-0.07269479745434893,-0.05736143334983459,-0.07948054859087125,-0.04944815839423041,-0.08732522357450828,-0.08666039668569062,-0.07155287611028632,-0.07943792062475175,-0.08457614321641639,-0.08720919646142798,-0.0664886172744052,-0.06686577596801897,-0.07410095572747026,-0.08539115605209222,-0.06172811798517709,-0.07181428999523119,-0.05180794096901887,-0.10646066349159,-0.039821470249205564,-0.06769942089484637,-0.08302403356260768,-0.09617518456709631,-0.08309376275222041,-0.04551057646419698
2015-04-22,0.05747217893887655,0.04966846799058448,0.08056559360806285,0.03993530694671184,0.071141243687078,0.0898589883853286,0.12731489219825257,0.11279326768999548,0.06885367282211097,0.0702372664080717,0.09268971919238803,0.09754445291692912,0.10132833825105815,0.07415431709931594,0.03796373039816994,0.07801998032910078,0.06550298931361823,0.06668545348053355,0.07808794439103095,0.07327796748776094,0.1250129850037021,0.08915890329211285,0.04973366928576954,0.03882239830255611,0.0618340350760866,0.06130579407441789,0.07511520737327189,0.07013835935859608,0.11228823392898583,0.07745471825304732,0.09406005149797213,0.08870194167246849,0.07195681243024014,0.07086496701256506,0.07332051409563593,0.0658378366431279,0.08591209981323697,0.08305981942556553,0.11222026986705567,0.058060648255589084,0.06126103725314679,0.07515941164119395,0.09518047004205271,0.11444374454353569,0.1060604051321155,0.06285183834499221,0.08555017736962503,0.10634939053365602
2015-04-23,0.005049255795293284,-0.029158703070074607,0.023467320636973786,-0.011852074614737874,0.053657172066261,0.07578004005532525,0.02332312529665267,0.045931318402373286,0.05389716689714157,0.026772667505088093,0.05204275867770654,0.03675639895916656,0.02516922377992951,0.05053723926481361,0.06814890007051415,0.018544082194350227,0.028662125136836778,0.05382011170060466,0.02148903548699506,0.0603524124764676,0.08072949866899262,0.007795149830217774,0.03408809522631048,0.04686186692166271,0.07319762076027593,0.11581181997284178,-0.003792560454550779,0.011546774711608322,0.028639918257279264,0.03842833619235794,-0.00710138550861988,0.052002893315609325,0.049974575798434756,0.029384517604370258,0.029501705715770134,-0.01754691303638827,0.04221394027499914,0.05672225655072899,0.05603678636486944,0.07441953424147052,-0.039571856713186866,0.004731670662344306,-0.048339169157067756,0.011703025526808157,0.060097434690704866,0.010663850584622957,0.030319882073443244,0.07342478288090155
2015-04-24,0.08552510300111223,-0.0005027315795965359,0.09081355026151942,0.0729251015599588,0.12700433783241086,0.10767900414733486,0.09185664283853702,0.07912631191136728,0.09539458810391,0.09344626912433472,0.0974167516369545,0.14290660189036708,0.12141837193628713,0.0981846279719423,0.10545938669957923,0.09410926478917782,0.11181055340339113,0.10576974786633389,0.10817665222506215,0.09113621885385229,0.1280531445338576,0.07807482968262093,0.09118972939984446,0.10356029742231675,0.11411792814657397,0.11779677818353636,0.04135803344462635,0.07756647949569523,0.04955049803602919,0.08587024602276179,0.043957575768926484,0.06045969304745503,0.10548828239441502,0.08472565544398905,0.0787833093115574,0.05267230328921301,0.08017297819097433,0.1082387244584131,0.10573764153873856,0.1137337224263501,0.05122163238736499,0.07345740466895567,0.004817249079007179,0.15859107802613512,0.05379923538780832,0.10004197902333087,0.09785981895776977,0.1577659665122946
2015-04-27,0.195891112640528,0.1649749852775705,0.24388370704107798,0.18394700297992025,0.24434891451222115,0.2112817264775139,0.18509496094410582,0.24969906237151107,0.23921827333131973,0.21560401728907533,0.2185935515616861,0.3027486924915935,0.24791498124203132,0.24170147537323253,0.2387727114459512,0.23466678401905433,0.26347847623383386,0.2430578066151127,0.26393294411808693,0.23329421242626713,0.2797481645489484,0.2355180927359548,0.21075705836675954,0.23707847612874747,0.23215083933418387,0.21443942696435547,0.22864737653770886,0.20505040861094612,0.18406656553335232,0.19921645545931307,0.18336351550376434,0.26363826033146753,0.2532124789314452,0.2656064860849414,0.23646003308856223,0.17936917500406732,0.2413043725994414,0.2597801292264746,0.24421453870552273,0.21551495730023038,0.23106614105828086,0.2552079465638599,0.16071001264251403,0.2202877868788899,0.2082230397429764,0.22872098199907778,0.2597384805846324,0.22809913372402493
2015-04-28,0.14583661373571502,0.14825745048132,0.1912045700778095,0.10449620046840526,0.24092179132950073,0.1991187463389094,0.11798504837310796,0.21079639411737264,0.18470350998149368,0.20547414038889203,0.14209335872899476,0.20051786612201733,0.2188583099628318,0.19396341242152954,0.18035426397175838,0.20821069219883154,0.16648281296168618,0.17858968311155116,0.21614508545568586,0.17395895431477343,0.17722529509038032,0.2082791189536927,0.203909655948203,0.17435603684677073,0.17263085320905927,0.19272343668192446,0.19092775275132576,0.16645637535185348,0.18776508887702364,0.18083376964029296,0.21930463902294883,0.16190133069302823,0.19796948788794602,0.20101447847926718,0.20738127698839337,0.21283675553505055,0.19070951287407922,0.17578574131576352,0.20178998170102688,0.16532422358960536,0.24466193554407042,0.19001332248181763,0.13546612409289988,0.24128414209956092,0.22719807990378782,0.18300320880009535,0.189793009066545,0.1467349551856594
2015-04-29,0.1324305827079173,0.10150449653852085,0.14539073223097068,0.09076345602911139,0.10909754442216248,0.1484701997819366,0.14284040603514087,0.17183589633815866,0.14719911915994038,0.1192068342875209,0.17602548589238917,0.11246212385816017,0.1728140892964404,0.11814699565307096,0.13842544887964445,0.13630836353697218,0.1367101121022442,0.1481822367780545,0.12488185676276695,0.14352273099876706,0.10793325116074183,0.12083637830678885,0.13416769166562906,0.1512806253904816,0.13705768940936022,0.16719634839082342,0.11870166786576916,0.15387514354427073,0.12142241282684053,0.14570331853401458,0.10124945099772882,0.16444683304862615,0.14711539994279016,0.09058445214918119,0.1150602707086679,0.08858918733920429,0.14857750552775761,0.16472339157710694,0.15268026555336484,0.13911878914551717,0.15323934404064987,0.11122525666236778,0.1255245262731507,0.13569537298415385,0.12789289746132523,0.12656971912215506,0.1614166120959839,0.15790818075435656
2015-04-30,0.25310603565759643,0.19038757013927787,0.21663996459018756,0.054540831434382854,0.2255670705686642,0.24360341433610305,0.13368603994352857,0.17338207124106947,0.2606798599279308,0.2369709573885687,0.22704847988767124,0.2165346034556334,0.18629384002685387,0.22910964017319463,0.2570208106771597,0.2510326979545115,0.23205075124077293,0.25298532038785604,0.23673746864314976,0.23959386724073484,0.2533850573556367,0.19847972883538353,0.19663511480128043,0.1928950592510782,0.26162175670366833,0.24208653167028632,0.2184877553419154,0.2101875216413888,0.2504460640998082,0.22052297243350333,0.19364582351639342,0.20230661466732885,0.23716685497542808,0.2455909806633198,0.22678693013656706,0.2120014274051194,0.2356896812799207,0.225054560125205,0.2131222792737176,0.2539187459165942,0.1680600103137432,0.21347330657125219,0.12060644352849373,0.2622438639051813,0.17588850144699486,0.23820987726222,0.2360888887947639,0.26128873080600734
2015-05-04,0.07524654452940226,0.008464717966493274,0.06742662655274095,0.12263214156322132,0.03882592224969785,0.09923106320012058,0.01110213836550559,0.12033424897865438,0.10071533179964627,0.1247780778632893,0.09553770432105196,0.0984326308257775,0.0568777267376567,0.08692858736724522,0.08035466504575857,0.1196789342608752,0.10967249653115416,0.10030880583969326,0.08548740795464198,0.11247867982947983,0.08352248973432637,0.13559346378082857,0.08562590891260705,0.05288556486594122,0.08237524013251568,0.09445739684892439,0.06749638999823447,0.09520991872053462,0.044012013675723376,0.06630938549182269,0.10612071640911648,0.08051317169765193,0.10857782599671909,0.09685756715380801,0.08982966947010253,0.09400803818530437,0.08924668303037174,0.09212622053976782,0.1136744047665783,0.08241140427153991,0.1365573278549633,0.11127500391146115,0.018384782252787262,0.10527175683344171,0.12045659149152355,0.09669187897076091,0.10217908173873272,0.10430737979279599
2015-05-05,0.2657594764986603,0.10431756292187122,0.20840314208565103,0.14407074463834801,0.1778343326318568,0.2568816560495133,0.16697391008784382,0.25647403469776847,0.2603256249921194,0.19408461721807205,0.2542483934680202,0.18058158886553416,0.14907951433679245,0.22678518989310203,0.27566827947009087,0.1990423182539571,0.21863352429286037,0.2749484699099736,0.2097468204394101,0.27446876607759646,0.24579364460971012,0.17667136810278164,0.25375444392320706,0.20854553036605508,0.24943482512784906,0.30387917961024297,0.25107064057741024,0.2019446533456146,0.17289947463560873,0.2710621074330642,0.18797714985379094,0.23408785585350167,0.2785444719719416,0.2453418600480004,0.21127172024095606,0.22044776926314177,0.21718857513004391,0.2482784596991134,0.2714826731739366,0.29005000341399895,0.16885930235847676,0.215772052860998,0.12316856504300064,0.2182695585279774,0.23306880247413966,0.24577562398955205,0.24334512457217453,0.2814645738722056
2015-05-06,-0.014262504409903998,-0.02180105155448569,0.010830249446349562,-0.045712126841428634,-0.04774225104064794,-0.01529869556614073,0.04480081274943858,-0.015493622615333782,0.001983126242579804,0.034316650527476726,-0.03212885088324422,0.06302709652697759,0.007899675151507754,-0.034592113225941634,0.006109937060364211,0.02333251130544844,0.026992779619966857,-0.014182994692469995,0.008674510172050122,-0.009992832583697844,-0.004862403945528702,0.05074335814934249,-0.0212129361284335,0.05862251466409309,0.043393325979967236,-0.007110220602275908,-0.004817519427622408,0.007481094961661629,0.07852713121629798,-0.030078013139365773,0.019371388479478124,-0.001561468257220104,0.02094645033354985,0.006666248599442794,0.0061317381119186986,0.030204459238381793,-0.013606933965512644,0.006299477967408505,0.006716775742457307,0.0020067226748505416,0.017380567748114382,0.008561144703966796,0.04955821051717327,0.016896840886564263,0.0009792519392356042,0.0012580489161735562,-0.006885285046825509,-0.03380368460854765
2015-05-07,0.22624743677375259,0.26666812006991725,0.25542031780799435,0.19962199294649438,0.22604071153493488,0.2222375826997136,0.21171873787976153,0.2290000115417317,0.23632670282220986,0.2714248524261361,0.204778276922051,0.24837627071259935,0.2567114528603617,0.22036474436987913,0.2490862154533528,0.26059922106135197,0.23983744112113817,0.23229479121648566,0.24524153638402676,0.22712871210945665,0.28113119229935657,0.25998263610587097,0.22158303827109987,0.23567574915456813,0.26116604832907786,0.20069301686759966,0.26027913036898914,0.2248716623556161,0.24534977217904044,0.22435818353661743,0.2489400201852063,0.24939502089694643,0.23854374123950503,0.23291342803537923,0.23621795406134302,0.22116856186175823,0.23921367464371315,0.25988825038889224,0.25128889082675987,0.2534336010587615,0.2430270627959973,0.2667389093576513,0.24319110843552072,0.2550525212912889,0.19830464785535387,0.25025475166681843,0.2393721810923351,0.19746492275375457
2015-05-08,0.009771737293062514,0.08232980552467169,0.09398025449158481,0.11797578707568453,0.060439083497345565,0.04421749196814527,0.08836458249425978,0.10232455670578541,0.06160966148164697,0.04423424351779051,0.079701335098517,0.02011302727406353,0.07403321984582423,0.10537790734566962,0.06855190975281181,0.06525236209541407,0.0575430958995834,0.07142099334659825,0.0746134326108097,0.06596709488027808,0.055310571192316436,0.05910099001659166,0.07113317126632987,0.10443831095119495,0.0677833689599964,0.06626608466030996,0.09843312096092217,0.06334573117215471,0.11608773141886614,0.0606989863282052,0.09094822400579457,0.0796698624900926,0.03374878868529705,0.02949592556626963,0.09076547982784638,0.07182912201068253,0.07759825418396334,0.059814707556022605,0.07900690722231392,0.054496344355013986,0.11082063811222631,0.07722921246905132,0.05054335374221726,0.12217158967639105,0.09511428364029659,0.07335046729210115,0.0586776326710117,0.02709588536255017
2015-05-11,0.03936915378482753,0.021589990997455486,0.11901618152868679,-0.10557247368613785,0.02140609250326853,0.017541659292787497,0.10029230409835835,0.05781825083554175,0.011708204129903007,0.07607908917672565,0.05305279194852127,0.12151330250414595,-0.01865607903789535,0.00959862935349055,0.009269817819951247,0.043038916204390994,0.02903595638761111,0.016716039693362366,0.06952440309940083,0.04174111093160715,0.07192508637079542,0.0984205761127694,0.057429165736962086,-0.04426106459290907,-0.016322081412928378,0.027735073315761388,0.009324448753370804,0.09064913347139586,0.038186765977014585,0.008473693794907566,0.05860129421455539,0.0436065136487923,0.061423379474721505,0.09010769731905463,0.03830808255686178,0.03393760788329725,0.07501417069992754,0.07042722415872871,0.03222660808591761,0.0029816178450814356,0.003830577420756236,0.059886275324564676,0.047560350969367705,0.02464855381918418,0.11560085049857026,0.05886495900120001,0.06928023104017351,0.03943301811544475
2015-05-12,-0.00891406525619,-0.018935623931347872,-0.004676197316957447,0.05774914106789108,-0.011531217374566142,-0.022570756915838767,-0.0021716690677667187,-0.04554547449283418,-0.013981142603371403,-0.01749624156283289,-0.04038350362949083,-0.023986029886164082,-0.047130795665284476,-0.0216628072393343,-0.012470970938044208,-0.003027781336478865,-0.011197789527262242,-0.0412021920572617,-0.0183503298178498,-0.040375547478907495,0.019691479212889867,-0.04114422690842271,-0.05162976325725193,-0.020900796366765163,-0.012180119262011421,-0.01847138977471706,0.029904887141727215,-0.017063554810216215,-0.02649853695707869,-0.0424222814954345,-0.03014162091331298,0.024137611315207624,-0.03771940995069274,0.017210263063029932,-0.02070792118124783,-0.0205786537696777,-0.017573442933631715,-0.006924783422583047,-0.015651359635404472,-0.01661291425043702,0.0011508390391173798,-0.04279649013329326,-0.04626228552385177,-0.04755860924167133,-0.007325922771185584,-0.012528166638004799,-0.044157388716212095,-0.06209068520457339
2015-05-13,0.029346165692306622,-0.014796688930567637,0.05551842155791681,0.026599975101107197,0.03374598391268108,0.010590274891556053,0.06548520683637041,0.08870170590356183,0.028081931798122305,0.04702995772392758,-0.004717336108674914,-0.010246360632045964,0.055548878909312545,0.03589348099734149,0.021070903318087485,0.07183899330331735,0.06865924581760341,0.008228561102079023,0.06844883628171126,0.016181736985288343,0.04565049351696277,0.12260149944079134,0.05613975152638966,0.0016350521474272997,-0.003555134341666282,0.044443113345383804,0.055406744602799145,0.08159981299186309,0.06862421986349833,0.02448745671090321,0.12715639634202236,0.10085520435550359,0.04063162962947015,0.04819647428238395,0.10482684297750644,0.05838623500308618,0.05525598071339029,0.026768712330443187,0.018962746978979886,-0.029271291370125456,0.035278496310409434,0.07975308225223549,0.028329736618381805,0.08724711356315422,0.03957120617837557,0.07303825151452412,0.080428981641959,0.027007802538899648
2015-05-14,0.18341488212169305,0.10503314658803252,0.23030357591247516,0.0802165954520363,0.16723080115306724,0.22362321818016412,0.12860077027094607,0.22846767018231,0.21031739008998399,0.21751943436255153,0.26488467367535756,0.23030921853975428,0.15665138797091388,0.19005522849693426,0.22542885890946882,0.19662529851424518,0.21597078965750297,0.22208996245860402,0.22822144644649572,0.22599004384067886,0.1760661295398695,0.226014153248144,0.2112330346075433,0.21461809800887333,0.20936019531700598,0.22190170389392933,0.22525496339605,0.19894544425817845,0.19031325045342298,0.240352069164279,0.23757589654297306,0.23770824180097322,0.21393328824363986,0.2464040434041474,0.23479818502331826,0.23183016307452373,0.22366066470665255,0.21843200108341318,0.2193189194984608,0.196518601562059,0.19655963885136132,0.24781726505449803,0.12404785739621121,0.14445869635306074,0.2031563831067188,0.20356983379644025,0.2532731726672494,0.18610590236769656
2015-05-15,0.2992691902794522,0.25236400374054796,0.26616467821840484,0.23196447893006486,0.2752051895736109,0.259267594955444,0.23675431336526984,0.28012119845766764,0.27768178903020047,0.23028886778034321,0.2766271311008823,0.277128298803676,0.24671018926006025,0.2675602020008514,0.29055415579980665,0.3207270676341743,0.2645303688006968,0.27680589972362907,0.278090109901668,0.2777692497193779,0.20468648228363362,0.2553049332317169,0.29819760447480936,0.3229484665460967,0.29392280298941387,0.24817547640748114,0.26457191904013005,0.2637239863761403,0.2565127114878354,0.2403535155926911,0.27314845272166477,0.26885595391206624,0.2922115486838665,0.2547914543468689,0.2636978251142749,0.22236457026472684,0.2722787190061205,0.2855345278001262,0.2524761826717825,0.3029022714002674,0.2049811812040584,0.2705659258028163,0.14044321928322026,0.32295487862008326,0.1831711527459914,0.2856604609332233,0.2832500340801756,0.25160080633113
2015-05-18,-0.05531153543943648,-0.06628876191516452,-0.014074343509043637,-0.07686832960931714,-0.000710697237607253,0.013314912746571888,0.020109983184656254,-0.02801238544073188,-0.02676764999315118,-0.0019584785304919876,0.016632599743987748,-0.028910148344095048,-0.032200930374658626,-0.047161361046733304,-0.02417969676649277,-0.0240261353990812,-0.020135829484507498,0.009954837735341594,-0.027115637819136732,-0.0024118018399086143,0.029061171507086588,-0.034122097300176235,-0.02750855186335674,-0.0226938405389386,-0.008802746749091837,0.027939031332993133,-0.03495437452950273,-0.024040349343833343,-0.021111769084007456,-0.01917105798445565,-0.01589728192350624,-0.027443573830204078,-0.02611888494339256,-0.009247186343038373,-0.0581644772075456,-0.023572812089664576,0.007823761304287847,-0.0281806683937796,0.004358858450510485,0.004519780610740127,0.007965900751809297,-0.04048486814029717,0.030558070453111617,-0.02214532873420874,-0.06354927788463055,-0.024783281777574925,-0.0165498542798949,0.020794496170442704
2015-05-19,-0.1666157567590487,-0.10312684472929334,-0.16466299346548358,-0.17056105987204853,-0.17331642528376917,-0.20089460612201224,-0.23689143078775196,-0.18600212927593207,-0.19749191478700798,-0.1969400919768142,-0.20107681910255068,-0.16080282572841637,-0.2078301038933441,-0.15628223313443332,-0.20682313742194774,-0.22508616561784478,-0.1971158251216293,-0.19678276156545313,-0.1667876020024298,-0.18074801927807468,-0.121226321871535,-0.14504930831142784,-0.16050890038000876,-0.2506120532025381,-0.24455496164512816,-0.2383135838764732,-0.16606678507657313,-0.18526472397062377,-0.147009329021003,-0.20864448964704485,-0.166843069396221,-0.171142829188755,-0.18997297260715276,-0.1690744656258868,-0.20611683532811115,-0.18368338486071661,-0.20956903260804124,-0.176038474674401,-0.17613800495111048,-0.22585000865290403,-0.18669028782974345,-0.15147289906062125,-0.07699462562134439,-0.13944632395822953,-0.12698793260323898,-0.19547202039534983,-0.15695613604965353,-0.10726046153388259
2015-05-20,0.051149026054656085,-0.02537517667854127,-0.023523260796908564,0.10115145397708128,0.07513015799174769,0.035300083716032535,0.10413347659766091,-0.05940642297864328,0.02425669282923835,0.02641717404447266,0.08820358396802608,0.027668199539618035,0.02435099123339503,0.002467474908766633,0.03041752190080854,0.0023899406653489124,-0.007284027841080947,0.038249528246044454,-0.011337811459772286,0.0007088096712444277,0.07292357533448121,-0.008249014843617706,0.03407210894190324,0.17979824332553124,0.1178614798353502,0.022219847299453917,-0.04296130517374023,-0.008998163276640271,-0.06326427546869795,-0.06762295726082923,-0.029100487522753484,-0.027152701596894813,0.0009660347625829449,0.010486506422246642,-0.044305581312996105,-0.04415470386634541,-0.011164931052151692,0.0009566049221672762,-0.020421367180176668,0.09673654178416004,-0.007218542838194358,-0.08876046843257362,-0.017908743068962934,0.08069428771701528,-0.10700773351691559,-0.01580179313654521,-0.013493053874775666,0.024042949779816525
2015-05-21,-0.024247393826087434,0.00034056561498128235,-0.0421027600570707,0.049494895520223695,-0.051220405508087756,-0.03401883770383369,-0.09248979285403208,-0.041923457478502825,-0.0562971830908922,-0.01571685498903958,-0.05745445003853912,-0.08640689658942442,-0.06847499877002804,-0.0174546687002203,-0.05593639131694464,-0.018579136395690178,-0.05349284702975438,-0.045293033985491796,-0.040956972847685735,-0.035556575976734395,-0.05421224396083769,0.00891538339592524,-0.03669033679365444,-0.0001650895692911535,-0.0571767497034401,-0.03115819625979194,-0.049994260130869016,-0.02333940119498609,-0.05532796518906035,-0.008836118536497368,0.020908429954463705,-0.028882474812907597,-0.02576326593087011,-0.055615505299812504,-0.01445736370544085,0.002693365257938785,-0.0561047608114535,-0.015732161306722208,-0.02280204011348541,-0.057775882709874216,-0.03747314561228004,-0.04698602205203054,0.01647398387862194,0.01777992795097605,-0.007647692299282242,-0.04804161131792862,-0.04273086573626121,-0.03694234438121477
2015-05-22,-0.07220594813420045,0.005654565341642922,-0.03992580464991888,0.03550343467396019,-0.03267000642670837,-0.0216948423334956,0.1250216675538638,-0.043159323942139456,-0.04856404952704977,-0.01286096022312664,-0.018175912878499147,0.029787109708343047,-0.017811175064150534,-0.01690130666194808,-0.04741591586531928,-0.04145759054825909,-0.031091075625120312,-0.009319164078530928,-0.05456556748001965,-0.026481602689606306,-0.10895610597792156,0.0010002059413600037,-0.041707148000181826,-0.06151567300951767,-0.03267000642670837,0.033540634460339266,-0.04211310231677107,-0.03493889018361223,-0.0008946239424696164,-0.0014013610761815008,-0.02953585842756111,-0.010189509807351954,-0.02503168518612762,-0.03499309270710676,-0.04862079279383311,-0.01832299368444003,-0.05714809188068614,-0.015362463143361184,-0.021379790165683643,-0.021322199984470703,-0.049151808141193576,-0.039386884767882116,-0.05280957962614403,-0.07757030413129974,-0.0581347471911725,-0.026705470403831106,-0.03683513159149118,-0.11984375558007546
2015-05-25,-0.0005272596447951244,-0.08502341041201039,-0.06492387060523355,-0.017232382326992375,0.009635893423734627,-0.028768045831374656,-0.05917170760580514,-0.03820677542607043,-0.04444648000427883,-0.04725508712700371,-0.017397336556469013,-0.07206812708465561,-0.0795704062677998,-0.057821783726639896,-0.055611929081902704,-0.03819364978872648,-0.03376556243286234,-0.025693295466335295,-0.06772661308148559,-0.028108692006501092,-0.06002828714482118,-0.03792080409330019,-0.05172366847041832,-0.08995150210546686,-0.03498540889921039,-0.019217050147056196,-0.037258099041870725,-0.06257075102523157,-0.022127311141976743,-0.07285622386305173,-0.04231202795704942,-0.039268276437652135,-0.05205655697497117,-0.047685999008316673,-0.03940064988661023,-0.10622997205775328,-0.024383803689616897,-0.04990199756840635,-0.03832769885096253,-0.03409482044197964,-0.06012100441286778,-0.016789924313944743,0.011046320220574864,-0.07836312690103638,0.0020397798970252057,-0.06459740528491284,-0.02479684236263172,-0.004264156523504637
2015-05-26,0.20635040950372363,0.17950947067781892,0.19794253721936847,0.11589563681701455,0.1911934856563265,0.10350917087053328,0.15493593543236137,0.1745745072623533,0.17522493662619018,0.10077759338594743,0.09099687474901463,0.16635352049833668,0.106682837063352,0.15636530811903407,0.1930846429082116,0.17134183944755454,0.1834066830770239,0.1442442859116986,0.19184871419515695,0.15503537203698736,0.12299240982244444,0.17977540143334597,0.13726543855778717,0.20009259586000522,0.1331858575088258,0.15000922429664357,0.1641190810822043,0.1330226855590438,0.11816585130095164,0.1279220094540937,0.17557442948748794,0.15430109826296837,0.17856516242172757,0.19299571701862453,0.17272202571482825,0.2060963355334748,0.18200052480390258,0.18180319402034267,0.15267361333131918,0.1512253917009011,0.2056246048620462,0.19336807653724472,0.061585995516610564,0.1381374768845633,0.15434880770849285,0.1738125676560183,0.14122165257897218,0.12426025647359396
2015-05-27,-0.039636997137169845,-0.01876914124643521,0.026290439104813143,-0.09068572507394927,0.045093826442806136,-0.019742586398965173,0.023927503172798657,-0.007418274199608273,-0.021737135848109677,0.07304891098142381,-0.054186163751397336,0.008219061973867748,0.02089525276398086,0.0120149558389516,-0.041702036458104115,0.051204470713099755,0.011632255765793383,-0.030419661594392744,0.029980740854260498,-0.010235585998428493,-0.004825559684587838,0.04693227079126642,-0.04613690531483692,-0.04912202296229028,-0.06298569697716949,0.022194606554502384,0.02650533332933823,0.02584324222588777,-0.009836904415876646,-0.013062315472427108,0.042712581543155013,0.011295787916238172,-0.01862730535056673,0.025915444402255426,0.021815331090499945,0.015538307892054766,-0.00489918878143707,0.006650876364617635,-0.01092707166379938,-0.0538608258815984,0.04473681093831625,0.049445363143415,-0.05839783296393975,0.0532555262133146,0.04582926125900952,0.00807865299848084,0.008362895558410433,-0.04854127325274276
2015-05-28,0.17110859942976733,0.07075378209437092,0.10405856916805822,-0.0014601763590575308,0.11357255882803328,0.08249356482933126,0.06217924130917279,0.12917680859286698,0.10546154575351657,0.08142426916149545,0.04902488666799606,0.0303174198064709,0.02511328087970424,0.09720469311710189,0.11055718004623113,0.07098332324609696,0.12845169429111036,0.09012272399133714,0.11155122250012761,0.09396938827595762,0.08324026338624879,0.12216134230732771,0.10328036926577074,0.0791159321140083,0.03297461662425166,0.08239381056899306,0.1646222390747938,0.13870946571676498,0.02932162727783166,0.11592057577459036,0.09871150747063157,0.15405412106142033,0.12580733135477665,0.1215348155494141,0.11095328029634599,0.1219419996062332,0.10793906823103903,0.16282316223922064,0.08895950764563904,0.049897256028642895,0.03969898714424262,0.09671525554737234,0.09334803743584459,0.13988726601865287,0.0516368303229617,0.12248102262700804,0.11616208608909338,0.10999598941204781
2015-05-29,0.027210413319063972,-0.01682005955108923,0.1135374215310334,0.019064260792512867,0.06515364028066775,0.046445002516517966,0.058352871667565344,0.12508354131207267,0.06728196925679786,0.05925248250951887,0.013277460730714879,0.05540983459938239,0.10182915983802647,0.08862757690597259,0.05754249120661483,0.04414356829629432,0.05945530415384848,0.07762269952146578,0.0871299280358233,0.041029693463791636,0.11552582376818789,0.09769021345174987,0.06674563150884803,0.11891724400872053,0.08566228407465021,0.027908315961501107,0.009884309437741287,0.08527972148520349,0.06933124683812524,0.043447973723778434,0.043868619466925746,0.0401826318026939,0.06141831762186925,0.1446672260851153,0.060153783813765925,0.05502121332639238,0.08038257412979716,0.08572691003244515,0.050483547861220314,0.042254990083233766,0.059541568267155086,0.04085601120221779,-0.01264096171399099,0.08657858783338537,0.07955253448436862,0.07921584478460669,0.07785639160099207,0.07257091148133589
2015-06-01,0.12689277677668315,-0.013510673166405007,0.13094066999723666,0.13591465774388706,0.05539226807880538,0.14390254691378487,0.110605524014344,0.07313376397856218,0.09056247850707486,0.07025195167306658,0.13779189479601192,0.0831499024699445,0.12939788159126428,0.1479929624192977,0.08258084585109342,0.07071684296299058,0.0799824203171721,0.13455534960323856,0.10828742210798845,0.16326702425356482,0.18117689698638184,0.10786105772054434,0.11782839546878547,0.04358965394969921,0.13087075080384725,0.11938602386682418,0.15766663955530322,0.14459032346916656,0.1469989683353166,0.10948717838965841,0.10087398991746963,0.14239143618318487,0.10338109242329047,0.10271186585799166,0.09397995744927229,0.06210907679559525,0.15043899265007635,0.134841590219441,0.14628978794522385,0.12156293654916923,0.027033043240054407,0.08971688434375702,0.07923569688052505,0.12945667079060397,0.08172726092281679,0.07153932098482046,0.14702037217002764,0.12036548051839749
2015-06-02,0.12912302043773155,0.15240742442215338,0.09549570079583242,0.06023123256890675,0.023595703616447705,0.2115777041811293,0.0006772361115203851,0.12777973731414308,0.08560120577114644,0.07128476792340437,0.14922702573937122,0.06570721063768525,0.015807454188041206,0.1021568211833235,0.06162039042342461,0.021800563508666684,0.05559488591728223,0.16150647666331822,0.11488812909146305,0.1900712107616806,0.051075757537675466,0.08502870464778753,0.17843854647270888,-0.04279544238773817,0.10384919035774057,0.17759515457390695,0.0879068493196592,0.15376626147550573,0.06807458210553999,0.16542908679926907,0.1685686271060012,0.15111376602688967,0.10073478424666811,0.08947969143027257,0.08750190950069803,-0.006165418195314482,0.14185935518500303,0.11435640121884091,0.21168829464203176,0.10291140559079462,0.007701955356641669,0.11288633004159151,0.034782999288555376,0.08161883210329372,0.08633679989745247,0.08191820830048432,0.18680935070273813,0.2128260953345976
2015-06-03,0.1690245826672655,0.1568808428344005,0.2401667236842685,0.18425746972811888,0.12690632614455905,0.2590559306297041,0.2062665380166073,0.19726818914912014,0.17063429006301184,0.2222097171703043,0.15881394390888978,0.23803422443480304,0.19685542934153633,0.20907513038391606,0.17267351341549964,0.18303216482476808,0.165215351425423,0.23162332176708042,0.2488966773954119,0.20231681689032455,0.22401770566441634,0.2097772130336222,0.18001773359130416,0.14544644664921,0.21144780110464143,0.22397804944474323,0.22626023696001715,0.24646871138246623,0.2144236931950427,0.15543087739395722,0.21975270716548537,0.1727014403307624,0.20608862606571493,0.22851002925358632,0.16181385314641702,0.11053724403243625,0.20603444785010513,0.21106576090384668,0.27129741466598883,0.1726662524175313,0.16011310400691406,0.24086489656583787,-0.00666629184709855,0.2704288876013165,0.127459279066762,0.20500003490877194,0.2210379038058783,0.24181887999121426
2015-06-04,0.06809817540554587,0.18663600018899815,0.09254844221304664,0.19179228880978388,0.09212593984675906,0.0782870059183863,0.12423258859228557,0.06858164492425592,0.08723820323705095,0.10056135505592972,0.08354695972768504,0.08615420726697973,0.10613070442972088,0.10399990245255611,0.08516105235401794,0.15446058549804828,0.07550812311097088,0.09452865532372795,0.11578302400124371,0.08057632249184946,0.08015442979708606,0.1631477950467237,0.1287635404235083,0.09270882821537685,0.0793923403918054,0.06252638734565782,0.10012178188696383,0.10614838490392338,0.1306175515286751,0.07277618501092073,0.1774884886395332,0.06559974149927371,0.076301305763987,0.08447334287469267,0.12877146615332322,0.13990162949956636,0.07787547763953476,0.08843315942453103,0.0866504798876985,0.08075739493454412,0.1565743166725347,0.07158549652411021,0.15903275883028384,0.08449955875023432,0.11701943785237108,0.07895154787979104,0.07260486731261363,-0.0026322568058394337
2015-06-05,-0.11519370691681562,-0.11038041665983347,-0.11311696759980538,-0.16200352839480917,-0.12042136105963451,-0.09069758542838556,-0.20082665206769476,-0.11195314080172306,-0.11760007871820524,-0.12906123073727252,-0.07658461387080374,-0.18914399418359926,-0.1822829372823633,-0.10128409072273153,-0.12149061668060634,-0.12232809091952704,-0.12349082440920348,-0.1051095768349815,-0.11922637497198396,-0.10708026523661927,-0.14597416512236855,-0.11632418780851796,-0.09715247825682907,-0.14406579529986716,-0.12280422673029721,-0.08823326828148317,-0.10845838048225834,-0.0958891603938097,-0.05487314889220526,-0.08742695333213069,-0.09773903821659533,-0.1110653743761309,-0.10640569395017793,-0.1582952042026775,-0.11687904182451307,-0.15395586313965373,-0.1038451656635562,-0.11854141725568657,-0.1207504468898109,-0.11391070950249,-0.11018088787575642,-0.13668815017684263,0.046864940151937214,-0.0932646735654427,-0.1040731204661867,-0.13774865933056726,-0.10515276251701461,-0.1111482076777877
2015-06-17,0.1995832034460011,0.18095896553331284,0.1769790490648197,0.015045027391857493,0.18265359379405435,0.19796018689563283,0.04675964476651687,0.1894356600898253,0.18543606406733643,0.1527229054565541,0.18987872338186754,0.20855380014237807,0.19513863084149818,0.14326769974303283,0.1882710131512737,0.17214525861462388,0.1638719194494004,0.2056658255935079,0.19427847033560247,0.21059336725232214,0.17971122714455715,0.18187871135547334,0.1735083410559655,0.1667957226483545,0.18735072067483552,0.18720367067414537,0.16267556656274465,0.16789201500730144,0.15705650724269232,0.24902452960741298,0.185790569366398,0.17088576715889855,0.1930793841775584,0.20344476926338118,0.176395768950558,0.16142536822973952,0.20509976508899241,0.19516842349963057,0.19703442787641806,0.19464199543024535,0.15294430043900584,0.16672080821741797,0.050826180642423814,0.16007294554681228,0.16511473794965711,0.17030904689596876,0.18973604661539867,0.22748771770335993
2015-06-18,0.07016547342545469,0.023311079177192637,-0.015865082717986295,0.009768467782570319,0.006028233784490769,0.03382269645672188,0.01812303414748476,0.011443503936640839,0.01641035547342512,-0.006329498319635087,0.02072090812832662,-0.010909468401873469,-0.017970188723772693,0.01539847050724767,-0.0052309262225635365,-0.0363291317722032,-0.02230293995123901,0.022368222852282713,-0.015250246215533681,0.03617930216325043,0.01578214132731601,-0.04355573487544298,0.011064649068288837,-0.02808315597920109,0.0026864983990977686,0.013575900335486491,0.015815317883584125,0.025232108806265634,0.0422522172775539,0.02826776370479798,-0.03733727099815683,0.002785492962155848,0.020991395767156022,-0.001732939959262648,-0.009242078896527658,0.02103099359237925,-0.004951601023015875,0.01339931543922073,0.018396132897795563,0.009359267054958573,-0.04280391130194784,-0.010177978846736201,0.025713550739917882,0.027668980374733164,-0.06313953497706237,0.014171473031073748,0.03927970485708022,0.029868800097607565
2015-06-19,0.10905261768793992,0.006020620028676164,0.10457717475429858,0.009007392539505714,0.10239759348268836,0.08904373711114298,0.06255069561415154,0.06702401703860245,0.04626986028506137,0.13157964476613068,0.006011426578050674,0.183888268050689,0.06801321161571784,0.04443100759933563,0.02585264624422829,0.12800686216557058,0.0809998382891433,0.07032421677045493,0.11338095240672319,0.053051981661238076,0.07086289243956753,0.0730727606965897,0.06644477844259883,0.07756903642078732,0.09516549403753406,0.06595856415893193,0.09183717067637047,0.09132661863656896,0.10351713026488021,0.0736876946682574,0.0959626907606987,0.053841606638049724,0.0515652151809263,0.028496267399471652,0.09505678539346615,0.07377693310741762,0.08544066752517096,0.09022492954220916,0.07045293645845574,0.07172769404088385,0.1347365221563016,0.09962741599554507,0.1307837373174471,-0.006576061707570381,0.12870887122029767,0.06075731525345415,0.04551755320098946,0.11582933067386447
2015-06-23,-0.08428124323942483,-0.05220712347922537,-0.07409953399089535,0.03727462344886544,-0.031019896985734933,-0.09565739208463829,-0.10330960855966882,-0.11419172097449884,-0.12089040688707971,-0.08533792595813883,-0.07185088143914412,0.004560736638505359,-0.0509891777486021,-0.08695902921853528,-0.12548831601646585,-0.07091199289786829,-0.12416349937456034,-0.10947872551381846,-0.08372994240040618,-0.049234964171595785,-0.049769865382284686,-0.04763326713805621,-0.09302415842915701,-0.1562537881443516,-0.10935162839426285,-0.034648588080832446,-0.0630005388644548,-0.05404005527221452,-0.11420291178134373,-0.008534366582805424,-0.028925664448024996,-0.03266259309009891,-0.10677360682082508,-0.08807201732784811,-0.07150429280771134,-0.0984357624508379,-0.1232391069910397,-0.12247925754509432,-0.13140666855353625,-0.1108213084197479,-0.03419513835751468,-0.07703042090056171,-0.01842000887234774,-0.14745452485561975,-0.06951501789131184,-0.08780224344182362,-0.07864250436537679,-0.1086538242088317
2015-06-24,0.058980008037905485,-0.08660009957823546,0.03128748164787008,0.024841476576459125,0.04042657296825496,-0.0038983616094311144,-0.025242207569476777,0.02735413263933595,-0.061903642575451084,-0.009687956143813419,0.0893332167941029,-0.021882704765546677,-0.018284196099990612,-0.05211072423432862,-0.05850877150623677,-0.07018909602553354,-0.09025300271583449,-0.03540724789224996,0.004716738741575046,0.010310622512224869,0.07980926408358487,-0.005765267358443491,-0.0016233606505687414,-0.12491512834281245,-0.08532907297019628,-0.06037786396769309,0.018891008803183507,0.013078180449084357,-0.021842797263444805,-0.012808941479424445,0.011798680330324923,0.03859793468701151,-0.040040618221899846,0.04002339786140384,-0.040143667045820446,-0.03819011281621701,-0.0031748331295430084,0.005350338672206186,-0.027149675025827713,-0.04319932434716881,-0.08021298586854698,0.00929626127729296,-0.07907773637359923,-0.0490498734909259,0.02852703052645339,-0.04364158693895535,0.04077644695928511,-0.016726983500851007
2015-06-25,-0.2611168229786717,-0.3159625565925206,-0.31484842699545007,-0.2991160151654786,-0.3883171613280993,-0.30507870027628387,-0.425185660927568,-0.3475811218856946,-0.3806845623287507,-0.3339287076046985,-0.26685864670066173,-0.3453655724223939,-0.3629515131885812,-0.3510308673395366,-0.40224973052719365,-0.34643697569025633,-0.3864699236393641,-0.3766688282228046,-0.3450435024345028,-0.3028363792522768,-0.29564267159662855,-0.28007974139250064,-0.3186965008222252,-0.4664960678262278,-0.42629059204145725,-0.31079997209308524,-0.30112813734337035,-0.27648964805980436,-0.32039176258048624,-0.2751654022741601,-0.28815069089593937,-0.2953314184009421,-0.38676738542498973,-0.35345788509043663,-0.31036513704646157,-0.31391574908761116,-0.36366515105427766,-0.3555666187307172,-0.3533670240359182,-0.389916964895155,-0.2808742347799262,-0.29700261279654794,-0.20402312092927832,-0.3120741902147834,-0.3225105017535561,-0.3625821197347952,-0.29223267785413837,-0.30315006622620927
2015-06-26,0.09172875318364727,0.12202913287302936,0.062322196739006325,0.08531197597340148,0.06600650647387478,0.016020326202678174,0.10900828436233376,0.041964601802747165,0.10308675807427697,0.040904399582372554,0.07041330644442148,0.038453816622063874,0.05337511738208451,0.08810094951597511,0.1063509822994842,0.0742523969060428,0.10530761774559737,0.04808295318972196,0.06040898121131012,0.048745329866300556,0.09619273249215327,0.08629275536569421,0.0886548802050053,0.0945771861572711,0.027798987371324604,-0.01583967801815674,0.07927943919726724,0.051541238655805295,0.12428910791176884,0.040434086457425744,0.06297743881114096,0.0718457521350013,0.07186059211224476,0.1004692143958716,0.08049574656287602,0.06079510600381802,0.11513196806495031,0.0518320451329417,0.057570264795141525,0.012847139530176058,0.09152698656997169,0.07971465006834969,-0.021198653151644747,0.11762508424185275,0.03658025852096846,0.07400354190303696,0.08365009787964603,0.00482813296400809
2015-06-29,-0.12495542657145811,0.03593071387832886,-0.06299796849331103,-0.01271835506674352,-0.08745940588436579,-0.09736277983516028,0.08040788139444642,-0.05711420457958772,-0.0734615763846951,-0.06275710431602129,-0.11654905018327846,0.07260570947984685,-0.032752676581766664,-0.09814045149761827,-0.03779198895449432,-0.015292592185127676,-0.026591233942329002,-0.09940612996477464,-0.0626303937772575,-0.10144206010788479,-0.12233702748776933,-0.06621481802697204,-0.024734525011704568,-0.05489477246254712,-0.07712876202234094,-0.07401008461781224,-0.0512227352952639,-0.08127168294854366,-0.0749415783081839,-0.06155478111824682,-0.03756196937286455,-0.005823262485304563,0.0024052171637415757,-0.10953812153624085,-0.012599137084108102,-0.04166350960510161,-0.10470542724924513,-0.022771653197251013,-0.1114053896784289,-0.0943710983534917,-0.06997646580049811,-0.03366590568997419,0.05962431999566269,-0.10005767613409516,-0.03683252762268379,-0.04705641287316338,-0.03024843113660383,-0.005533031596471375
2015-06-30,0.20751661777192817,0.4840158645490797,0.2275858974956639,0.2593833167980766,0.2878098931842878,0.24232410349042136,0.09449702836951974,0.07374065356299518,0.22736691898282194,0.41829627504351785,0.31422159096323876,0.15181644695993493,0.32912532929777394,0.15072674756203738,0.19005950070335909,0.28017622721421326,0.2796274826405301,0.2197546026964764,0.29663365976763406,0.25108497505953903,0.3534500728275663,0.356411331662626,0.17717612060986812,0.2009456182930876,0.24806428332112562,0.21509287040332606,0.26800344537781035,0.23438750281878676,0.31975858697434273,0.18468457356996446,0.34111687985395633,0.21163912629630155,0.24195740824691392,0.16092958831058102,0.3679782440959088,0.4033899263528401,0.19092214332970636,0.2910550451110952,0.22347377530391552,0.28947314895047244,0.2574102516281136,0.29764950080019886,0.21238080135253162,0.2069145288372454,0.2981165972590806,0.28096097234587364,0.3035982728111202,0.25251718143784935
2015-07-01,-0.22299822546151613,-0.02988951854183204,-0.15622957382325003,-0.21419296016579514,-0.14924937832174504,-0.24981697998172614,-0.05213105493545978,-0.23528036160187027,-0.0555089209818037,-0.07615077753097341,-0.16547457293487583,-0.2473221572549525,-0.21879329907131925,-0.16657129228722467,-0.15050593147053729,-0.1187397016681663,-0.17991652960133991,-0.20040474517643767,-0.16068516207133787,-0.21709735043045925,-0.24935074892604894,-0.128217668859479,-0.19319453055827973,-0.17768419078378916,-0.12595257035305482,-0.13860273708005358,-0.1854393475714365,-0.23456818702915647,-0.23076933284874304,-0.1334904147642914,-0.19937054384040984,-0.23169058890056818,-0.16336282050622025,-0.10862210439477654,-0.23079086027889129,-0.02560908988365854,-0.15893908105889973,-0.23813318844097292,-0.21602658195280972,-0.18171657663730048,-0.08078920148716996,-0.16113369934881103,0.053949551188203784,-0.06619007485059365,-0.07662762485357306,-0.24798419945608804,-0.20995909051033124,-0.16144653209852491
2015-07-02,-0.2735590449433182,-0.30292830296608286,-0.27573587745235006,-0.25617463925430745,-0.31904969265692057,-0.2092563698109539,-0.048188304857934836,-0.22888169916699308,-0.29885035747333527,-0.2586678156944441,-0.17949227963598133,-0.27312561005275493,-0.2899244601624595,-0.3041959582125012,-0.3012878245986986,-0.3302271072499291,-0.28559579168069876,-0.27768012023943955,-0.27848793513216247,-0.22798974959110352,-0.25635658966716196,-0.33655793732240846,-0.3031192781366153,-0.3618141646334775,-0.31878235165280056,-0.15885695107187314,-0.2531249861871303,-0.25383342460625796,-0.29552956626271676,-0.2451251800627045,-0.31810378714291326,-0.23351367927828565,-0.24932124496773525,-0.3458825598708999,-0.2899741483992571,-0.2652184323849058,-0.27334383086246444,-0.24057733463457856,-0.3834346734576,-0.2858588649834987,-0.35242707984519017,-0.3072193197619451,-0.2058380373917539,-0.33181083042329745,-0.2859692155462028,-0.2740662917287865,-0.25004401066986587,-0.14301763920410865
2015-07-03,-0.147424146500898,-0.15936938530051487,-0.09430204549990764,-0.04572316755762753,-0.14710728545736568,-0.09703759011576828,-0.02753480709123012,-0.11219413258346944,-0.14097672711671475,-0.06322833748865468,-0.03702171329914684,-0.15656560458175736,-0.09277296177742249,-0.037040205520309996,-0.11172435321498558,-0.12197640230025951,-0.0751363596099548,-0.11566703366737886,-0.0978461720180138,-0.10427568053286417,-0.10910827353793749,-0.11154009373308821,-0.1440267952437994,-0.1583805006193649,-0.1439333156165365,-0.14376491729883176,-0.07899770941191352,-0.13420299759172646,-0.10232747437606425,-0.08606267690920474,-0.13119983801406254,-0.1278662937609819,-0.13206848985729291,-0.13736443133973814,-0.10658331118710239,-0.052000995541323335,-0.11953007082723043,-0.024309090218886,-0.16226072210532996,-0.078328503271616,-0.15163002990890434,-0.07581737725550214,-0.1112271843630159,-0.06898297268560853,-0.1658990031938562,-0.035018075821539076,-0.14793674095307174,-0.06286716200238562
2015-07-06,-0.17059038733355814,-0.07100138865772435,-0.21963671556848888,-0.08149709435985024,-0.2270242472009639,-0.21566620813963092,-0.16809857121895636,-0.22886164007590645,-0.23517894087019428,-0.1642779846209096,-0.15099702114791844,-0.14079981494888275,-0.20653006136192564,-0.23363114707217536,-0.2534536834664245,-0.2091199220287058,-0.1961142907559531,-0.2353203729775291,-0.2136530965858784,-0.22271577213899416,-0.11731701464391106,-0.19470119420301488,-0.2374645082151329,-0.2046473612318195,-0.23656448571391145,-0.23691163725009687,-0.20313997660732475,-0.2512054639939856,-0.19312468329439086,-0.22101123972851758,-0.17960285754987107,-0.20860011311473498,-0.22440683482496268,-0.25658049633291297,-0.21231959385957883,-0.1703699736597896,-0.2197891683595121,-0.2118016217262228,-0.2489786736287186,-0.24792864737729353,-0.22002733757922308,-0.23045902695052337,-0.033995098295012606,-0.19658028094873953,-0.20137115687533236,-0.2041220419760045,-0.22841897594775468,-0.15267302939712948
2015-07-07,-0.03743469418085671,0.0470461099489148,-0.04482675688239416,-0.09816548937373766,0.020460814459975152,-0.007997969480352,-0.10114530681563755,0.007951418105882102,0.03056208570554685,0.01171173468806164,-0.017031528607110644,-0.119104365772554,-0.014036347768733056,-0.029994602283437616,0.03515958811747868,-0.006902164903544717,0.024833311002925906,0.007931467516823575,-0.054592939681896414,-0.014307527997787856,-0.038129270244375825,-0.03066257756154536,-0.031111835270715166,0.09182040333188576,0.054509442772132946,0.01981610731005912,-0.038569661025075176,-0.03326502106762441,-0.014190041195554304,0.01485875538436792,-0.01016593349137868,0.008981459629866828,0.010925533697014475,-0.060694864290982406,0.013375022686978153,-0.01658189515046002,-0.04542601346485586,-0.04861736880351443,0.00356007178088839,0.019839013541941137,0.04308662217006702,-0.03598938484017226,0.010361180305661886,-0.07618317159675275,-0.035718943521823324,-0.027101766869951097,-0.019443696314299933,0.005046426088547656
2015-07-08,0.3049774830932138,0.20544869778266306,0.1338618682465583,0.15478363129868872,0.2667128115146135,0.34923468731207474,-0.2585804635588062,0.2610294237159841,0.26071956160093845,-0.08484842401642921,0.2503116661515306,-0.008337634011479552,-0.10352981009597662,0.0489639523645315,0.17683371850671126,-0.1017244329117869,-0.034028885328695996,0.3870758808386127,-0.013559336626905887,0.3622417234098483,-0.03622448523255854,0.23188014942584292,0.2595834005124376,-0.1461569139235087,0.25251251919271495,0.2548530737414462,-0.08636043637410579,0.21194855578489602,0.020884850008761037,0.34268956740514944,-0.008497538141078821,0.282348224140492,0.14945324045662248,-0.12048619682343391,-0.022142947577719615,-0.06583063670550124,0.29268126494916774,-0.11357378971862596,0.4186724920188831,0.24831933881179594,0.21933647195380898,-0.07042549019851642,0.2240589637255417,-0.008625240648139458,0.16314957630568974,-0.13982743123460192,0.29852991237065474,0.18365664387556632
2015-07-09,0.31032593568539396,0.5175726173235008,0.5006316192516804,0.23846586387643315,0.5453642648927798,0.4242642548858471,0.13377470556205315,0.3699960075125939,0.4377952646832304,0.5665530213836518,0.29531862961479727,0.16471224633324463,0.4033717006880633,0.4792245755949464,0.38208304628259315,0.5918725779026347,0.5207514946659493,0.41637436696517816,0.5144737156986614,0.4672767071681883,0.3990134645784847,0.5556221670036557,0.3708360674125199,0.5032054925211721,0.4150871987227129,0.4077602894756075,0.48560122218164076,0.5333700256065164,0.31312193715141445,0.4152792130391842,0.560539729041528,0.38561079407823423,0.39470976371393907,0.45790254549630083,0.5451352723158992,0.4016487592441371,0.39105040233577587,0.48379767529004564,0.3775496195812686,0.36570502688433637,0.5878605676909193,0.5180669554205337,0.061698639390351216,0.40895299820908565,0.4963437872737225,0.4826742368631582,0.430490395988222,0.35298670253883646
2015-07-10,-0.25445259118569125,-0.3852992995306686,-0.3464021420711761,-0.393198589864092,-0.3478128061545778,-0.37223423053332494,-0.3444016949159334,-0.23217809480017923,-0.25599448947760073,-0.14506206225696064,-0.33349724695309413,-0.5295736151478851,-0.3926142140522532,-0.3026303506377557,-0.2701556525654861,-0.18311375818736386,-0.23031735290310662,-0.26641394550785424,-0.287071657000284,-0.29542720469087286,-0.39379294783500873,-0.321949379428643,-0.21765871508649698,-0.3063967354918744,-0.2603394928191346,-0.281451052463384,-0.43301601361208797,-0.3559511579893576,-0.30199530191785884,-0.3069690034920906,-0.24181639175718467,-0.2708491257676135,-0.2665989563682508,-0.27870256160367063,-0.28423256585653195,-0.2478899977142777,-0.21783441189900174,-0.35323145600494626,-0.26786778371060466,-0.3253219114971082,-0.029485312064808613,-0.28826300839881036,-0.3814138763048101,-0.4153389732840971,-0.31407096500960324,-0.3252440121874676,-0.3194582949833944,-0.3703696098823859
2015-07-13,0.20817490160499413,-0.0927272525209847,-0.05028565415909622,-0.3203672685347054,-0.08340896380135769,0.15598334260509042,-0.2025651336832379,0.12784237008519092,0.16910014726571762,-0.17733362653718415,0.1486275494942258,-0.08258590522019157,-0.031804231265566314,-0.024421814089615888,0.16787079418216413,-0.10854691244012514,0.04045045898039589,0.2076535936518417,-0.011928207707028763,0.17459592613502115,0.21936568989152136,-0.1272669439490283,0.22844588911382338,-0.011417872111008809,0.15811266514010608,0.21134021001293501,0.022794532973592088,0.0755366702381614,0.10018414364308666,0.12455742540226555,-0.061090104210182315,0.16519348695438907,0.1696659164515483,-0.0563031114918245,-0.045613149114884885,-0.05763694847217188,0.19556903060989445,0.01696937047219722,0.23327030336968543,0.20305370862100483,-0.2364515045678139,0.027103567440658758,-0.4581913004484959,-0.06481046989278189,-0.054515028917614373,0.09654978982244508,0.12060035261919763,0.13944054456929694
2015-07-14,-0.029692539620556353,0.03974311159284136,0.10482547294771684,0.01134343681083391,0.02784021236560523,-0.1848667662586015,0.176421579257168,0.0016659338378476741,0.0002437452377506638,-0.012131958346194804,-0.16342121545125152,-0.013456855976071031,0.023946433399521096,0.10043532762912645,-0.1157789879315653,0.2333420271411207,0.13020843290249673,-0.19772381548012177,0.1103469512045505,-0.17584409590320926,-0.05567805407937478,0.054299201717290024,-0.22417461171457126,-0.1158101918745156,-0.17798113398208762,-0.11293392797160166,0.05295962704931579,0.04007185363816305,0.05143333514265034,-0.16628409360913418,0.13623447062907199,0.04651710586327864,0.01296697354442747,0.01480154904536874,0.15837773547705386,0.10691266956341369,-0.1027184762987013,0.00023760039982417643,-0.16789335838610428,-0.18609641660366855,0.2408414604505137,0.11030598561837393,0.039556490052532235,-0.018157999172156023,0.028718924189092915,0.046678919928676135,0.019401984372998917,-0.1408095806900937
2015-07-15,0.18748726048015338,-0.09475673334358255,0.2083274275956561,0.02847456608419416,0.32188199355465014,0.0367100654018264,0.07596338329151943,0.22650022610538537,0.2515250302036299,0.19028016819540905,0.24184788294353077,0.05867370225989824,0.1055763662502278,0.2518085056121382,0.22767799893359253,0.3104224458528223,0.29483399815066047,0.1430214428898293,0.2676898779030919,0.13213193755441716,0.03399747571898138,0.1396642841233523,0.24262120261067352,0.26234674819061193,0.22404276429019787,0.16905865916131776,0.20329641403608237,0.11623841631738449,0.26670716315359644,0.14612144896430238,0.1933484520217871,0.22104467437449798,0.26100120814519345,0.20828760605017518,0.25450422175876247,0.19601109603741876,0.21112303507670713,0.23489244808012907,0.1890834970066347,0.1843224600265927,0.3482907107808398,0.3274971146253063,0.12293626739016598,0.16912857267722317,0.27030392613440785,0.22973724529397074,0.2094235325085549,0.1252397531135894
2015-07-16,-0.3645637844789875,-0.3795896359129717,-0.29995798236609084,-0.12760159269419957,-0.13514647803529076,-0.3797112702017109,-0.0438580901339405,-0.28938791202960656,-0.3825662519655521,-0.21568237732876333,-0.3673873748735422,-0.35069486452309345,-0.26915939782380227,-0.3576217659526153,-0.44650675616777197,-0.23173255978844295,-0.33278554423957524,-0.42854009994154824,-0.29514902564748835,-0.4020861095785463,-0.2282010749812904,-0.2598727992320642,-0.4306675586539753,-0.4367930001218164,-0.4294887169547994,-0.3442462334560453,-0.33416721845241304,-0.26878634252536315,-0.28679115213438194,-0.3749238359041723,-0.053562131887427575,-0.3009134474224078,-0.41374800082223395,-0.23878380039839098,-0.1879849780033941,-0.21515638240185578,-0.35262302061190487,-0.33264010484875023,-0.33676980091468783,-0.46616553122581433,-0.14816425977062103,-0.301307372947333,-0.19714584600517424,-0.31508388450725827,-0.2539117407919711,-0.3280884388910467,-0.2957493707562527,-0.25464868520750394
2015-07-17,0.025686789430668773,-0.03644875529559439,0.09407459064555451,-0.07084985312808674,0.07820613895798556,0.1484649502101266,-0.05119129028414157,-0.011816866778695354,0.056619072858063835,0.09741686359205255,0.11055585407552852,0.07820835807456444,0.0661103224423735,0.10677452648775612,0.07556871480892123,0.09419987806142383,0.06337088502268436,0.09624241361733882,0.09269834185596734,0.14700198850166804,0.20655367952406187,0.10307934471335145,0.10808510299319807,-0.023259409708748627,0.12946812622988332,0.22741897562748567,0.09009567909984278,0.09713345261824133,0.10770095201069804,0.18507469824112557,0.13622503915443746,0.14259110634907873,0.097360436435287,0.015029707941878016,0.05054884973957196,0.048782392815063615,0.11530490988172731,0.06719868655536289,0.11611210514122113,0.09574253914384502,0.035661963075835024,0.07879143869447526,-0.11898084027261267,0.03642421950030092,0.011718039554981659,0.06278844199776526,0.06377543904491881,0.07772819043260236
2015-07-20,-0.018506011617910878,0.1210674031754124,0.02004232252975823,-0.017349433768810638,0.04455579068077367,-0.11473289490124242,0.04691476187318425,-0.0642864738983574,-0.056780312779899346,0.09222951572618135,-0.14552908556535432,-0.008427516117557522,-0.06293418738746769,0.021663093551927852,-0.0955610663552436,0.09577067538816017,-0.008484233855876124,-0.14503927857520074,0.03587396948651589,-0.13890420713087934,-0.06401336565841022,0.06609219406721813,-0.13763144875306677,-0.056586741394407856,-0.136211347555057,-0.11127280461522987,-0.03981030382525801,0.01775635107665631,0.07478264622165481,-0.09698486653618722,0.20717756813474106,-0.006180383985260728,-0.06545257826824476,0.02367071653925968,0.05215935834982237,0.14192196070772237,-0.12271714956389695,-0.039003617297107024,-0.07836634418737258,-0.14634132056790605,0.1303265739559242,0.05017516225440475,0.11417350934708867,0.02390313965098383,0.0906515912563285,-0.0414455625305851,-0.02225431432418372,-0.1286942832818612
2015-07-21,-0.019467010629987774,-0.15165016985163152,-0.06256175785372872,-0.09544485386046872,-0.08616675293285667,-0.01214926994034464,-0.045626485136106176,-0.08824616735045793,-0.0815088335940281,0.08760965233562357,-0.016778186674081243,-0.13626782756365616,-0.0751287212905856,-0.0639245608139911,-0.08632789438214714,-0.0011408643262946782,-0.0478782728935,-0.08478679240695565,-0.008426187013223426,-0.018895331620582188,-0.08760966599009766,-0.02584587608717201,-0.07509318617222561,-0.12715574175857663,-0.10679549913437697,-0.08992379899092731,-0.05964164391691763,0.02328797098838126,0.0915602847048746,-0.07965352636175871,0.076740270079368,0.0036794433080826186,-0.03930682829119096,-0.06854973700895296,-0.07330458521477237,-0.05672838763452691,-0.08194834690005964,-0.030975401593594194,-0.0028933067422587987,-0.13261082748822195,0.05349656213315444,-0.02892496292190939,-0.24698572882612724,0.0408710032921427,0.1123776298325423,-0.09122987044643954,-0.06592948959724994,-0.07778077540445845
2015-07-22,0.01406228711602548,-0.018893465520498608,0.03697499921397388,0.045397357889711665,0.038030441368407705,0.028289178820388478,-0.02561723890334534,0.012921768432787991,0.0015578868716438574,0.038756674346166496,0.04770728737607964,0.012752231871766202,0.01906485159769172,0.07841528319696892,-0.016250233498084857,0.024371959515906854,0.022669812443248092,0.006548426731539791,0.005768558550839562,0.0081784437036911,-0.02646496542379403,0.030879080976215886,-0.001667006767283336,0.03448682962526099,0.008051445407071143,-0.0016855016648493497,0.015464816848114828,0.0021034863498412514,0.07696713271755007,0.02992721024815173,0.11803751874922483,0.029778634571038087,-0.014008651913084041,-0.014659055810822177,0.05514561957599646,0.014475956324918646,-0.0026620322563348543,0.015327954606126326,0.030520896460020756,0.012264583072608984,0.0009450892656232818,0.06841447558643997,-0.050508281409510754,0.03385429349800189,-0.01517321396315735,0.05031598532492483,0.004169982904550476,0.006444238808584584
2015-07-23,0.11539714996236389,0.16141075043385059,0.11165500305448116,0.15651997859108252,0.12157441987269389,0.11008707311306926,0.08342287516674318,0.08263520707920784,0.10040798909502127,0.14230881269831938,0.1145511535685285,0.09016314109214972,0.10310401813344508,0.08897176370923196,0.1129218156353754,0.09307550082229116,0.1083171514018691,0.1214565913403174,0.12436022303102355,0.10138958181579784,0.11589497798877368,0.08511771086716101,0.12212023405309394,0.1307983042765134,0.125442188205306,0.08690259493167882,0.1008069851834919,0.08495094297080805,0.04112932726035684,0.08337397327426672,0.09869791679709172,0.108677183028575,0.11956229506716427,0.130996961874483,0.09986498035586829,0.11683727646918754,0.09059175017156153,0.07232895108459508,0.12728910369295324,0.13914302810886026,0.1302613128363653,0.10817220360410434,0.09978893594918294,0.10424583272099813,0.0662894595110651,0.11910469642819953,0.09240500036424407,0.0790972339509722
2015-07-24,0.08033883152804251,0.16791339066690936,0.09666319286175988,-0.007770607876761866,0.03287883860173385,0.20644551579702708,-0.1741578417629809,0.062165977264558046,0.15333854088847973,0.07155849011164883,0.14778612709841873,0.11558061402499023,0.14650630423094696,0.10534203108521614,0.1269609502716566,0.07290640207748854,0.12231513021727267,0.19394612260959107,0.10892931784182419,0.18485181479516735,0.14307537021873945,0.06980393491944492,0.19235107243486027,0.11995281677667331,0.15289659220370252,0.24500475047556908,0.05335852629974008,0.07623583289675867,0.04424908757456793,0.25120716297319823,-0.00607821293856908,0.10844323733403073,0.11159046676970515,0.08151967302103492,0.06917095848646874,0.06260225185780458,0.20532330658318487,0.1599917284354893,0.1525511030749466,0.15429683190254725,-0.05824518001686993,0.1003191991713504,0.10823597323847932,0.06576650356807096,-0.04997865911130849,0.08720006909784307,0.13072665568417327,0.1840959287283761
2015-07-27,0.4430111931070622,0.2309137572377831,0.4665612664979436,0.21539944636304265,0.48563686093034886,0.4255053862252028,0.3646263012410867,0.5295894037920816,0.5244040770666217,0.4926955002213749,0.4410587754822145,0.4854238860433451,0.4162983531329329,0.42408709728015653,0.5320167040151748,0.47299437578318804,0.4874222707525079,0.4419366532933823,0.5194827702832396,0.4872810652817153,0.5509501680206768,0.3321479970488574,0.4354455656029117,0.5332374507516292,0.5095865422772343,0.3962131996880873,0.4780547060543702,0.33404569882851465,0.48721872291050455,0.38496975304021613,0.37332108097947453,0.4309943202984593,0.5484953512854746,0.5093901638079201,0.3396106905946485,0.2675182842383134,0.5089447275656188,0.5323792249037658,0.5424263214481013,0.46066586016439254,0.4398743676537282,0.45495997463932236,0.2533324010228225,0.33992868966767964,0.4311797888528115,0.48454548203298464,0.5371640018941961,0.45871655148672025
2015-07-28,0.1888112103670002,0.22580344867977337,0.18099033950446036,0.12918650860919045,0.18790681043358176,0.14238781310301032,0.0164133203725611,0.15795865776446144,0.17149753093269712,0.15773795212290467,0.20130463208552798,0.17645539341705352,0.15845740319468332,0.12435529909313409,0.1642894572983903,0.1657684316953029,0.1664009568021109,0.15077586047457875,0.16387948732175553,0.19927500046237218,0.2356938973040621,0.11252412041403884,0.09755251006430055,0.15756964865881248,0.14962054658553575,0.14186070884733704,0.17609351014444502,0.23466866411437237,0.23912284919886317,0.129078276523208,0.20895645687300796,0.20592884400796513,0.1815834088541185,0.20774504182926753,0.2206748167465029,0.17917167569833606,0.18878655051878154,0.2409637068683842,0.14054633893728383,0.18336076741447657,0.2028852022415802,0.1864413989531894,0.09544357724048286,0.19335848637851633,0.2017890719882619,0.20558915459875346,0.21073258244095505,0.12108172290371752
2015-07-29,0.27673305135774734,0.16609660563329584,0.16043876611127272,0.12952854822383467,0.11270069915623389,0.25550341815285443,0.2124400406658912,0.32347578951928924,0.28176403455150173,0.018186568068642498,0.21871753239872993,0.19233768170923857,0.25303505200387344,0.27784090955261,0.2623407588930459,0.09545551575640801,0.2816841972469749,0.273925490857244,0.18673729752326673,0.26482280513262135,0.11469168236525845,0.08063197854640532,0.29518718228480406,0.21420005312699364,0.28613504991131034,0.25813496668082947,0.20527681429338884,0.22399419254888542,0.1731254994796539,0.2171602425822452,0.013093317942400018,0.2672690941238372,0.2816191560452175,0.14543397664234425,0.19555515826957748,0.12285481556402099,0.27785323963825115,0.18924307917770147,0.29253374785481584,0.283347834052115,0.15360358313606842,0.1985920583630073,0.07204592777797468,0.13176546020478183,0.07394845562458789,0.2609631800747818,0.2569802541605302,0.10548453168023833
2015-07-30,0.009709816749418424,-0.08256430181975781,-0.14125336434240632,-0.26517080024796363,-0.165285732053279,0.26422951824814656,-0.017573314100249912,0.0026405090749381534,0.10043379346643229,-0.16238678829030584,0.19018460652721234,0.03618754194470049,-0.07259327073852517,0.013571923636265753,0.0722569339079434,-0.1921237644725777,-0.022080092117016184,0.17423931066847237,-0.08246580095000448,0.2023712837546686,-0.12197150737657887,-0.1248872578059227,0.17494533747224225,-0.06989326831857026,0.1440833940781357,0.19838760933869531,-0.11763029974033007,-0.010791456047026192,-0.04553296217831612,0.14441723721581234,-0.19611055600468244,0.027221463464204225,0.047100871592427665,-0.0719311952722085,-0.13096501083899365,-0.28372894991994807,0.11632391636964587,-0.03373218392793143,0.10766207406361572,0.14677658241569508,-0.26119874623355277,-0.17745149884191558,-0.085272876878427,-0.09860903368309054,-0.09902828580276848,-0.0665685086796886,0.061810542616667005,0.101180654491524
2015-07-31,0.39143111711304107,0.36870644939105984,0.47737307339072005,0.2960802449327619,0.5066406541215778,0.38802067448840294,0.3678471512024236,0.4110335179461236,0.5246268853145346,0.552554750623014,0.4010219034014794,0.2875016687337723,0.508756458807461,0.3847306486381998,0.5449388624807405,0.5737115365732136,0.547546106306268,0.4836637465598926,0.5172789402567368,0.41208070256568624,0.40332148552059716,0.5205509981589223,0.35393736846162177,0.6056307792986746,0.5807332215222675,0.33145126958526444,0.4709799513951304,0.3408645829836324,0.5260312223043455,0.36423268744865206,0.4972103184566666,0.4068072674360466,0.4807882444227312,0.49140950829134716,0.553861997648097,0.4631575894642315,0.4691588841021704,0.4720709525896836,0.5241023473232788,0.533028004307901,0.5974197711419383,0.5195129551269477,0.189151256633026,0.45884157153372224,0.5272341291400621,0.515415317297419,0.4411585165473035,0.488023338157891
2015-08-03,0.1850008298354963,0.11995717323828753,0.1586434262292027,0.15466021992972745,0.16506365776039822,0.1509178390358733,0.07912203895749151,0.15084344542653655,0.16843280562731122,0.18288155765087274,0.12813195913206143,0.13533048651686924,0.14202338953991356,0.11701610385221918,0.1559000042713299,0.16065426027140312,0.1603311524342413,0.17428310645646908,0.1629743321558043,0.1613086718518402,0.13485953714250845,0.16034975083657546,0.1855253678267522,0.16122862956547507,0.17684842506995505,0.1885026883360143,0.16294438557577468,0.1371868592515484,0.13796736169526813,0.2015111674737295,0.17161849128814796,0.16759776888522174,0.17610039102353056,0.1899886691598006,0.16898193133690725,0.12390570862198444,0.19264792546643217,0.15445279638800305,0.17582961089463106,0.168827470029386,0.15458519179444985,0.14356989397807554,0.03251307449431001,0.16272782451808668,0.17148010656569523,0.18596542493960871,0.16468002630886067,0.1315972720237429
2015-08-04,0.09532390499217172,0.1490121781051599,0.1655924305198731,0.15399421954054762,0.19015250023105856,0.11864398590627256,0.07302862671180163,0.137163084554738,0.12711038503086175,0.1242005571221677,0.09787652664682726,0.09422293957454908,0.14083005997175752,0.1691992455955559,0.12425635350092036,0.1477322902215929,0.16842339539044188,0.11659510547308066,0.14974875264701787,0.09673751715777727,0.1748066258043934,0.13808949146900032,0.10254563964547916,0.11615808579145356,0.12066824112202611,0.12669206804602326,0.158932088481837,0.10449695434375715,0.09092753857198031,0.10610632140241678,0.1626224422698423,0.15966835131208185,0.1310363927984035,0.10857601251335232,0.15711013410301355,0.12322178265689725,0.12203478483404699,0.1477631496712941,0.15352732082154275,0.09406209638216707,0.1702687281402511,0.16108819770995023,-0.032959092340152034,0.1659664844556452,0.17288149488161947,0.14788534062364633,0.13765184836414693,0.13763065197445315
2015-08-05,0.35930972828684155,0.2850951796731473,0.419457582409823,0.1936400131053686,0.428956388480281,0.3618945905767269,0.21944062622668611,0.4354389663577021,0.44276925753928675,0.5152513179645407,0.30237282514933084,0.3419028873542232,0.36905970275344574,0.3498957859179224,0.4542567638280675,0.5134362402736675,0.4758857566522377,0.40459525469719915,0.47261369926577307,0.3589283034855292,0.2223807464325748,0.5150974871355817,0.3231916366465384,0.4586567038088261,0.4757432739991854,0.3768105068977996,0.41763115654304295,0.33237041959249963,0.40700302350129297,0.25444186518619205,0.44416760499269303,0.35847374599503956,0.44810037839862105,0.30691330876243095,0.44882224847713786,0.38723695873929337,0.367082598328792,0.4059608185313191,0.436525869427888,0.4053814311058545,0.5572256988269769,0.4402915724662991,0.15099252717742495,0.36411883305446235,0.5023969869332059,0.44371556931907163,0.4165694716415389,0.3175655132662601
2015-08-06,0.419273588166622,0.3550130764565085,0.3880355314389319,0.10267991459602248,0.2881816225241148,0.44806266264046585,0.39664404680643006,0.43385530460643446,0.47772241389430564,0.44484865876644325,0.42832340913982336,0.3794324622217584,0.3631478715702835,0.4192083689321654,0.44418081380560753,0.4751390800174786,0.47330772391393655,0.5030392163256787,0.42876363897240577,0.47867722348675057,0.3350423493015634,0.4541834877942202,0.4965420761891096,0.35534086104730517,0.46806866281003584,0.47178289821234076,0.4352027339903084,0.37331294145269317,0.39733905523416957,0.45754488713811464,0.40239680686628093,0.47649629228652113,0.4630526514879768,0.3686765060751716,0.40971701374169256,0.38549589444919086,0.49352112124907865,0.43061521303862926,0.47725479198325166,0.4532071558544045,0.5020048392671966,0.4111844465169667,0.09734496272759714,0.3389345785859165,0.30837741066595353,0.46245133014628675,0.4822323239569813,0.43294810505514275
2015-08-07,0.04403022188222885,0.05200522825816349,0.14851440958957912,0.003982504018073293,0.06714581739360735,0.0534372609028988,0.024150293287602514,0.05128634276976676,0.06817680438672268,0.1563532899772453,0.07038638102533808,0.08236387401183634,0.07328168834490309,0.08406273909727588,0.05382109155834432,0.12101409079331875,0.11397825809756892,0.03965761285391419,0.10834991073719452,0.07024228513143327,0.03276236929358918,0.12474496301979632,0.06822685539411881,0.021094112008136982,0.057039020658067874,0.11188153532276392,0.13716590155589983,0.13830400408076737,0.11871875797005645,0.024697462382076773,0.1276386763582341,0.0635874139250999,0.0879842514665744,0.11788128028579116,0.1452684264220157,0.062370568732545435,0.080398495281918,0.11279329252755976,0.05715410609545643,0.03826256057133145,0.13621907676630413,0.12027735271629664,0.0546733586977873,0.10112949502690737,0.10869070390220388,0.0960976154043557,0.07013612598835739,0.027100871445588877
2015-08-10,0.1665544769440326,0.17647927074725003,0.12863939821484294,0.10564703760957579,0.11329511390447759,0.15747834695866259,0.15125421923754462,0.11677093164563532,0.12784113233906613,0.10395181458059441,0.11599850675815128,0.103277576918512,0.08847680573795891,0.11035388140062254,0.07565131274739262,0.07974115017564383,0.06962032479294124,0.13968696437265868,0.10301200315815427,0.15752648519637916,0.11596214549274161,0.09983998020928063,0.13930887198900396,0.0319086431741808,0.09618689367951753,0.1491485190560376,0.10388646134395932,0.14718505279049862,0.02908314669144146,0.1671649718130872,0.1317702964440779,0.17017759662382648,0.08942203669709561,0.10017089074404756,0.1067878262542808,0.10118593808768711,0.1323929055716307,0.1229119043153994,0.17343314419708247,0.09358105291729714,0.06986260996290546,0.14742064323866122,0.015677039769146233,0.10879528640594485,0.14465922989362165,0.10410324281182202,0.15991873245349952,0.11747132706459766
2015-08-11,0.14245907096681057,0.15297832669207714,0.19096599047420285,0.06486155699562006,0.09619102660521267,0.17047435038691747,0.052933424149349595,0.2054674143555962,0.13743449863500465,0.22031608312927362,0.1489022853840853,0.07995273342508742,0.1792641277810199,0.11837697672866594,0.14965481052669533,0.17838456968802927,0.1947292610245647,0.16180773691932618,0.205728251048129,0.13022005879308418,0.12323905005795449,0.2020945927973941,0.13092873499850702,0.13510695835886846,0.12135870445739674,0.10331422196754506,0.22254850990195227,0.18532172948597173,0.19939981767231496,0.1324557097523207,0.22208390461896121,0.18198405156125058,0.17814823681333639,0.21457993282414278,0.2397588953292794,0.27005883334430275,0.1570436788613973,0.18563189623284013,0.17998570073267428,0.12579196097448678,0.16291234323405712,0.2277855561279227,0.06670688279969994,0.14240651672591706,0.22250337129014186,0.18992328854138327,0.22481608030811187,0.09709605577201064
2015-08-12,0.02590461746107216,0.11711631542566779,0.13313227141194303,0.04983522388312231,0.026582673754318102,0.06287537900880816,0.056353967923927474,0.08896893535557418,0.046680801618651666,0.05783528914333619,0.023982986473468977,-0.04734047561204699,0.06315008196206955,0.05833117311295593,0.00957720249257801,0.08633475328028593,0.04732370970410146,0.022825493982614044,0.09112722358225467,0.04821746156612093,0.08769085729603408,0.06495886549234704,0.0011207364618974266,-0.02754316254144118,0.006959141482621995,0.09314429127662473,0.05537456973102285,0.12339708247910906,0.07036716049000741,0.057510288466238194,0.11821770660916653,0.05760894938607152,0.021144389289767904,0.09079964353470353,0.09779554104628305,0.10510870112360106,0.03715260716468368,0.055391335638968385,0.054860630168230985,-0.012401613138786712,0.1128622887057959,0.09256973650818363,-0.05046699014012789,0.07427039282824972,-0.011302156483127846,0.05482645350972665,0.058347939020901456,0.004320445509040712
2015-08-13,-0.1474091659112105,-0.1494296577946768,-0.12868341931402408,-0.001082023619580955,-0.09636728864076591,-0.13156806605404064,-0.0618254301531314,-0.19243848195709876,-0.1329409309393526,-0.13428705593853738,-0.0787509212216867,-0.11125097013611254,-0.19481833182242103,-0.10501535912971453,-0.14279816603512704,-0.1394530714998467,-0.1299317154615239,-0.08928839293284374,-0.164580085958951,-0.12243019911432279,-0.19830169113474944,-0.1029511703591623,-0.1528738855663312,-0.16892241013155107,-0.11611502064188768,-0.14072615095644006,-0.13858239471985076,-0.13607536734733805,-0.07768263016128715,-0.1202994867246248,-0.08262885690247766,-0.13849695752271257,-0.13766606447573518,-0.20680236615382605,-0.07553104761656305,-0.17266140130047153,-0.11603023563709408,-0.14279425288105965,-0.09146801974838419,-0.16179326807061936,-0.09699143671451584,-0.12356566598621264,-0.13372542434710039,-0.10608104142073577,-0.12522353892610008,-0.15376347592431958,-0.12051079704426428,-0.036948000704367726
2015-08-14,-0.143244615935646,-0.1088091020189472,-0.0845699881547805,0.08736684736555451,-0.08018757097728342,-0.19081140263331456,-0.1489141031182773,-0.23448491760822565,-0.18465599623087128,-0.1367732215694409,-0.2013958580799401,-0.17525788156047423,-0.08539175251874305,-0.1807685942535707,-0.18771511190481283,-0.08513120103985174,-0.18625321918908103,-0.20636394541524541,-0.09729983556589396,-0.17663009760950374,0.027712046592817927,-0.07099326691302786,-0.22487940526501898,-0.16124745134885246,-0.16621847355688624,-0.12463360967371327,-0.13452021760491029,-0.09788550572370219,-0.12746902282635386,-0.1847326290187805,-0.12204472583026142,-0.21200411860536297,-0.22778492926617228,-0.036883523869185635,-0.1605114504879543,-0.14506945457879455,-0.22423992910718943,-0.1478781277799094,-0.2296025937759847,-0.15366471850947902,-0.056075308834379195,-0.13738237070907666,-0.12900184147395413,-0.030895079115293492,-0.09642067813524198,-0.18329388918790637,-0.22382480766460044,-0.18088468477482886
2015-08-17,0.03206743708605509,-0.012068452704814327,-0.03761755182679603,-0.06231285188248444,-0.01600067063080924,-0.01957371417425591,-0.03505539249192421,-0.007587155808011828,-0.054310132892927104,0.03434016619070728,0.011614809656120098,-0.01412419405412095,-0.0528773043866036,-0.0045922089143936974,-0.07458091620099745,0.0038606409844098946,-0.05642197508834089,-0.03785001567761944,-0.018998841710985256,-0.021305424774495225,-0.017412541924506492,0.029606093067766702,-0.06462656262218744,-0.04500515225261361,-0.07277053544874577,-0.06342619796668736,0.001269362247838797,-0.0227943541269259,0.013437764735947516,-0.04818836987547339,0.038276253140571655,-0.02415173666779492,-0.044626288566323516,0.007411115221951381,0.04652565686757279,0.0482821937043078,-0.033551530158648944,-0.03132426208446291,-0.011924331565676927,-0.05808533293355307,-0.0007447870948711254,-0.019381230236750258,-0.03770825041162997,-0.0074220786527556286,0.0781217178788653,-0.04765347732552049,0.012152926392630879,-0.036912744645242655
2015-08-18,-0.07948981200454257,-0.00727747327454136,-0.04504743601330646,0.06184292407905585,-0.08487173569021206,-0.012129541385190082,0.022729957402804493,-0.04558237531220126,-0.049757005895650165,-0.0448271481375399,-0.007552303046022696,-0.09749252782569137,0.06347988852987252,0.02822298935110592,-0.038865029682277466,-0.0004530087864895686,-0.011241057579457198,-0.040299610638789125,-0.042583463521555676,-0.008237045056521798,-0.0804420549638982,0.12440494777408186,-0.05655086250992123,-0.14282052688022584,-0.07126870673642646,0.07294302211055961,-0.04714893771671198,0.024691051036174225,0.003667745312148126,-0.0397429932276626,0.017326231201211514,0.02540738512712571,-0.020559139085652555,-0.0746693011948953,0.014991689791314886,0.04078162984017704,-0.06089094809702116,-0.06321210008465701,-0.016130428275017025,-0.08810686161665589,0.08962911140939882,-0.024958839481389734,-0.0998648422407183,-0.013428636280749447,0.019266422245951497,-0.07636625106856453,-0.04127767605536195,-0.08117695684603596
2015-08-19,0.19066889931520062,0.22125223338406388,0.18158216268492797,0.016995005970196635,0.24261048436071686,0.12324686443595152,0.10317133798835668,0.10794447967983013,0.14195307150990003,0.1767938629064696,0.16175626892150718,0.1286107689145722,0.13365566355936798,0.2090636620059288,0.12210069866936334,0.20002673125880271,0.19301292809417475,0.1381545848522026,0.2042892322202454,0.16159991627568,0.16828588324744445,0.18929766139312731,0.14245113034136572,0.13223096207725643,0.11000354315269979,0.10185113967208816,0.21632145095255326,0.2078935389790929,0.20484311853597412,0.1661290993709328,0.17102457636628884,0.23299066045122868,0.14783079617541253,0.19628813775172463,0.20843131642623244,0.10826475042208909,0.16547468789363984,0.222537099078402,0.16727337377486984,0.13355731270150895,0.12148600580774425,0.2507537080164775,-0.00025817505594427024,0.07571504158397958,0.030763013520721135,0.15622970725488886,0.1794531187939663,0.0442522119486205
2015-08-20,-0.060180185126681905,-0.030655815598794087,-0.026912676138209846,-0.032020223552968984,-0.06672164666269444,-0.03713154243651571,-0.029484862602405827,-0.04770727304608739,-0.06398432085463676,-0.05680100796019908,-0.06653880099084446,-0.08460521437425682,-0.06712579864771459,-0.055548199856868305,-0.06947441977751186,-0.057632640515958185,-0.07156642646440242,-0.06083969054997531,-0.044387993599693365,-0.05544826523966753,-0.05477110575150585,-0.0816182096487764,-0.054573443275212845,-0.05323458838663724,-0.08286313647314812,-0.11279213569456606,-0.03554803586806312,-0.07345887916804981,-0.04021974912300845,-0.09579347798452598,-0.04234579659582401,-0.04580946107274785,-0.04329281107554361,-0.028595486821546473,-0.06335318803559593,-0.05500785937143574,-0.038367957479611664,-0.05760048489780525,-0.05948631732712703,-0.08058607735629904,-0.10420091112688348,-0.05817865552224124,-0.06689927219371533,-0.07046052540086835,-0.04799478210251359,-0.03531538051319193,-0.04126984439233433,-0.06361768375746168
2015-08-21,-0.05913467071191674,-0.1384368559383831,-0.0687663421940971,-0.025275059134148983,-0.1206361061215056,-0.10747593111336508,-0.11349301491679635,-0.08033861440597616,-0.1257192850671113,-0.10956651229531192,-0.09212428748154929,-0.018792977440338556,-0.12970321703953233,-0.09770190013687599,-0.1582305964750749,-0.17032688575486973,-0.14122976350377475,-0.1448838604165769,-0.0780754947362804,-0.08573242359719338,-0.07621537132242218,-0.09607558771259975,-0.075267324154756,-0.17087015972413624,-0.16533942604098342,-0.14601724928133022,-0.08688288340773108,-0.09095643784551989,-0.09698219165089668,-0.10731741518822474,-0.08299131744553602,-0.12249226663723532,-0.10348102496151124,-0.03565449930050574,-0.12063000935515404,-0.11733165875896492,-0.10270917434140486,-0.06580239923229056,-0.050604684909461656,-0.15036851142643223,-0.18483749450987885,-0.07518867586882098,0.11479526199672739,-0.150990686432608,-0.15315381913413834,-0.08628509546696148,-0.06461109108719748,-0.08196401231529968
2015-08-24,0.14412944062011598,0.04372628471224676,0.04939865030877053,0.08318385100016724,-0.1817224356327584,0.022433480243894112,-0.1779398428868331,0.22467957179098816,0.14047659256920578,0.09347700043957763,-0.05490531364574994,-0.07983681527008522,0.01179409923138742,0.14651173282723132,0.17017614025376543,0.1685428297424764,0.22084046903265023,-0.15018317586529878,0.05494513869117151,-0.0012367190638857268,-0.11200339952946056,0.27916440834105355,-0.020517891730840645,0.03635170895709832,-0.06969492637299916,-0.07789927857546908,0.05554139762362419,0.15505841569490794,0.129767522819295,-0.23948975347463672,0.2154159149922641,0.21042270368675556,0.07604709592026335,-0.0852247890078669,0.14099146032836352,0.046353949788659456,-0.06906940319846293,0.15314160783843433,-0.0682289707461255,-0.12216479792126898,0.21310739306206777,0.11719749766343861,-0.05508951170769369,-0.017319559219412684,-0.09422476279198377,0.10893431214094651,0.07988528417103612,0.022713399183305814
2015-08-25,0.3309410509791795,0.32695399334919767,0.31640469387742376,0.27814827241588896,0.3129007929475909,0.3326199294659071,0.20349669884513003,0.35034265678354254,0.3397500197936843,0.2527394770851477,0.2492773082436733,0.3370836916068728,0.31031140457720824,0.2880090171921396,0.323204993369895,0.31202389954907805,0.31441036328736,0.3226439125536845,0.29569644779735255,0.35733055203494657,0.3063077806179938,0.3629999619711891,0.34788382135934914,0.30912512653550617,0.33658053660522413,0.31599608926610534,0.33277142128628395,0.34245442932781894,0.2871543056533312,0.2535287702805451,0.33930115514071585,0.3047965552131577,0.3529572387841503,0.2705126470733089,0.31457432357031934,0.28338259415091943,0.37982926934185834,0.2972088723086044,0.3367289113099553,0.28772411282213045,0.33383435772143827,0.2856636993803797,-0.045756287944872485,0.2723975378479699,0.3799944764710759,0.266044573506886,0.39213938244951674,0.2525893134825433
2015-08-26,-0.013826325565847498,0.14574658627873963,-0.010781204850436635,0.36696597781202356,0.11909793467033547,-0.12246036028441577,-0.1442690943596132,-0.057331434380307855,-0.21919164809767502,-0.15573069649474056,-0.27784519622279835,-0.0846153294667238,0.15558668525812272,0.039980885781556764,-0.10304471548957532,0.09909531642475235,-0.013395538706527425,-0.08496070706449996,0.010943607132423438,-0.1544776117085852,-0.1250806166805406,0.024217577911935788,-0.1624281541353709,-0.15187449950729584,-0.17960601393523393,-0.27615962554747114,-0.07668847720007438,0.017992364910863996,0.17130326293134404,-0.04883539484512119,-0.12547493316175615,-0.172804132562424,-0.19487930954519417,-0.02443452990476269,-0.005896356172864353,-0.1153171535780635,-0.02360475087472648,-0.059657434050529555,-0.12499551913163008,-0.14232954696081246,0.15566180800276538,-0.026916697604303753,-0.1578542928926369,-0.012550177956858834,0.12860483971344422,-0.07907837796013734,-0.16262671508282886,-0.1897273478090305
2015-08-27,0.015932727934059566,0.048098432280493354,0.030070218917802555,0.07464390823087833,-0.017461030100905387,0.05526087036934288,-0.011113424117285574,0.022428131954847816,0.034534267941580814,-0.08541554926729426,0.012967755389258186,-0.004045765701627499,0.057311653829930004,0.07163377659410507,0.08811272016620736,0.04923277047229774,0.080039702355632,0.08620836338752333,0.04803183586405025,0.007480564957122689,0.038003606195110125,0.015351988508510729,0.0638314006177292,0.10736593978933566,0.08779275863557058,0.05721516334066963,0.03301398829890202,-0.008893574260050429,0.05491534117373161,0.04222999007441109,-0.03203190984359491,-0.004027569710308433,0.032437564346791445,-0.06033401764412139,0.01168075360496156,0.02930083165338117,0.08346988724284402,0.04380698736799275,-0.011016170695469367,0.0577989852472458,0.07658239163537948,-0.02892168648701967,0.09907302861854717,-0.021676941351304057,0.029361248281516827,0.03482648714297163,0.057466077296294236,0.03616589593756914
2015-08-28,0.05440370692507165,0.046004379819075535,-0.04525246191257269,-0.09021371042645594,-0.09033982498204376,0.08497468371612607,0.03895281427462505,0.09507738085379212,0.07126907011842462,-0.08746154321565182,0.07371967350269529,0.03452149804293726,0.024748005372295823,0.05776303234672463,0.05208506994957735,-0.04178912794111533,-0.013583818078510236,0.10881977428649686,-0.004210386685704512,0.09986689920376975,-0.05624872815638424,-0.07840888021992397,0.07430069323967942,-0.003201354945821866,0.05258310509240879,0.14471056229450258,-0.00787480385345035,-0.005044263928484026,-0.05415046871685227,0.03442894030365364,-0.0740821245480615,0.042824088380183326,0.061565826106818905,-0.08155054137213123,-0.013367058231236746,-0.04480989799630359,0.07460879972634632,0.02662588727586545,0.07334170426307723,0.08293491024373048,-0.13189007652933932,-0.023547837149770424,-0.15145572150665265,-0.04173940988831182,-0.004546228785652588,-0.002646037801835064,0.06330261815152345,0.07023082570168467
2015-08-31,-0.18122279563079496,-0.22870623540141594,-0.22233678281629085,0.06334348920814119,-0.2515761514242261,-0.2560739723801972,-0.12719887043825942,-0.2076323280370587,-0.23337499721479021,-0.16026122226739137,-0.11345176681766242,-0.18409681458393534,-0.18425292325736722,-0.0980400491780845,-0.21504711153875453,-0.21901814338605433,-0.23567254001074156,-0.21813904158930922,-0.26586498371520734,-0.21954813685610844,-0.1368821189629388,-0.13994842361818371,-0.12221414268761824,-0.27342433987085196,-0.23286761438765646,-0.23572620260327265,-0.15845719443758255,-0.19092577619603507,-0.071648906761396,-0.1205035721818804,-0.19541594840478715,-0.1858715438152288,-0.17129009093348357,-0.27537170389989846,-0.1637670778210088,-0.15718044680067741,-0.19883769236674073,-0.22657431877481235,-0.20377404792912202,-0.20093445265355894,-0.27822275523454115,-0.19649643566114328,-0.005800824660282971,-0.21754252046646302,-0.19600261921976173,-0.25631665994754277,-0.1709828876650051,-0.2646273434674259
2015-09-01,0.2721220741671916,0.15948529105930878,0.16408114087037184,-0.10462706700531439,0.28326174243107843,0.3633834148976954,0.11522565492305922,0.38395173612296934,0.3525706152740934,0.1817039320396258,0.223783760271774,0.17040458487886437,0.3419182261343601,0.3189297340957737,0.33376800201437773,0.20674227923917357,0.31639685851870214,0.36975511013984,0.2617776850829162,0.33666940427929626,-0.022448821079846058,0.17060638889911936,0.24299385595049375,0.3600523810144574,0.42756997050147083,0.31760500588047896,0.2852494956983635,0.2789201392828161,0.15544014415476146,0.38225937570207963,0.2557810760651337,0.30698183649431277,0.296620750407999,0.26981315753772855,0.2793799031603729,0.07459624189245097,0.25670447991000606,0.41069019592292466,0.2808367165882212,0.3681062811885503,0.20351707439901084,0.3756703212726854,-0.05906495674492308,0.3310622919116902,0.2438143943363796,0.3645214944830611,0.29614399136765324,0.35908546222905174
2015-09-02,0.21760565540084645,0.16102571981586264,0.25265642472598243,0.012392596595847143,0.28377985050530236,0.336998499568272,0.3199947185507629,0.2499846653990063,0.29365583965197534,0.2850330755547587,0.24744771010876482,0.23275211263618306,0.3307918685907108,0.2002970194254007,0.2888673155955251,0.29500351516238166,0.3031237761808822,0.33784308220761633,0.2970689679577614,0.3200071718749263,0.2321829630223791,0.24885285388720343,0.3439875388673156,0.19876612364931412,0.32694725840925926,0.3491358362547714,0.21198493434431606,0.2761366478090394,0.18473652796323467,0.26716708581242715,0.2738223026436852,0.2807098976592321,0.2286937515039705,0.28578624038048683,0.2415818938468144,0.31646428925303977,0.25632316374051023,0.2818246051930037,0.30388932664587454,0.2974316902504966,0.27999388975129635,0.2562901353691392,0.015141026839610413,0.34301674066594634,0.34005126475070657,0.26982351053840964,0.2609960884971619,0.35438911667979933
2015-09-07,-0.25139564835101635,0.0046998284634074275,-0.1487231234055192,-0.09968327586430088,-0.08080300441208577,-0.2689783601768129,0.18124512288170427,-0.29352753721133734,-0.13006557385178083,-0.11510476605216308,-0.18077243139049645,-0.06944851782502502,-0.06871202793003098,-0.23181901774415867,-0.23074797184537924,0.00494833705686101,0.0026294876845035075,-0.28496383688776294,-0.2087194861663156,-0.3018331014727059,-0.1051147699351072,-0.08343453385075361,-0.321439775033696,-0.27366313900007083,-0.22178758785559025,-0.2052388786744487,-0.28318634404812193,-0.18313397305380552,-0.11252223871343939,-0.1670236576596644,-0.19118956826962558,-0.20972169578184022,-0.24823355450878648,-0.1963260383887722,-0.14392325104432233,-0.04232118863927193,-0.20938801481555377,-0.2697609353800878,-0.2456793200491972,-0.38613946435163266,0.038397812172909565,-0.1877597129527008,0.06428227640517524,-0.15393893025790872,-0.03136367739759214,-0.22328448533721776,-0.2631552773001154,-0.2979038914230168
2015-09-08,0.23728384999296112,0.20469982146366628,0.35600311411265007,0.07564069809286818,0.270863298676318,0.3271096742967525,0.15389829264758875,0.23919991963584306,0.3116635388556829,0.2671344684776443,0.27641116788359,0.23295228832485546,0.3350981493404746,0.3290542823614825,0.3266741779793503,0.23445854622999854,0.30786450413926286,0.35555905626869355,0.33164271722310584,0.3267500901814662,0.24283286073710708,0.31427879983384344,0.3366346579727767,0.2395722657671446,0.30217793820180905,0.2969057501495897,0.2817198851157749,0.2955456089643089,0.19142146454617895,0.3231588151761005,0.25749190650360587,0.3530716474204125,0.31436441509938773,0.2405806084848545,0.27880268763446137,0.3231456875020504,0.3011397104149749,0.34156552649969263,0.30816872371616366,0.29553019821651094,0.30336970269818603,0.27807724095108255,0.05579686487560415,0.30652433984927574,0.2789978904399025,0.3028788418423986,0.33205309972928154,0.24319023118126973
2015-09-09,0.008857285714595825,0.07068535099236267,0.06451298056860563,0.07820530639167722,0.0978896166974048,0.061501571918637365,0.13188788774841442,0.104385891820531,0.04633122984070303,0.07653036180832454,0.10807024413962599,0.06114683528559049,0.035979369912698955,0.06556177954402578,0.029593539742902714,0.0889866689866002,0.0656573843485879,0.019311885134069624,0.09064477022393111,0.030751356734271294,0.05760574747960052,0.034505343597584656,0.038981075388472855,0.015989977191524167,-0.012699457308087367,-0.025121803376682777,0.07872327917625063,0.14315777818887243,0.04738345346583883,0.011554482753152505,0.07523584421580594,0.09041474791802943,0.03817942196753267,0.11682792962499143,0.04083523782202516,0.09588762355112661,0.056984744331161276,0.09013849284096638,0.01154706267876858,0.005224303141235699,0.07772271068432599,0.06748643268422536,0.005074900176070053,0.08977490919615408,0.1253433211429741,0.07732402437992818,0.08991902987168798,-0.07742562232149268
2015-09-10,-0.3651402890310701,-0.20390579163040073,-0.3959672992416102,-0.3056843183313742,-0.26066773576891705,-0.31426469670315166,-0.316427293989536,-0.41256298087007426,-0.3687854062307628,-0.384510133233454,-0.3525657507399021,-0.12647305378397586,-0.3561895239268875,-0.30154514234256924,-0.38331278938255064,-0.43081744312706133,-0.3863987572126498,-0.34950948278842536,-0.43275798603572374,-0.41345493641113695,-0.34089706576391343,-0.36483781751501976,-0.2556590174722761,-0.4154223363144689,-0.3945634463903563,-0.30664048941478106,-0.4196277471094722,-0.35893364352476775,-0.30534781093873037,-0.3204579249580188,-0.3277408673729285,-0.3729155862377764,-0.3533164820434777,-0.40336516333185635,-0.3411619106400694,-0.4067393103884335,-0.37835278154220714,-0.3824987122356881,-0.4042320344463228,-0.3726361573926691,-0.3886038533180892,-0.3591585283259971,-0.16675251186174586,-0.3849158592496797,-0.2912331095764706,-0.4094122602178313,-0.43222946300092796,-0.2825492723109622
2015-09-11,-0.0773092713577338,0.33313790826338857,0.019926062248126136,0.1947359008545474,0.020102236464592037,-0.006622867150786094,0.025497463649507925,-0.0077796667244678375,0.04420251926212801,0.010904133954240613,-0.071435738403418,0.007869212228532459,-0.014611961647684182,0.05593502204875798,0.048220691457549016,-0.0038320808872997314,0.06648680757006678,0.0338540341197542,-0.007668536962094477,-0.09630633546108526,-0.008494573599998131,0.00306613139650592,0.0750858010727676,0.12010301527801463,0.028552181913296042,-0.006807208383909357,-0.023116448969490458,0.06587894818742615,0.02495956962155675,-0.010780170308548545,0.022685347161648398,0.023362626185876586,0.014179690992174544,0.003906459074714972,0.019100318528233795,-0.0342157162860087,-0.023404336306662388,-0.03500354171427759,0.06411953945609779,0.01816402840430077,0.02582148155807454,0.010986387479146879,-0.03500636937236878,0.030811241550053315,-0.06768648398119967,0.020409374626742034,-0.02208769654982946,-0.08818073724534498
2015-09-14,0.28644410865690945,0.18441242973447852,0.24540951682033801,0.13211023325758953,0.32918589865403536,0.3261387264033412,0.10464985876485816,0.3765245523125895,0.3776822269237703,0.2943372385770813,0.29787231560180566,0.3437797740624046,0.23937292479388378,0.33106547920189344,0.4214413938530702,0.3211163028382313,0.37308186311234615,0.4232935565592929,0.28922760294123745,0.26957338567613487,0.0012480953347660613,0.25385246196905,0.3106082691918726,0.5669812135255148,0.4930285033256582,0.2847844542004674,0.21877804221735317,0.18031547726951738,0.2888595038333236,0.4135500140078963,0.1643638353418621,0.253123847411547,0.3971623117265713,0.21660794921982615,0.19672651388414916,0.2495035255990059,0.3694364568915003,0.3446096012906256,0.35923701980312334,0.4851972093887491,0.35791862997129237,0.28030484556390556,0.24001534675722402,0.3031185315587411,0.38885266395687407,0.29530619676764375,0.22210901829689061,0.417768569790589
2015-09-15,0.0316643782825654,0.04865387855016547,0.07419313961826801,0.05238248520081385,0.0812157208260879,0.0530830571618992,0.008968061660583811,0.05126934504509163,0.01431738322159821,0.05766489410074214,-0.036819550109827556,0.005177860368318259,0.07728178729507379,0.06834292665691984,0.024981998541994815,0.09237796651356518,0.054839522406040786,0.05776567244949784,0.06320800144310104,0.05059639613047144,-0.01099408299902103,0.07962562930563176,0.011133622251144313,0.11083590869720622,0.063578317150659,0.02890728540995001,-0.0026530347551132023,0.0824990048883499,0.07472177870804277,0.07249093963884104,0.02010915666709989,0.04655065230128162,0.047748066054544666,0.015369294506835272,0.022040045976395587,-0.027243250012300338,0.0077685795172482,0.05716577292968578,0.03722537527263243,0.05439049224856714,0.1113454654960923,0.036239953844710515,0.004775269824188331,0.12427818998508255,0.13032131298088323,0.018632068088,0.05610282969502871,0.012597895550350798
2015-09-16,0.21721790133399496,0.31574763629937175,0.35088518075416625,0.04143336965241878,0.2757620496502122,0.1933124319196495,0.12764454885662882,0.14427394313674768,0.26722721903380486,0.2915340200581498,0.2761787114376952,0.1953734144578583,0.322474767367313,0.25503938033370155,0.2595527210324848,0.3070723515528774,0.30492853708341505,0.18691557578225795,0.2959361447907148,0.16114597172770684,0.2843195923942957,0.3267134489863814,0.2283958513542556,0.2831239729914671,0.28594608862947196,0.2781675306490361,0.2872299919821152,0.28767127785343705,0.28776051532498054,0.2762753683926789,0.2659531551634276,0.22324055897915074,0.251141752691864,0.3251886274012867,0.27378091055519327,0.2061630939251235,0.2940702211537335,0.24255635716561938,0.2675057061985445,0.2647202382188898,0.2267258228642057,0.27399171400858824,0.11195169627908912,0.2891747176977751,0.30134815820312244,0.31144525600477374,0.29652919722183585,0.2434643819165437
2015-09-17,0.13370187512793455,0.12927351199248624,0.1853570988333633,-0.008215383911837834,0.31666224321885444,0.0889430973907136,0.18550713654528123,0.03241382686400121,0.3267988234815913,0.28297899571284607,0.011697065323827607,0.10085514042670896,0.06979960613645124,0.21300658031712139,0.3800488466309638,0.43571171169053374,0.4394421504786047,0.22671985023987862,0.19200406249210802,0.10069235764322951,0.033838176219446514,0.3570899864407281,0.10340009590030996,0.412846099619285,0.30443152536320306,0.23717038698072138,0.24610810546205394,0.1431120175569738,0.15592233785602705,0.15620718473666406,0.31158099239703657,0.22854702800516621,0.29106741271515535,0.13363404896815143,0.3796961506000916,0.43964562895795406,0.2517830907614721,0.25288305413534595,0.19107219003595752,0.1300251074749962,0.37382122557748676,0.22527190917668266,0.0977685492594819,0.1356449671581395,0.4335760723464064,0.3284720653538059,0.16550703593196905,0.09004188117919998
2015-09-18,0.17083286395667757,0.05341989132183849,0.147086630520264,-0.03402055215882376,0.17537426769867706,0.16911361825434917,0.17053245799786418,0.14337270592761844,0.22835593517238598,0.09794333389758536,0.07477509730106266,0.16176362170463518,0.13585758745559268,0.21468572011627363,0.16888006034761777,0.23976252586982372,0.20127147508925589,0.24074276132686306,0.19045290770750303,0.18666584882083045,0.21615961205799533,0.1375555805890027,0.2201041455939035,0.14893424397378957,0.19268055471185783,0.2472841520934237,0.10834963618639568,0.14362336782246907,0.19093686076601502,0.17740551373600777,0.11223695983100852,0.15025499687117588,0.15941211823458945,0.18520788128184043,0.1949701299490581,0.0893146667877863,0.23224443840238632,0.16754653906701245,0.1419400994744604,0.18262223011236958,0.16882638921248508,0.14009463813566606,0.06722741419029131,0.048444111670204085,0.1317390450430807,0.16258461313435768,0.18808960838358196,0.14444587633046838
2015-09-21,0.023691604563104453,0.13099120465704583,0.05420977739189157,0.23166757014450093,0.04427773621628613,0.05802522731109665,0.07021029585285417,0.12824566480958927,0.10929865181004753,0.092231025251429,0.06424831321576312,0.12647902949617731,0.04378240841231942,0.07864843354315897,0.1444185177145889,0.15527096447435063,0.1776481441285001,0.04587101753370475,0.12881544991920507,0.016182500060294723,0.157306514241613,0.1566263897933097,0.1411017051346984,0.2651501128416858,0.11304898343101077,0.0038781564286231095,0.13585365265417362,0.1695921665099004,0.2301546303563791,-0.020722089573836915,0.10923775414224732,0.07255384318549067,0.13647167354026482,0.1262173504087982,0.16968984395726308,0.15376359645949403,0.035832549501965606,0.12396534259460243,0.14692014567204495,0.12203711742999783,0.20115826158261585,0.09032932976388588,-0.060620760670204506,0.2127221860453899,0.06697296384728553,0.13115428213105662,0.10025504666811375,-0.052322266937472814
2015-09-22,0.02979765990089489,0.016360979831859232,0.12097355502905399,-0.041675290271490764,-0.021498393823285684,0.08941046517692842,-0.038903529671735916,0.03454798089501064,-0.006171166513267083,0.05364332466395725,-0.02352519822649162,0.09172729051422483,0.054866704913631784,0.022721770832360853,-0.029017747454885022,0.03568936029995588,0.021851416278193682,0.03503727270014169,0.08405388058446482,0.0638020837258801,-0.05779190416513303,0.08003764803489258,0.03494652911829052,-0.10311699775522618,-0.05277236716240235,0.09256176969882293,0.1868443512421856,0.08298274455018845,0.02539192716635666,-0.02381792918322745,0.10435511912884224,0.028133223637106537,0.028237232061487448,-0.004610135726471921,0.08004126571921887,0.06802030365033702,0.06941100180010258,0.14394042397452114,0.05305605390832245,-0.027752462361764266,-0.06049702762011816,0.010819287925165072,-0.005848485042121333,0.0006083739142048349,0.13957237162421698,0.09866932526268604,0.06513520040011885,0.049935801176895264
2015-09-23,0.024335582310182565,0.18168842768059015,0.03310866423834649,0.0008709397577978704,0.10952428303147908,0.12046946602838535,-0.011128877046325026,0.12147188247218929,0.17337332066547884,0.015247344468544284,0.09665566503190204,0.11005441284619753,0.08607067305327092,0.12619922117430454,0.09450771498396522,0.09515770542045913,0.1465215597802631,0.138321840975667,0.016660328266041868,0.04701547797180972,-0.002564778777394852,0.09062387304553866,0.14402327085027108,0.16425469491442043,0.08835844766183183,0.10640552157931096,0.016699089163630953,0.007336245270611524,0.159450155632506,0.0581649010829354,0.20178982917029095,0.13554626254753765,0.11073302671475725,0.05706110998389846,0.21160319395759586,0.05719647496470959,0.1117127829415091,0.024735117716100853,0.15219645334805623,0.10949237983115578,0.20071764311082663,0.12219044988134084,0.23369054460257707,0.145553431822788,0.1380600558365653,0.13349879267258177,0.07006539112503732,0.04917714341427806
2015-09-24,0.07193242147375341,-0.039664398573602856,-0.044402372001660924,-0.08443551604717113,-0.1017696707253838,-0.024867426583532512,-0.09526182675115967,-0.07153206332203155,-0.15936545644820888,-0.04810206721094627,-0.04680934450418163,-0.11260615671299247,-0.11780176845002177,-0.10329662378741136,-0.15099049450932792,-0.12734584854581343,-0.1110975782557513,-0.12191991028173933,-0.05843962822189758,-0.0029701268906355293,-0.12089549989051118,-0.08613307687940669,-0.11748823495770946,-0.2006910108745391,-0.15418069779360574,-0.036057557513963855,-0.007896220414080979,-0.06073987874722737,-0.09910009858261573,-0.061272885684158306,-0.10362342215824458,-0.09578990844262607,-0.11485575952033335,-0.1284902457927534,-0.0787656427590909,-0.07644368606890871,-0.10241330346772377,-0.04078467785959572,-0.08150001658146852,-0.16804249584795225,-0.1105549241344415,-0.10616304344597437,-0.03368955351880423,-0.09310075579702425,-0.05783306150407798,-0.12115778271581093,-0.062359399824825225,-0.06581099143100634
2015-09-25,-0.08040049259456732,0.04963220549308999,-0.1677693817560713,-0.12470672002034815,-0.0277727317765961,-0.1575388437239017,-0.09062222578056318,-0.12941636508618046,-0.1490717848060055,-0.14682467596808516,-0.18601696714620716,-0.1841314010163302,-0.17260449940784844,-0.0807968330510194,-0.1698607854146712,-0.1690527699007733,-0.1217130872562388,-0.15041651135468223,-0.1562088619838727,-0.13395422739561855,-0.02013610048174239,-0.12541580360386714,-0.125760832126225,-0.19050864311706392,-0.18381350294188423,-0.10886858954699229,-0.13173306942091828,-0.08506987859714352,-0.20827605588696382,-0.11815840878743411,-0.1086356215703575,-0.08871715446425622,-0.15457749635508328,-0.13861476651300608,-0.05679936208059866,-0.07875261278009238,-0.1404201208838392,-0.159984712582394,-0.17649535951382236,-0.20756090195763874,-0.08724090422244135,-0.10589190757718023,-0.10067977711329323,-0.15826283716406148,-0.06719917051604471,-0.14004973129060722,-0.08880857227787241,-0.1602041153350728
2015-09-28,0.12577960565727436,-0.0016876032219674438,0.060059094391042844,0.030667708344920313,0.09141903225278254,0.0978643017143386,0.06217730929823333,0.09690162455207124,0.12015144490223674,0.06817096222473024,0.144288095123097,0.1127602886435772,0.04140766799151768,0.09547627891121115,0.10858385777636173,0.11350226291449132,0.11444364449104792,0.12021445649831242,0.10332793219073415,0.13015103513502477,0.07433442982605895,0.07566788355597534,0.1260614075175017,0.08141366697963973,0.10947331313022633,0.13192615347817532,0.05887150083722757,0.07516204046525667,0.06650816591670002,0.09126325358470654,0.08631071716536928,0.1268458435445735,0.09135164485142382,0.11456470843721182,0.09560317726441912,0.06006113643350826,0.10872125806224898,0.12292162136674911,0.15642045285083556,0.09098174344483138,0.07196624400688126,0.13581653609514427,0.05996811837290577,0.09075684028922225,0.12449516094652795,0.09266059407175523,0.0937314994846896,0.19233563206235937
2015-09-29,0.15249888797334052,-0.001071920779949977,0.1630926737496081,-0.04544053113577483,0.1676644523359852,0.2018206610907341,0.17832723373374376,0.18516578312198753,0.200956124167803,0.2394606853001014,0.17368762624237077,0.09564129301355578,0.13411785294996975,0.12319505312206043,0.19920371599203715,0.22459438371847132,0.16520968083011878,0.20990892319359472,0.20433901864558798,0.22037262008064928,0.1438074544152876,0.17743220283366268,0.14861430540262657,0.12456743973324717,0.20433960200383558,0.21041527815250444,0.14837512852111392,0.12741156653565414,0.11105711806441733,0.19165214347696102,0.08191020658173943,0.11178514915741193,0.17808498071271794,0.17822732012513037,0.17145686430357965,0.21025252120142632,0.08744219284365269,0.20804567695078646,0.11990899611337569,0.17701393497013937,0.23047871836193007,0.19109153620102526,0.16268738909290356,0.1434405220240391,0.1586439837534728,0.1846104260702801,0.1374033266004069,0.21772242356183963
2015-09-30,0.15876395045534553,0.22781057811438335,0.21690141727254067,0.12013075074114384,0.2813166905160231,0.25915965650271233,0.2793576602901359,0.18078770593754484,0.30423374013515697,0.2693132741726618,0.281115729151439,0.2746065488098443,0.2775139290265495,0.21530923079349182,0.28528582654768947,0.32439547229120275,0.2863648757738464,0.27449712325969244,0.2891207895614585,0.25072226081280136,0.21890596215992747,0.27092782282136024,0.26387390002710215,0.25707394326594946,0.3110747750743512,0.2701940454945926,0.22649747151256103,0.17356263800490213,0.2421162496617487,0.19648565086927589,0.20676181322890497,0.22468941555582841,0.26411690227062745,0.3055984288083043,0.2415036799964656,0.2832759147395868,0.21480712554429365,0.24091838747617106,0.2410638906600242,0.28202572037504525,0.29852363465570664,0.2657406939494477,0.17631878332083778,0.22808697453125196,0.26562888310119986,0.2998605942384885,0.20367165954559738,0.18820717566500778
2015-10-08,0.03250035704341127,0.024880004134616118,0.06278331881285758,-0.028398014170161794,-0.08149247712249809,0.07031374436314027,0.13721744852706977,-0.0610902457647958,-0.01903716453933343,0.008932987504573688,0.005244746451548946,0.10922698900325221,0.08917654127851055,-0.026225561288765322,-0.059632203202880166,0.06193983067386101,-0.027864068244712752,-0.004061668219729041,0.03744605692309334,0.05874207477285849,0.0954239015678476,0.03226471688025827,-0.0014595667544328016,-0.09558180791262542,0.017248372201193983,0.0741815352946865,-0.006390939224453569,0.08423419462236623,-0.09425028769506434,-0.05591256378400192,0.02230320426510474,-0.012409365797713135,-0.01695237401436143,-0.01945296425801479,-0.03599990306281155,-0.08656377046559419,0.08354190638107196,0.007930678505289009,0.006602497145835433,-0.03960309417337875,0.04390649932632942,-0.02376246618103411,-0.04267038071664472,-0.15748353377355742,0.046881113442819665,-0.005535257545319719,-0.07923941574363158,0.043420891590362116
2015-10-09,-0.003890433954373897,0.046961611776939534,0.007115665720503758,0.04058628146235551,0.004299215756293472,-0.054364998022904336,0.03176720008772676,0.04223989170863633,-0.009963720988144737,0.056920555152191486,-0.01498300096882608,-0.037422175657047196,-0.025111606228642246,0.007838711577290753,-0.03904030198113891,0.005369323624338223,0.03638903445183997,-0.028044041693178364,0.01642223492788209,-0.05253457389308357,0.006650531066240786,0.0019711571790593067,-0.053943395201668534,0.031102651212975636,-0.05776405895790299,-0.08553617577628145,0.043451925278879276,0.003341217266455694,0.025634584551448177,0.00893147985156883,0.026056187372683975,0.012046987545411015,-0.02673152711108502,-0.01755137911742945,0.026475106724760566,-0.01979863545664742,0.014410527548194729,-0.008393593366767288,0.0032902313524307133,-0.07399248777984217,0.07603967658507908,0.013830301883325659,0.006478023187532214,0.0019908359528935096,0.023946682450305425,-0.02153484000265594,0.008378387041531767,-0.019534462826085244
2015-10-12,0.008326746456587599,0.0634340829801077,0.00030322989029790475,0.07497443140469648,-0.03374827942305841,0.062327010627427154,-0.08550992318638534,-0.0737799877486229,-0.027725707245734383,-0.022294403723938285,0.018053708814713493,0.05018678305293375,-0.030417207953422867,-0.009972894169797757,-0.036411141566656674,-0.03363108699719977,-0.013093746934545217,0.0012433319985666303,0.008520253043414874,0.015171930155170977,-0.05079452634780488,0.009536386245121127,0.0033215152191923883,-0.06000832471728123,-0.04369909457408212,0.09003900246022771,-0.0007534532279083631,0.006475463871671481,0.014904481824926904,0.09948862381048483,-0.026707785077123715,0.030101753455944805,-0.02758706231064242,-0.07764116365149892,-0.0031563339416849755,-0.08579706376871513,0.023972454680277127,0.0050135797496158,0.023765232680516026,-0.03755488774087768,-0.021562716260033605,-0.02894459002994071,0.06694842962366226,0.01447826471326096,0.0067834643403811515,-0.006935824688406943,-0.011090998485055518,0.0682914364676504
2015-10-13,0.045221148538022726,0.09183304096831042,0.09139363212999967,0.06606490870171268,0.07615340914033854,0.002861672462359453,0.010020890591417144,0.049488885953033655,0.04237009233788968,0.021983330109135175,0.05887696638817322,0.0034443873001193735,0.016727690514723576,0.06104704655584862,0.015466714479166175,0.0893305385040035,0.07654030169058079,0.016349043828648806,0.060668399869773855,0.06221306602371437,0.022101878370663255,0.0881509538121818,0.025706689188870382,0.03783153725697378,-0.019567540660284325,-0.028922826851122255,0.1049730111022511,0.10579105308602949,0.033140731699441546,0.03192251072242485,0.059000467115537955,0.03717756052449054,0.044213783211207,0.12233295901179111,0.06564565747691552,0.0681227853297411,0.02616908638806449,0.06037822203558571,0.01945371073752353,-0.005061008120261018,0.021183571688080056,0.09691821703414662,0.06658789142598866,0.07465414576835788,0.03213306658991502,0.05547704764106653,0.0713294863144584,0.03635185660022743
2015-10-14,-0.10800416725022331,-0.10188093202092233,-0.15603673893819608,-0.14166162928323198,-0.07432210621237884,-0.0598152049896418,-0.09275730233994549,-0.03829586219868147,-0.07761301069027383,-0.12424644529115786,-0.06759731159020374,-0.11508139919852736,-0.10061306517928903,-0.14143712044741247,-0.0660993133197159,-0.07217061876349026,-0.08273591901872816,-0.08683782032315122,-0.13791330572388233,-0.07079382318677417,-0.1891764598117439,-0.09799963890533955,-0.0708608477178922,-0.039399369074082896,-0.04664879438926524,-0.043142852874033265,-0.10191107883383559,-0.08780073942021353,-0.04796387824098748,-0.10391678792754246,-0.13964868254207985,-0.14836913257829412,-0.10272430981140096,-0.05425216890684578,-0.11097502959202972,-0.03849749432979486,-0.10761151520542356,-0.11751383114035233,-0.10632073444364228,-0.04299260621677702,-0.05373105317740315,-0.11229317870401755,0.05685484763425266,-0.13354027163096335,-0.020099819075656507,-0.07751303243135611,-0.06897857546899436,-0.0769232272986515
2015-10-26,0.07359090252819811,0.012144229451499651,-0.034836249246492285,0.02236124897099929,-0.0980253135123361,0.033456620966947015,-0.14315292164930798,-0.023226424610458,-0.09349063598945177,-0.09968837678117205,0.03020925773805212,-0.01840040753682867,-0.12485311278253611,-0.04094393449878656,-0.10786028179610906,-0.14129036602103087,-0.1246382780944383,-0.04593961733791757,-0.04090977550107325,0.040252567677299685,-0.07605091497508935,-0.1739799622211425,-0.027534975214595515,-0.14585553256666758,-0.08129474458273281,-0.014268298036582252,-0.009149812189143038,-0.02628351375291673,-0.16658722112098856,0.03579891190932212,0.008099070127250767,-0.07956279870693779,-0.08731265660136728,-0.037877246960276154,-0.15793398477463663,-0.11112712412287352,-0.02825739567036723,0.002119269387056764,0.03519816523879372,-0.028535184544333375,-0.20923035402668794,-0.047373730630344425,0.005335888327016483,-0.06246607919853967,-0.007565512229084083,-0.06880017367534698,-0.04681109523825649,0.06654146402472354
2015-10-27,-0.04655843605298794,-0.004989363885950864,-0.0719744798253086,-0.0504526831029304,-0.10070509507890098,-0.08245631805475445,-0.03692052509579532,-0.11442555762365077,-0.0848084215479806,-0.07554202030549169,-0.06430100182406731,-0.022878028234066893,-0.09449916699288442,-0.02886246405101605,-0.08886411314325048,-0.10403434779671666,-0.08472033412871682,-0.05586605769038874,-0.05853945439875007,-0.04993257947485153,-0.06266911683968378,-0.07928630028714635,-0.07501123713813301,-0.10171925844211782,-0.07012972598726519,-0.07775662837185417,-0.06538486326884502,-0.017618330847172084,-0.06385829699974481,-0.009779115195639624,-0.031231789764034148,-0.032141461766815885,-0.09098018752588521,-0.10545362810645714,-0.06538288694854102,-0.08512096248748381,-0.03584000405000666,-0.08670004241037589,-0.05840788793279841,-0.09248190862544946,-0.09541476795657815,-0.03263441251692665,0.05537261934755986,-0.06280775045788732,-0.026607482584157672,-0.06785695763767086,-0.04981145927336384,-0.07253562386446977
2015-10-28,0.20617754601677138,0.11189843286308106,0.13224370513149689,0.09822416802352732,0.04385436082732258,0.11832316653523246,0.11152623950097176,0.16660098333556453,0.20909095016022,0.15375998518935313,0.1765350953085138,0.11111362050660945,0.21532710302153577,0.14887495173022192,0.20739823976834812,0.15607320549472303,0.19048355734016356,0.13678206608208598,0.14670288472637566,0.1292902134504156,0.15699634808668783,0.13716600306223034,0.1560449748344183,0.20009330235150408,0.19769987872725975,0.10412145056233289,0.1555153676471015,0.08795939753787253,0.07781668590358765,0.0903313376166763,0.11436918025295141,0.11506647756247833,0.18414351564892636,0.1252752489418763,0.21211614771847528,0.06281208995162141,0.11848012900652678,0.18503560451455595,0.18566063133370275,0.1983616054048027,0.15856936047886763,0.15116107060169928,0.10912171656215956,0.09298501968532132,0.06892402790759636,0.18270318736017882,0.13362983055245933,0.043561608838639895
2015-10-29,-0.08237533290763123,-0.150841521576277,-0.07141514179875422,-0.131942759472325,-0.05514367324493563,-0.06478042071280668,-0.09198772805260402,-0.0810214003772847,-0.010661512915151685,-0.08359319465406888,-0.09130943728654183,-0.0734087763961911,-0.17755404826873375,-0.06644037135468277,-0.0018287687513729974,-0.08105640613912017,-0.04195384095076318,-0.03077401691682162,-0.08297099546789628,-0.054095758826118626,-0.023691560844817022,-0.09034027294332708,-0.05980565026873521,-0.0022223012674912374,-0.0019608872718488483,-0.08392970165493899,-0.0789871139273937,-0.0897192029752782,-0.13524363163326053,-0.03997262775268727,-0.12687499611833292,-0.061314850291093966,-0.03172199553168894,-0.10998584525083664,-0.0610381918507813,-0.09203297091079118,-0.034606018619683154,-0.06559232854376512,-0.021689457111452204,-0.011474549964233846,-0.07149362245835313,-0.06188736387982265,-0.06825245139595251,-0.03329330725027601,-0.05415843043198538,-0.06776889647724547,-0.08261021027736608,-0.03534170422729013
2015-10-30,0.1597826244633844,0.24793993273455542,0.16717831052047946,0.10181972247891742,0.1187581027174081,0.16080706332549013,0.17195411540009511,0.18629039443738568,0.16772782748291967,0.1627617302481973,0.18648740641977493,0.24674389097805555,0.17678228671371557,0.18835529628619319,0.18305213987893335,0.2156021099376844,0.18232110826374137,0.16278162226493723,0.16395248847248958,0.166805335206606,0.19100369729270492,0.19801563319352575,0.1328148516022726,0.16406963034884683,0.18486811524048158,0.1605631098424159,0.17001789591010263,0.1358287684163803,0.15373158348230576,0.15365229169335637,0.1790527394021689,0.14774961200379624,0.17483756579937837,0.20289608424506234,0.17712155611033525,0.14053433548741184,0.17702209602663568,0.166019324267369,0.1359873519942791,0.18876391146339233,0.19379438147450911,0.17471959508899026,0.20646805259867584,0.2144536222489645,0.14530676183693028,0.2011627160085868,0.14358030055071164,0.18868931640061762
2015-11-02,0.42378631656886473,0.33128778083523963,0.48015891434317987,0.3711580426940012,0.48510260915691406,0.48052746742698005,0.3655326151410913,0.4901993612483285,0.4936003271115826,0.4609587905712297,0.4305705665882041,0.42883665417896094,0.4429438937329399,0.4745002154958062,0.5021311982671927,0.500600072937042,0.49424791963664094,0.48763717136889567,0.49558730895467956,0.46045596702361613,0.4568107725800926,0.46484047784813626,0.49598569991932717,0.4695653615356563,0.492454331465703,0.4608151267004829,0.45654554697256017,0.47076771762313646,0.4770856126158981,0.40248980539071044,0.4760606261534551,0.47567604902253313,0.4938141652576556,0.4546425532385152,0.47858800517189937,0.5085187149819315,0.4799389981102676,0.478452077048039,0.48552254970217373,0.49680734674932864,0.4847462122467924,0.45976085491054164,0.39369444276065424,0.4975094345043968,0.48774657693200274,0.4907369956569307,0.46376907690437513,0.43097172031959685
2015-11-03,-0.05700064026631464,0.0286318739702948,-0.039043823801420324,-0.14755210939677116,-0.029481610128629158,-0.05887401207585178,0.06996880759566614,0.0044767827238758355,-0.039484783229765265,-0.09171504422580283,-0.020940209063325384,-0.0544723223148055,-0.0536265384176727,-0.05206144298185685,-0.03520053208727947,-0.06802462597493814,-0.04425798554375774,-0.04157327097041563,-0.08166162094653268,-0.029609211704565083,-0.03626707800295629,0.01816120482988903,-0.014744192716773057,-0.07448939608319621,-0.013682163671040878,0.0018750656357663827,-0.05593296513315168,0.0085871343734932,-0.07841286223885433,-0.023592176329568896,-0.006957673540966315,-0.009929773964535794,-0.039046082236392644,-0.04555884408781247,-0.021201622911371107,-0.0591055016605143,-0.06800034779898573,-0.07314901492712593,-0.04851174781411725,-0.03174738501460642,-0.04528839649987748,-0.014283471982420342,-0.16449671074960423,-0.09552333019787276,-0.055324316908112174,-0.04111367945354907,-0.051868346791723724,0.02860872501182855
2015-11-04,0.12829811136833819,0.06877561385021393,0.10713768996100795,0.09608257017527617,0.15397597051727818,0.05409971872585438,0.09439377585034744,0.14249125596883633,0.09016949142974973,0.1193168737535668,0.11296389169275033,-0.07579087272624964,0.12689985682926855,0.0604303987255793,0.06713259154044973,0.1834745397271447,0.09960100483491403,0.043312014162666494,0.11961809273058828,0.057437123361606786,0.098983322434049,0.1339035509257312,0.01904567786762281,0.11329988210956585,0.018606411955490284,0.04950436492270958,0.12437040787508635,0.15345116632019953,0.004015500214764202,0.0858454323191238,0.1482790642789527,0.10679468990751115,0.12535678004538908,0.0614771840740288,0.10650306928589619,0.1884541100511201,0.09480521478651596,0.11003272333434927,0.027267798491568778,0.022980156670573366,0.1357097355695769,0.14823643628876504,-0.004360991542355002,0.127097470028814,0.1168738099980431,0.1712753123100605,0.12425014612793439,0.13100597681125287
2015-11-05,0.07772436591164783,0.017477812374695614,0.020738841293668923,0.1357906033326891,-0.0028909995158962194,0.04167680182680926,0.1030421707366826,0.03871766092717532,-0.029208530346528313,0.03931473937596895,0.10284078722809271,-0.022129607094197482,-0.05833691031195103,0.07131792081561135,-0.038395942324270606,-0.03664883157794087,-0.05160651245604522,0.04965050803352389,0.035977467410073745,0.0878121431461304,-0.023300584776785663,-0.05853966005648993,0.034787220287174556,-0.1323537481842469,-0.0207220851164343,0.04875125985526593,-0.004239592109979504,0.045683762342848114,-0.006492739408794775,0.1016979872204602,0.029291194154219106,0.05988294693146532,-0.04482584606843555,0.028600281112911602,0.0075299467796177705,-0.07763835086851012,0.024948551554246686,0.04687121676954153,0.05249849962416818,0.022105028277531632,-0.02980840149152772,0.04777716741869333,-0.0180074202071513,-0.04552011034518999,0.0188409249522276,0.018167885166637022,0.07125368880287865,0.1140850539814186
2015-11-06,0.15551133543042753,0.1072181730396975,0.15262421028164172,-0.12188161998145615,0.15283749837875774,0.1325242936477215,0.0946306300711922,0.08973848034230837,0.09856976793857045,0.10701536876854496,0.17818992023333677,0.08413994407293077,0.11184695198404415,0.1435177478865097,0.10951901739039159,0.12128881820028868,0.10209896761805276,0.12483321327529093,0.129404264527603,0.14220182663448416,0.06200605467868893,0.1078602327594528,0.09890240896049754,0.16310513683359676,0.10965439455047819,0.08112547629477602,0.1279018543305602,0.11752201779085847,0.09237087540619653,0.1749327085844034,0.09667807933629902,0.06678459214982765,0.08246043844810119,0.07406594940305733,0.1231597858086693,0.1029413450896937,0.09696651557125904,0.12739653835954307,0.08375840150542137,0.13062735572699774,0.10355689674820996,0.1283646231941216,-0.0015338857758429084,0.14867646706348647,0.08399102919683551,0.10494050658027879,0.10800196435766594,0.09161092219672191
2015-11-09,-0.00816705426178737,-0.012282491502868004,0.07721749364823502,0.028550040177633913,0.042593228288327026,0.031826121671826316,0.024519074437067023,0.010627309943300732,0.021524267224631452,0.041300247200232405,0.06091636318658836,0.08149648747139943,0.005768961132586247,0.027439103146643756,-0.0015344480690763862,-0.0011573285850487902,0.02203897315777681,0.05524040676476017,0.03695549921062217,0.012568991799524866,0.08404211305808826,0.02814002045871556,0.030921311188170368,0.024493150723064086,0.03221512111029581,0.04141794163261025,0.01337213197539902,0.008382274831792862,-0.008143018074893302,0.06328755637008748,0.03508620219309052,0.007219696964548814,0.01654601375745691,0.05292436820461121,0.02276447921276323,0.0756112132964867,0.041605258123577814,0.03384156975679431,0.0358771861365125,0.029954890708222725,-0.0035479622079724435,0.041043861206695696,-0.0485796139074015,0.006709688684443465,-0.025309828521441792,0.020574699703310686,0.04052197204528315,0.09291375325582124
2015-11-10,0.02485883635516097,0.05613392574453318,-0.013964688506167803,0.042874394638334826,0.016387083726800082,0.010131071252347829,0.034413503268843765,-0.03395221184465583,0.03909317104464733,0.024812974401850645,0.01761955708674485,-0.09876067740869314,-0.015191357618805497,0.031080037949389724,0.029689812955067,0.02236958214235339,-0.006789226750891615,0.033697484610004484,0.0332548891328771,-0.010859889522424008,-0.026908257859112876,0.03658568256124649,0.022494459268234526,0.02192035602137391,0.031354104561943014,-0.024246054352496466,-0.0028848826293159536,0.03473020738996839,0.03757862147809782,0.04100666434963127,-0.002101361547459983,0.026071691626440133,-0.004301077645392718,0.01665838757108166,0.04706099474024895,-0.06387796521012656,0.04568734635555646,-0.0010586928017179405,0.015500235111582286,0.03391905862539535,0.006116768953558247,-0.052293677846861106,-0.059706121404764466,-0.029866630124456218,0.019552663612521417,0.029808611990750383,0.045758625776966495,-0.04554867426437509
2015-11-11,0.08050638059904627,0.07036368089350743,0.1097247247060499,0.009354270265666901,0.08266677454300925,0.10300519981759007,0.0678781136633674,0.10539300365039127,0.0886472172927449,0.09182330251906701,0.13881569740896862,0.13967996431823118,0.1053678573646063,0.07120772144246462,0.06549186135185807,0.04906805678393694,0.0580048280885693,0.07405198502810215,0.07742541393199781,0.08171832224220565,0.11191354488611764,0.05853618004037396,0.04162967611705826,0.053852957642112065,0.08082945570554478,0.09677930745225742,0.10452545679080898,0.0718402051957959,0.09100003498880176,0.10824218716150848,0.05255191068193193,0.10177685842283175,0.06592536145245591,0.14722986329598242,0.05625278795941914,0.057190307092490136,0.06023738093956751,0.08437945526832204,0.09099894167202849,0.08877404203844312,0.07128042700788645,0.060275647026631615,0.08851633600912383,0.07766922357243493,0.07829733405867317,0.07185933823932796,0.08249676378476724,0.13383345287321996
2015-11-12,-0.004280636708107704,-0.07155217582721855,-0.1292504189052097,-0.02193524288518763,-0.09821262558528304,-0.013914970210439697,-0.10860230932317436,0.005327450473889303,-0.03951286829462087,-0.11462569293750083,0.004846176511505367,-0.07506530498922083,-0.07794880862433895,-0.05528801192417049,-0.00526114398041145,-0.12846220046399173,-0.09767029372404543,-0.012139337570514034,-0.08946762792672273,-0.013162391509466066,-0.1121135056658587,-0.1094153839354224,-0.020589823887210194,-0.006538096533972429,-0.0003732503028690789,-0.018501445619713994,-0.09577890099758969,-0.07484759866896855,-0.021213381202958168,-0.003159504414219679,-0.13467760539637194,-0.036749545178931364,-0.008344119650075442,-0.0843984965003409,-0.11728651726535584,-0.027579633408000497,-0.01030789696524451,-0.03324303678217758,-0.004492541210180675,0.017345502416750095,-0.15662063430464265,-0.10950351631633673,0.025392481921167696,-0.08622800316621733,-0.13360924202021005,-0.052057504306518274,-0.006321771599000936,-0.0077354812953599845
2015-11-13,-0.013335746037071513,0.06723908780803985,0.01865932949648786,0.09209434567451358,0.008155939785482902,0.020954844689144384,0.09886041110525043,0.04584579544809753,-0.018823333916063226,0.045312781084477595,-0.009962175126406255,0.058515136860294484,0.015119020759254316,0.05583311791883867,-0.019814467291697016,0.050167311903908406,0.0054422133229091955,0.008505815880577016,0.004559322864195147,-0.0029520795523565705,0.05829537093806349,0.07905013023532594,-0.006232714625262454,-0.003978474965624242,0.018019712260143938,0.0015892028256852871,0.03597874288504499,0.03967212241388221,0.0028370035056695217,-0.01414264778138231,0.038788138592371,0.026356603588558323,0.009093498384055406,-0.022889003477336526,0.050970933559827694,-0.019392975933388328,-0.01042521427100737,0.003600443691077847,0.004225300529659987,-0.028888831826801964,0.028599637366950734,0.03728367138346632,-0.031730681469415205,0.06166128830914857,0.0462219122503237,0.009961628445007671,0.012619593404925753,-0.018022992348535445
2015-11-16,0.13527936386474612,0.055572877441771966,0.164107188973515,0.26120529665845893,0.1310700103166326,0.18560069011132568,0.31714328199696873,0.11264874775392907,0.2340166389263231,0.12080568854959249,0.12607427618790013,0.2110747697039887,0.12650884069720364,0.1456834926332236,0.23856618049727657,0.06087526754657799,0.16953911012994294,0.21481413375790837,0.13776127616492512,0.1622851008193849,0.1839481551291516,0.11451437348490912,0.16968108048923622,0.27609178586568345,0.25027319153446864,0.17596779841847585,0.12209910612768754,0.115916770214995,0.14914432436319647,0.10797859898250924,0.06579934044633383,0.16306553216590014,0.20458280319817077,0.1095640698711505,0.08402265576522268,0.13827047652025712,0.18695116625287003,0.1865125454475867,0.17238662990776868,0.2233410087469304,0.04099779472712312,0.10846995163553008,0.16919458026500236,0.16014797367748967,0.005411910096260851,0.19515975721734302,0.16419372328775095,0.22775317709403436
2015-11-17,0.2999530712135937,0.20158803374812315,0.3356930611215081,0.27038429332706143,0.33006053652937745,0.313362824802687,0.19026062354083748,0.29722563649517353,0.35407314576456367,0.3185867960482386,0.260611283563932,0.2990896778609998,0.3373160372841466,0.2847143256944317,0.3599183749477424,0.35526402392148815,0.33331505054888516,0.3318044466230268,0.33517481106759606,0.2937193551546894,0.23661633282309694,0.36946091827393157,0.32432286362997387,0.41799288202159346,0.3755571121192527,0.25117415609796034,0.30402121373797847,0.33345043233891075,0.3368360473013287,0.3225436365476221,0.2509515520479578,0.3198269039469905,0.35450203313494105,0.2969883170332117,0.32735691402303685,0.286436831552504,0.297272993366388,0.30237362270442625,0.33830946136787177,0.3515530645782973,0.3541304020947326,0.32685150651047107,0.10719116770379725,0.26838155618433196,0.30824881781741303,0.3445041146968478,0.299949057919423,0.315338703299404
2015-11-18,0.05339694452014357,-0.10463897178695256,-0.021373386509576184,-0.10758962100569018,0.0003761874420397846,0.05456376773119301,0.0029471847899436264,-0.002055652999425082,0.02078475751065191,0.0040711722034689635,0.1133841258005161,-0.011067027855683935,-0.012835590438815497,0.010452445669079819,0.041022892728211885,-0.06855440880107944,0.005338329902971396,0.028929242386676837,-0.03710155336083272,0.02761981042270621,0.03019773787935864,0.02693379008032356,0.04074035080872823,-0.004483212502715954,0.02286609613912096,0.07664591706720118,-0.022517734795212144,-0.01893806780584495,-0.03435533152221512,0.008737127254487317,-0.020793586945635777,0.034543157684599146,0.07444685263894728,-0.04997058862913256,0.004400269325594806,0.008861542020169038,0.008925488534143083,0.02908522907139177,-0.00841070571872022,0.018005090842549976,-0.0040313059667236376,-0.0014862882222837865,-0.01545481147374936,0.023874257079096715,-0.022863955670033964,0.0071665580619030105,0.03984001599900996,0.12119284080125713
2015-11-19,0.16190566395098102,0.019531228052698777,0.08920515642436536,-0.007571064177733558,0.03355751744617924,0.13136589635351736,0.13083484514566027,0.1341008408480267,0.1309763366603061,0.06622488029118136,0.09310342890382152,0.013936123448005057,0.089181076498274,0.08147389482063401,0.12991200392706817,0.06059017758580408,0.0834666424820609,0.11773986884262211,0.08024100260475658,0.11506164595179462,-0.007650192519223773,0.0978878426634396,0.12711284629631522,0.10817585730860423,0.12437094537871281,0.14666307073515272,0.10520278910052483,0.10087161306089293,0.10188350506619857,0.13547821262045226,0.10428507636170982,0.10438300139448134,0.13043052500223537,0.10070679934453433,0.11039495627528986,0.07766445051298151,0.10870240502580189,0.10829358139171753,0.15615484249089653,0.11234221963187749,0.12802413772150587,0.09487517635467661,0.012709002769310177,0.10887685071259703,0.12396586751090934,0.09524868276382699,0.12820232917458188,0.11632717984526256
2015-11-20,0.19408125106314617,0.21938757696263572,0.21877434323429232,0.1398242894033669,0.23413675781283513,0.24212913038398406,0.19404349805995694,0.2072994880243487,0.2209666805685182,0.16531759259923554,0.2207352759026494,0.17788299784265543,0.1736497587284107,0.25759963677153674,0.18916628440098743,0.175957679383162,0.21839842988860192,0.23449474504168483,0.2085371927483088,0.23342105090911852,0.10962409066882509,0.2259239207599432,0.24421337590919998,0.20592319033735124,0.2031248432323148,0.20433284946419542,0.21154744260764183,0.1743700140498332,0.10331864595858582,0.23719409717312298,0.17781263114520593,0.21898758375850247,0.2182143527485058,0.20715474131970918,0.20059779586573398,0.2494408456231498,0.21080283987379383,0.24008608817210358,0.21537078902039353,0.21018666305164077,0.22834448164141022,0.20848047130397687,0.1902569521826926,0.1726403006468853,0.22955382564320437,0.22682022660198087,0.22290029320147525,0.2559600659655646
2015-11-23,0.09817814854899486,0.11047014043002791,0.1144415418990647,0.10461183098596316,0.191850910110451,0.10800909462933693,0.07259299016262014,0.09183280154480356,0.1290738570243005,0.1342733987116468,0.11278690159631956,0.07409585172672101,0.10532303168837061,0.17686516381654882,0.12078318250897781,0.12505136026271496,0.13862947095826578,0.14610712141443158,0.11158099974367891,0.1263295368037795,0.08212734338502169,0.11608691621611446,0.13619887053914528,0.11713079569031032,0.137626626563578,0.13157461419225738,0.12296307182942635,0.11276757539758347,0.10330673926015946,0.09307311991574131,0.08520603331792141,0.1301638016845248,0.14015253426413662,0.13703042656969286,0.11614568903966796,0.1516360027076363,0.09768493336755257,0.13200164376158982,0.1377407305588553,0.13807695346837312,0.09359042665999157,0.13015374147148406,0.08645178343612263,0.140510201311978,0.19702583075009247,0.12921417052197326,0.13674212204334257,0.06582159124320157
2015-11-24,0.2665725058168427,0.32045051665200297,0.33532187706714767,0.2080078424314865,0.34999047511038456,0.2995329058194407,0.2625966589647342,0.317515416409208,0.3175440445896116,0.3467351566901007,0.2534712337624299,0.22368053519199294,0.30957791895095527,0.2787683782218562,0.31915203864779407,0.33905611551474385,0.3424500264345515,0.28411515913012886,0.33162482849876745,0.29509446764453406,0.27639250680144684,0.3086505799483495,0.26677076265496474,0.3284540089981574,0.32507218582340197,0.3015641688626556,0.2978914676252728,0.33638245750751966,0.32923647017135566,0.23109657168195993,0.34421694702693706,0.3511958017713017,0.30700218537389656,0.35068504292653124,0.32209646037995676,0.3065580472480092,0.2950018942761262,0.3162167137206194,0.27671116252911665,0.30419421571655464,0.34172014161080416,0.3295451383466456,0.1857442417880985,0.34527672480804533,0.3522430045572794,0.3177618328031491,0.3210369501519364,0.2775836902828457
2015-11-25,0.1330220319440173,0.1775374564094479,0.2303106403931887,0.15992540726518997,0.21023831529898293,0.14855493991654642,0.1373969163789879,0.1852471950144054,0.1350684322324321,0.19391822516662546,0.1640602418480538,0.1728794153095193,0.16628348479529115,0.11271191223903,0.13446656587273004,0.2260117511536818,0.18434767540051822,0.1339395911490672,0.23195798305891277,0.17732098131549512,0.17258203538247308,0.19516979013532473,0.11213491864896141,0.11470776268313264,0.14257700206321122,0.19196748937680091,0.18618689371770045,0.2154853763830886,0.1818092862622107,0.16848513489856098,0.23726681607639388,0.17007453221085325,0.17757244228321806,0.19006841241621508,0.18682784585825513,0.1372378297333201,0.19911499405718655,0.1789229516761735,0.1913896758053158,0.12902325590294494,0.1866802492032873,0.23849979479965275,0.07662577751608,0.2936301520286573,0.21131331093599848,0.16854062030774333,0.20925843750627995,0.16291281451924847
2015-11-26,0.11070326748211833,0.0934868227622182,0.19061061844651542,0.06476079474146376,0.148264456568183,0.1791694330735721,0.11608066470512975,0.2124406559780623,0.1512355895655525,0.12523667250540582,0.17361502703497542,0.14242769722818033,0.1428950971753286,0.17111047398484694,0.13347411824061514,0.1678479676870914,0.15937080864565453,0.13499576473522013,0.1898767185295019,0.18654943223907142,0.05672240025272504,0.18686977886951459,0.18898756529671043,0.08406409013803622,0.1203478330582162,0.1920740449477037,0.20465284352534358,0.14426039702094598,0.15724564221929319,0.1690861675470807,0.21550253563183724,0.18577835899292794,0.16353422150820585,0.051268307536118655,0.1772776932874825,0.16882868757619549,0.19120320504617477,0.1697700474697503,0.15345232264822656,0.11206938732764297,0.12647897236493152,0.2124871226394747,0.011138381022692028,0.17831663317000335,0.14257721054460729,0.15394404925929076,0.2336685402443649,0.0999700153624581
2015-11-27,-0.183523619157946,-0.13708068536243284,-0.14477129211869827,-0.08297786919610768,-0.17724748053842837,-0.1482597668683239,-0.11632485968663686,-0.1354347091074579,-0.11352124941132584,-0.13335550927823264,-0.13608690494607528,-0.11072483907179599,-0.14644159449235353,-0.12485366746305561,-0.1281270337250251,-0.1517802208975629,-0.12411705072324203,-0.1405943062122673,-0.13659416298882684,-0.1424780771105216,-0.16308038634250308,-0.1438039872421861,-0.1232702831314266,-0.16221341470831288,-0.15422294587111177,-0.078659188070693,-0.12256318572664077,-0.15558575517156098,-0.18109100728991587,-0.08913882533273133,-0.1444695389161921,-0.16035340110572374,-0.11478046771200161,-0.12939472516816256,-0.12157319469450541,-0.11759628428104049,-0.17844793349622476,-0.1516181378820863,-0.13797692517313742,-0.14187703065009485,-0.1318776292366103,-0.13684726395397245,0.05397303815535885,-0.1738754669282971,-0.12071467403411411,-0.1350323715041163,-0.11374455771426747,-0.18402440484357754
2015-11-30,0.24833297800810142,0.11073329708104486,0.25546025550617446,0.19107196394427792,0.12620988241468095,0.16363929569072488,0.024176709474050036,0.0949226757629926,0.13819691577698692,0.1304726918892916,0.09670148853939463,0.19705244053768906,0.13567574659297768,0.1084654869868967,0.07872968496318285,0.1138341779140769,0.1462425723360174,0.14216562529041002,0.17351460386703185,0.18365613264017583,0.11750824081210949,0.15932564737523985,0.09806375081314812,-0.03499763162001968,0.06210429068883896,0.13458517145809074,0.25731833314200436,0.2914967938730997,0.13824367360421186,0.08409345600253648,0.22740486850233144,0.1786045011507071,0.10854967173415113,0.0819593179942164,0.18651677408421752,0.19475758619370148,0.18456740519649484,0.21513193499188218,0.20986820167166859,0.06683722277798733,0.17637852523629127,0.194228971579448,0.08082991357516887,0.06373606219504438,0.16352777823332293,0.1846636163362142,0.21460222706922283,0.1320785066607786
2015-12-01,0.13468563240367773,0.17002544284434676,0.10268584873846874,0.047977862983243545,0.03985288948305765,0.16182644205596985,0.16267525041451691,0.147917466689743,0.2046853619891379,0.15893507127758016,0.10857838233939585,0.033804591799793074,0.1534784607681948,0.13908867196725253,0.2343064983136514,0.1880483517919724,0.22869953219700973,0.19285324105407764,0.16186862816160294,0.13736282756885343,0.11615511508059707,0.2010243652066987,0.1315654831293548,0.22200522218255805,0.2293550393768467,0.1413429243810813,0.09696422295010641,0.10273236162416675,0.10545797690025946,0.15843154224752387,0.13254982559412645,0.15137294141909804,0.21435571543425735,0.1244917385707017,0.180335866326234,0.11414532574043688,0.19452013307409205,0.12078801483512129,0.12903648018140298,0.195380080611997,0.21150436737146824,0.15278942104285462,0.10623374005366604,0.20678439116813727,0.18886773576676863,0.18168744424901664,0.14803428975149613,0.10304551233136608
2015-12-02,-0.03191859225609656,-0.10383260680702203,-0.059184610590878525,-0.09269515220293169,-0.10060350624005773,-0.05759712678550929,-0.05000900876206378,-0.07076711984300091,-0.05100393044371922,-0.0800099491064937,-0.05987066979772071,-0.00015196986842033335,-0.15015169654131885,-0.08800640678725859,-0.030711033121778156,-0.057177296357643036,-0.045158557051565885,-0.043652524722436324,-0.10060295958585479,-0.08779813153593431,-0.1083031306886203,-0.031014426204415874,-0.074669137543664,-0.09653639897010349,-0.06023965320257365,-0.05103126315386676,-0.0744100234514653,-0.06784087989460506,0.01081118017175875,0.05033482569930739,-0.08276180636414823,-0.10033837895162656,-0.08116885601674949,-0.09407536174841881,-0.02199244523891522,-0.11353461141085984,-0.04410132782305897,-0.08530320175366668,-0.04277569138090318,-0.08339975181899185,-0.04097555909058607,-0.061928268035488794,-0.07161892253680667,-0.08729848959443724,-0.0491360130322362,-0.09290716171671286,-0.0615800493082091,-0.12419219872413742
2015-12-03,-0.0484370652773883,-0.09696378630414446,-0.040067919746457424,-0.06603546011267372,0.0060676168428899216,-0.05404000293148137,0.02287888752723033,-0.03135491161581687,-0.06456580657982829,0.0011972322629001646,-0.05725284951096276,-0.11068548940861668,0.011992549840749274,-0.09668443210946777,-0.032891086345839454,-0.019187970408919123,-0.06133655955838935,-0.04347319817824059,-0.05664384643293957,-0.06411479442599603,0.05172644725267154,-0.014974696870027997,-0.018594821091454886,0.006428973247354308,-0.011673287903975899,-0.08050320939276366,-0.0635107114805601,-0.091843021643603,0.07048964621489046,-0.037095066300954646,-0.0527859158031284,-0.13737720869450734,-0.03696659617228728,0.010785477312674588,-0.031795536823076016,0.036796578257327475,-0.09779310198579724,-0.08918997681627218,-0.08332408540945994,0.010592498778974242,-0.061025497842594735,-0.08135439233035982,-0.13660982673897526,-0.06019618216094198,-0.07129436123360693,-0.009542870493691905,-0.06906390112738196,-0.005156845632848061
2015-12-04,0.044655377184007056,0.029652086237120887,0.014587785301663941,0.07742729870666737,-0.019907271525233486,-0.04774561286865791,0.00274966809749579,-0.03631521902280044,-0.014684104335990721,0.047244753890158656,-0.033977342017390985,0.024141563295387983,0.049165248413485386,0.004415960171009726,-0.016471357528498747,0.03330364388284979,-0.009080476961157172,-0.03548152427012753,0.0032087616074474197,0.003962190498181342,0.014189133418871142,0.042200312020166685,-0.032048820907870354,-0.025836243193793046,-0.0351470831787151,-0.06816524814593525,0.06200832142946897,0.034673514593275105,-0.018562550784882392,-0.057684131893942815,0.059316204420035476,-0.038486143035376806,-0.025950220717746407,0.034538132839471346,0.009777719748533805,0.0019389556715727046,0.0051067816894312425,-0.008832187894892584,0.014471132248979285,-0.03492073344804717,0.045221519063550014,0.04509202347295513,0.0018738948955965753,-0.005205241146743062,-0.008109260031695476,-0.012366026243192886,0.0023076435307457675,-0.10739545572148641
2015-12-07,0.1659953170934344,0.026935561665029202,0.06521486049912266,0.014779309785980313,0.14384923118413365,0.12819034158809414,-0.003630262227379586,0.08891047472869465,0.13435519274293248,0.10421078237836773,0.11623816660665433,0.10205388222435666,0.0771562342454643,0.12697992470126448,0.1267105826058037,0.10331000073180167,0.1089783538070557,0.10686499188333497,0.10208471053648771,0.12357258493941148,0.039929424804476546,0.04098380716411662,0.1081140793722238,0.06650964960862679,0.1206422727442179,0.06443739210108079,0.0692274087043905,0.1181946670152868,0.09881474606027131,-0.007580249274960429,0.05791558154261978,0.10049191440971675,0.14073935759196624,0.04335542380788256,0.08242138544889904,0.040617382927822104,0.13805513104623984,0.08303957423426381,0.11029856275287844,0.10241111205176998,0.07827281407694772,0.11956950156681542,0.09923775473568625,0.048491312439399394,0.010240678527112001,0.13415724252819625,0.07082344991664895,0.07796101544635911
2015-12-08,0.21104693513279948,0.15609840932454108,0.21378134488364503,0.19686799998130805,0.19422924494601887,0.22196852084997315,0.14693744208838985,0.1742661808814554,0.2152571769957452,0.22295472773271452,0.17942517195932273,0.20180024227671126,0.19261053858666313,0.1979985565477715,0.2067957573900221,0.20960909579805934,0.20242605288407206,0.22826274681755057,0.20647950765171494,0.21197561773996043,0.18538602468330387,0.20775841945299103,0.19887640374860557,0.21392341646659013,0.23973576291598575,0.2100379860945961,0.2093161233247545,0.24033669092972346,0.17933179534454335,0.17298004510138548,0.20162579656657903,0.19355259893233118,0.2185341878204376,0.23748535974432608,0.19196840713832367,0.1844220248464843,0.19971411773391842,0.21874849919132086,0.18899346564912098,0.21481544407024167,0.22050178560005776,0.1938067759639655,0.11525612725577665,0.2311831071336444,0.25329490355721374,0.21075315999518415,0.21092091683606284,0.22194470847543057
2015-12-09,0.037418000529828556,0.08118140487787014,0.05460235721892335,0.09455106150574756,0.08920340244355371,0.10229215867727397,0.062499094579161044,0.10624726669844783,0.10476799616558033,0.14032515527121042,0.08753170647551643,0.045187724137975664,0.05395729468057017,0.11294662382346317,0.08847962040899471,0.09739842999647941,0.11399512377987112,0.09524184379834107,0.09495812561409929,0.067813019339129,0.0824061926114492,0.1364422067882252,0.11466095951861192,0.07886273273351337,0.11063970525409846,0.1090002624129788,0.08026545964518565,0.10540103211423539,0.12244981633764239,0.10831529346335467,0.05901994228030635,0.0996293623854788,0.09043722121394615,0.041023790786589145,0.11005641565374011,0.07454626958056627,0.12048729556417809,0.09379865303456789,0.0896314397041728,0.0704036560927355,0.11365947259466022,0.09530853670484876,0.05510116023013142,0.1748299877782559,0.02845655121523237,0.09822607803297663,0.11487525148050552,0.04577429371734257
2015-12-10,0.11629062744029402,0.13030024410223348,0.11078812989876682,0.12653278778813914,0.11384091103991364,0.092583012704459,0.12227213914031716,0.13012767233746225,0.11481587462259016,0.14502931111373857,0.11141179623005633,0.1250133943783894,0.20083393633140328,0.1330726295697675,0.10964327008255585,0.1277095272056757,0.11956654788658688,0.1044476559738854,0.14233959956142053,0.10243726180258153,0.13386164373148898,0.10012881345150226,0.06648614857419445,0.196020088982932,0.16517953951717326,0.07297591714208726,0.1136822520375736,0.10367870829643966,0.16473890156065124,0.09608822617774246,0.08476297000564753,0.09926033601204891,0.10857439535346895,0.14928982705516028,0.04183273354616363,0.1099568423435045,0.07976668297411593,0.11429869443452381,0.08721027842791483,0.15436905555503153,0.10431147143393416,0.07648086306224704,-0.017444820300877104,0.1347903206237695,0.11402712801399237,0.12663530141411525,0.10411910073801088,0.10366426042776114
2015-12-11,0.3137245040690192,0.3536562110692143,0.36001611454955973,0.23018353192690907,0.38482659896392585,0.3354838608281746,0.3048362962278549,0.33482953467933185,0.3558465534457649,0.3781957991109227,0.24838252042873557,0.36983310230229394,0.3237699035118218,0.3500576791905906,0.3550712110115877,0.3525482048203733,0.34684157972882446,0.3298563416201128,0.3470223183367914,0.30456079470508163,0.3709699219524051,0.35194102787360887,0.3599123863049874,0.30744884439864567,0.3279661824967943,0.32723117882439523,0.32086446490374965,0.35282481347256617,0.3160322369614674,0.20443212977139633,0.332468407415253,0.33005593990891113,0.3663011031866029,0.3282029762672322,0.3464193324302117,0.34645705179187436,0.31226759372479834,0.3612692355647975,0.28546274846323716,0.3520243247972806,0.3640164624058956,0.3705843462554088,0.09349901684411269,0.28546274846323716,0.3427443140682164,0.36736719903359655,0.3085281381199627,0.28589180620215005
2015-12-14,0.1690570710688799,0.19348595146626224,0.23371584443195506,0.15202556173924767,0.2407494475799373,0.23093800466488307,0.24449768515734333,0.17709436147142962,0.2551049541435092,0.19536113605436134,0.16330132551273074,0.27980849095294924,0.1691817275902831,0.23855436422568038,0.2267812483153754,0.2353681845777979,0.23587501850021098,0.2155878108790854,0.22842743258361803,0.2441279984028248,0.27151036794793426,0.21373078780303728,0.20706345937226456,0.20115912735277855,0.20561221122802698,0.16883443349567412,0.22484676377952525,0.19139213397165855,0.22902609168023352,0.2108929552745867,0.1609862025452708,0.20387933168358205,0.22681356667277625,0.25044290284098847,0.2231672351742818,0.20993517627273897,0.23007566881106076,0.24705306624250062,0.2300500193210601,0.24113778085854734,0.22322828096048333,0.22708750322598337,0.11036684713190006,0.22614667993275894,0.28689749699933287,0.2302516243124653,0.2157894158704906,0.19958075924890095
2015-12-15,0.05021545383978598,0.012103775528860243,0.09364498650262455,0.08161012419212983,0.03489794939786012,0.07729148928180336,0.08399968948641164,0.09417814565853841,0.07508524196282484,0.0852404076063373,0.06063862462049576,0.09188688317031356,0.04209961548782932,0.09625194556445324,0.08787017561601258,0.0981002479177939,0.07538901567732706,0.07027073961907182,0.0990473376386054,0.11285530444123018,0.012228706356838114,0.1462483816663942,0.045156532884449686,0.04293344917519429,0.05994683960001249,0.0626141905351168,0.07068933565057443,0.054204686979635396,0.04993008279911454,0.08040283712214853,0.08511236646728944,0.10389968210037664,0.07324601135010499,0.05627382141894525,0.09504825518036769,0.12125547706350163,0.06051991441465788,0.1183789577089406,0.09730037958762854,0.08084916676069187,0.08513336106701186,0.0966718375589017,0.015628241403350285,-0.010776968664920982,0.05630777564812595,0.057712858673993256,0.08776001876561713,0.11516937587730164
2015-12-16,-0.035682515659770604,-0.03936258450274871,0.005456081782271376,0.0363724256451354,-0.0131733919478461,-0.03199207896542477,-0.04706452895188156,-0.04552419857059456,-0.015796458343883456,0.03920447476939073,-0.02743748185957809,0.044298200146359705,-0.036804317177759706,-0.0644382698207564,-0.013981047569392781,0.03258200970824898,0.02570812425143963,-0.037795483768515326,-0.004223344254647497,-0.03559957284882871,0.005515178535067475,0.018034359061609398,-0.014514473522262827,0.022191092747099038,-0.030499108368470702,-0.037205553025691104,-0.03216055655015049,-0.010022601917190954,-0.042286318588450424,-0.061355389216559926,0.04472069008959498,-0.01287116908047658,-0.018806763988505774,-0.025831501682715693,0.019451125951010603,-0.01695506573422802,-0.020719114173284786,0.0072118774113975655,-0.017817152575455315,-0.028993177957306965,0.04402345208511469,0.014879421890407156,0.026400629508164575,0.030869240662298895,-0.06343673537863304,-0.0015966491106314338,-0.027384087425034245,-0.03342076888389887
2015-12-17,0.19370301615986754,0.14036474622727804,0.2239693907460362,0.19772492452316734,0.22827332594838104,0.19548708911118948,0.13693115343548848,0.16357206452419562,0.16499518423415482,0.20051502631580323,0.18769309069134896,0.1499166114191722,0.23184016215131023,0.19445714125557387,0.16099274190612675,0.20189806921449358,0.18414377988244243,0.17193475914229928,0.2466774882788509,0.184180975354339,0.13490535716952354,0.1653302054211671,0.22486024849195396,0.053784227100317834,0.15660996278095887,0.2240010854791312,0.24532352071382618,0.1949715913034958,0.21248777722742018,0.22383737301479759,0.19839383665792557,0.17841908242962481,0.22701129930332611,0.26959697134561306,0.19569821270519408,0.26277919851093284,0.16154569712565997,0.23389770040305502,0.24521691115705216,0.17289948395212437,0.12670454143615295,0.1865690818140662,0.13080405502797637,0.14772757931607464,0.13525766639276945,0.20724557314948655,0.24082286861433813,0.1108246943357359
2015-12-18,0.2690910884768831,0.2558069602602044,0.23884082963357064,0.18659386801879368,0.25576242835854723,0.24781846100764407,0.26969861537235645,0.2039880677778144,0.27857219229204466,0.29719386185087215,0.26895330153410874,0.22524500760561847,0.2795000275606887,0.23659380226642537,0.3057665148722286,0.3203797893771908,0.28856148369082263,0.23971784614385303,0.23745405382549567,0.2536348512687881,0.2359630209770705,0.3163740138469524,0.244544056474033,0.3236425332168326,0.28196814272194337,0.2390226245732767,0.23403871892075798,0.21138088735762012,0.18606423931319008,0.23583571212880372,0.25294539265019095,0.21537461307917483,0.30332564275669355,0.23038605517542415,0.29882844459405083,0.2943522026204231,0.2778837814828983,0.21054840274899486,0.23547578958246917,0.27108035471914255,0.31828731390403203,0.27350027064566246,0.25702410830900224,0.22205177880411453,0.3078925202478116,0.2891189183186246,0.28241555735741597,0.20967138623871248
2015-12-21,0.021800550608961872,0.061301712505803435,0.021640240886366957,-0.06801000067730593,0.014740112271015097,0.0007889753013985191,-0.08494553335400255,-0.012834731679257848,-0.033618939602487234,-0.00919056687412631,-0.015230995310464244,-0.02345027386533899,0.014582945876314198,-0.0505342347761628,-0.03259526248500203,-0.025233588557211868,-0.025847585272510055,-0.019785153540913994,0.027357954325585708,0.01889454397094223,0.06498830420882225,-0.034582369602003754,0.005712998447377724,-0.10966893406769869,-0.003536243880770255,-0.01610693601693059,0.024918731879827734,0.03800335812666002,-0.0036014684062552513,-0.05244118703186705,-0.005674754624667172,-0.011369416992663126,-0.01950592124632873,-0.03304633003779362,-0.01049976294198481,0.018538824030935857,0.031016264106240327,0.03204360843960188,-0.07481329942955786,-0.0015585667474505942,-0.046887974419101905,0.005903169784965813,-0.09881755543755909,0.060893595738881465,-0.0668591081937453,-0.008065255488067864,-0.0037887578882563684,0.03757481775710889
2015-12-22,0.15301159216445157,0.12276168810003024,0.1767955019627387,0.17304054290758666,0.18072670074524394,0.16022385410991394,0.11168198527373725,0.16449636099567103,0.1472677670776462,0.15008519605583293,0.17221704890307657,0.1419176381375696,0.2059479034893051,0.1788776647507274,0.12611426094233333,0.15046291384930124,0.15431474474593898,0.15511706763178745,0.18805919325048576,0.17485373913126806,0.08791001829659957,0.16035534809904092,0.1390106256050374,0.12234570823003454,0.1496506372351922,0.1890218235493735,0.18879550720155333,0.17506800622908852,0.16955730793575524,0.13221432472478145,0.17838862236487069,0.16515016377826255,0.1701767965498694,0.2030419117446567,0.16494925563152874,0.11472588611111126,0.1799893390333068,0.17155905507700694,0.16301587488701438,0.17503526370191547,0.1168965846925759,0.2125652722281017,0.12468177209076438,0.16724358999559877,0.1673879190553776,0.19385121533728986,0.15039690491452037,0.09295865404646671
2015-12-23,-0.00813110951131323,0.01879800101476421,-0.02536292980952284,-0.017720555219393058,0.008837551547410043,-0.013234610296497262,-0.039072320619648264,0.037957526615813045,-0.02035907184317344,-0.01596584551019525,0.058767546087815016,0.03249633366045341,-0.040725808518564936,0.010895558997956098,-0.005845712038298404,-0.018389209963134947,-0.024486583992592615,-0.009183746469258573,-0.015490625912676236,0.022503947392190714,0.024616886140299447,-0.02590330048089527,-0.03298816039444487,-0.02431795768379555,-0.025453630324103086,0.018528454415096166,-0.028875977909461788,0.005674530785428652,0.06063010031680083,0.024867270659422368,-0.05320543284158441,0.0005007690382458423,-0.021423206049445857,-0.028759727954154716,-0.032079877776606106,0.025619701688827472,0.006775711680754969,-0.0016479389268804505,0.006378417877452783,0.013138799893771655,-0.03877383124703523,-0.025926294977549415,-0.06337560169404259,0.018956407547270546,-0.002524284743810675,-0.02119070613883172,-0.003575644229719675,0.04040005314929787
2015-12-24,0.17718749971302222,0.07681982080436664,0.21557108392575922,0.07463476676254482,0.14213081116194362,0.17631934769825747,0.20284026329333946,0.15319883099474835,0.1553281911550811,0.19156527257249706,0.22353138892997024,0.18374210864819243,0.1829804858651407,0.16383706047891777,0.1764258769299705,0.16225014226857207,0.18107030653787273,0.1527396532718474,0.15675225433303794,0.18958040033563717,0.09979707405833065,0.19969700392659112,0.17652261037026162,0.1655231610774101,0.15245679979454044,0.21006095125094773,0.1754193593613716,0.13781209161881916,0.1652256139129703,0.222860377217571,0.17289082070059694,0.22986804150600348,0.16790353839292868,0.18226539309134296,0.20374756367954147,0.17478630634073214,0.19873946531510164,0.18229722941346407,0.16176892401497187,0.1592293650888476,0.18296334323015243,0.18869877910766733,0.14843724102947609,0.15672847304647028,0.16919168496490683,0.15818243988063344,0.2031659385638669,0.15105355267335507
2015-12-25,-0.028023581048950502,-0.012835436817849072,-0.05086962056819978,-0.03119998172930861,-0.06658913175404303,-0.007402475140613,-0.022301997440722206,-0.057227995711980395,-0.07087673490790328,-0.09478468646607845,-0.09534237303566702,-0.050637808711220145,-0.04010433665705636,-0.08292947360516012,-0.08675669431782977,-0.06691146000774052,-0.07161907795632852,-0.059397397662247796,-0.06328094672221696,-0.022400214583321348,-0.10934342578024421,-0.07147972492112661,-0.0683411383275376,-0.0840088687734258,-0.06809805634132074,-0.004824967872968558,-0.05486161353150276,-0.07991372685238837,-0.06272466449909873,-0.029531318023804303,-0.053614770584959316,-0.04276776083362228,-0.06436171857041827,-0.09132443534762488,-0.05315113360693789,-0.053049500190286876,-0.057144174337422846,-0.06365080853745211,-0.037832777406546954,-0.06989130987326117,-0.0565385649062446,-0.08574402733645646,-0.013154712889321647,-0.05359331943419101,-0.05185923667156977,-0.048199385904951056,-0.05486056576432079,0.025349695800810656
2015-12-28,0.2159587874483141,0.0817472189385166,0.16555937155698858,0.09681769738629246,0.22158251983770735,0.1990405365469281,0.16998387542143437,0.1766364693707185,0.18002704239909956,0.1954201033275976,0.15366721654852739,0.17178506722291528,0.1421114686901145,0.2286643771089822,0.18834744046396074,0.20959193058276898,0.2113902485472557,0.19065740017112545,0.16729711460056623,0.19191216638995526,0.07186539278160502,0.2029622218282794,0.16138024286177394,0.09321183554193915,0.15696530465302055,0.21614213475356547,0.20693853270795043,0.19316801430380132,0.23400686879415497,0.23508129415429746,0.2361307769585277,0.17518483465893436,0.17071202576681258,0.19619838289177696,0.21194137215802622,0.18946320887320467,0.19023770250482722,0.1642429487222335,0.21076502882787326,0.16679250387549371,0.1771870521339809,0.18170204713173577,0.13045440887780332,0.1845374900955534,0.2016057762779237,0.17631304256086497,0.19723410586981963,0.11275509246640532
2015-12-29,-0.050560045343925934,-0.06331141042937469,-0.05350329012527093,-0.043611094728128394,-0.041390664229827664,-0.031149881441373557,0.013518900013126906,-0.03481568686731187,-0.009062295030543278,-0.0632129692063967,-0.06241604322600129,-0.07105350937456247,-0.015215958963314907,-0.03603068124461644,-0.0008082835953179116,-0.009070678032033694,-0.00655902261774371,-0.06143982918147213,-0.05068470868867052,-0.04106967639856558,-0.11039277201386433,-0.0377597429068656,-0.005841870361208714,-0.01195362413526644,-4.894591192791637e-05,-0.040725162079249755,-0.08265963972834284,-0.09312000307196526,-0.02104647170960112,-0.03249386587386938,-0.1211641176708409,-0.03148060437114064,-0.018270075699855722,-0.07901005946657952,-0.023174672410555274,-0.03537815922537853,-0.051865089382401766,-0.06651127466377126,-0.009067703418601612,-0.014421196338142829,-0.040734085919546,-0.0444012434424989,-0.1184139226332579,-0.009563923022953691,-0.06817327231409709,-0.03998637627048142,-0.061254051051668375,-0.10795791571000267
