,c0,c1,c2,c3,c4,c5,c6,c7,c8,c9,c10,c11,c12,c13,c14,c15,c16,c17,c18,c19,c20,c21,c22,c23
2015-01-05,0.0784140350224599,0.05555870858550245,0.07541676924120955,0.04649726343192737,0.07138249818081469,0.06298885261555227,0.029466566460841098,0.046401588066875,0.06706240600467142,0.05753704377873909,0.048905053286431854,0.0927364202745069,0.06836498874549783,0.05990073138688443,0.03879575803903378,0.05433059357213494,0.047437870358374275,0.07524903610751571,0.027333752907406538,0.09101161274886496,0.06797457541707252,0.0898555555041389,0.09537990410135702,0.06860911757370453
2015-01-06,0.19611529702352043,0.2189124772499473,0.15092114392293737,0.17896658906161986,0.06824279104392335,0.1342656708630389,0.14025272563090221,0.1205238017718841,0.05048232069279955,0.12130556374437278,0.18121813909775758,0.19446464829211954,0.1409046268106187,0.22119897164486735,0.11818914082837215,0.18960407687392197,0.11454453865158713,0.12983340395045737,0.18665930631491298,0.11213054456921798,0.13048365235644763,0.17472580779074426,0.14484247826853658,0.1512625597526621
2015-01-07,0.15314793973853238,0.1712578748301695,0.22849535593736545,0.19114915818207662,0.19745748925330864,0.17627928212072666,0.20808618984591074,0.2152084067832489,0.20231101154126496,0.1829115454915402,0.18642041450983493,0.14480823351027808,0.2154388328520234,0.13696038913897304,0.18005912837931937,0.16617726968532337,0.1837125503972801,0.20888910304207528,0.2039552181491855,0.20533443505358934,0.1693836746713137,0.20199778924611775,0.20042249550058286,0.2002321435307257
2015-01-08,-0.16780860089088703,-0.16085011430990448,-0.2615370582066553,-0.19719720527860898,-0.288858718998562,-0.1399941751534033,-0.2127828270894182,-0.20840009393981135,-0.2848764497499759,-0.1966308672767627,-0.1671820141654401,-0.2089389585236957,-0.18562318448002654,-0.10327450607795224,-0.24636908054784581,-0.10316051549289977,-0.1847155977077061,-0.2512627228735864,-0.1946906173819269,-0.2934089093413247,-0.21233891449392855,-0.21768924214456212,-0.19080746664841672,-0.1983532577870586
2015-01-09,-0.010853484637019753,-0.029583975201153048,-0.14941407881381558,-0.04908279706233778,-0.10448389760437252,-0.03330731677696055,-0.07558295139783389,-0.0681002489895114,-0.11040140718964103,-0.011617999324088945,0.009183240693538163,-0.033607159198690964,-0.09173651460957763,0.0010941743742859252,-0.08698912886790802,0.021523533456767673,-0.07861095434250046,-0.03147605959985284,-0.01942511358090256,-0.13225366195474297,0.012108672244931794,-0.02938908955393447,-0.09929125553131503,-0.021291435862222177
2015-01-12,0.26574279966317943,0.2690999595927158,0.28226430108704964,0.2392552514966611,0.2207429787423868,0.26422093804953434,0.24599724156689107,0.27185409974806807,0.23524259380626308,0.245472938772723,0.28563481904955845,0.24582215592043094,0.25349586879048813,0.24068837760556083,0.2464757453908679,0.23041127952369742,0.27839858175934845,0.2325538125979546,0.29088357186251274,0.25075556374071456,0.2490433501572122,0.2784224353896564,0.2397146724163916,0.2722099959122622
2015-01-13,0.375983306276435,0.30390813108324216,0.3138689300272226,0.34824821324481253,0.40589795391987804,0.36506406846668243,0.3316575362930494,0.3204372656688109,0.37226309409361213,0.3613319294687056,0.2779367754765872,0.3142806436863373,0.35007349303597446,0.22516252671074308,0.33328387680744326,0.25815114328138145,0.31910432480720446,0.3727053403995209,0.3274034798639353,0.38759429936511725,0.31844882704634286,0.2999398411452169,0.40606273409471966,0.2740576981159135
2015-01-14,-0.1427983266205329,-0.11522162169415502,-0.13272875512234839,-0.11920231551994036,-0.15931648853615998,-0.12655925217950847,-0.09181691670863198,-0.138445516161944,-0.12103284310976999,-0.14283649242902555,-0.09998964752473087,-0.08245436681277415,-0.12559985916852398,-0.16149814156412218,-0.12786786233820086,-0.09398425755840942,-0.1438092434729825,-0.1129335814750195,-0.16956209982601694,-0.12140400559736121,-0.12232523279985301,-0.11041129860626026,-0.14800461997153908,-0.1018292394940775
2015-01-15,0.20220322432008025,0.18269588554090074,0.15170344892739715,0.20464402149292021,0.04651829730298237,0.1972129412377346,0.1848903858426267,0.0886733804655355,0.12462621678367619,0.14555205202408555,0.23687782325623605,0.1854304555962142,0.13204139137008145,0.1847344620895829,0.10948474308972261,0.19360886128909505,0.0965409026322548,0.12250931686599982,0.1669569852877578,0.16447353200318868,0.10753919060390736,0.15695665753458177,0.11974462243799626,0.20331107825013012
2015-01-16,-0.07891386375248201,-0.05191252550636249,-0.12765176007206347,-0.08143515507200702,-0.14339693757826186,-0.10856397975552175,-0.08516142217031479,-0.13600609814152,-0.10000069888602431,-0.04748448051449166,-0.07161580745070643,-0.04581775801727936,-0.08936365470124175,-0.015127747917150101,-0.09927409849141831,-0.05275408059026436,-0.087312303935442,-0.11569502641435805,-0.0458707769515458,-0.08501513811077056,-0.06727355673428492,-0.10301916321187508,-0.11986183265738878,-0.028298856164712782
2015-01-19,0.07692734732756348,0.06840332029942406,0.09969712530792393,0.04888970700848627,0.16062799712276923,0.04486022451052354,0.06297378194531981,2.8001117122830045e-05,0.08519449454209782,0.07405004992721147,0.04389211632199856,0.0627237197950142,0.10024034698010684,0.0494365810002939,0.1661157953468724,0.010121308144015644,0.030347367249748222,0.10377603586480784,0.057145897264146456,0.15247735743346466,-0.014625592193191584,0.0595118699170381,0.12292685207302374,-0.06190171192763777
2015-01-20,-0.016968500285668594,8.020139899856409e-05,-0.05460043030812639,-0.04484045457016038,-0.07325294328265146,-0.012459262732770798,-0.047772233931712184,-0.02044594438028425,-0.024520224652723573,-0.018673395055791443,0.012317803209997258,0.021540964094832128,-0.05706673961933719,-0.011732775827118161,-0.026573478873711354,-0.05261482392523285,-0.0386723273441113,-0.057541797599294946,-0.06073484654899545,-0.061295164347019974,-0.006125320344374996,-0.052087856450831235,-0.048530210957217025,-0.04799266477067756
2015-01-21,0.27669968955750235,0.12177382313671978,0.22166318921927602,0.12978365004661194,0.2208440048582927,0.17006748497300112,0.2222984055434158,0.1408677074702338,0.20945532537866338,0.09167460687289326,0.11468360839554737,0.19248210902116972,0.21447604371446655,0.12375672149944879,0.19432330149594187,0.14683608393174813,0.243558225011603,0.25238827315491186,0.2074296200289474,0.18961846920204248,0.1584613791218717,0.10650353760637378,0.19891447385887595,0.11252210156987281
2015-01-22,0.13085989497570932,0.18791486188374829,0.06235316782156884,0.10233701022286748,-0.005052358090263341,0.10132778174820616,0.0716000372868216,0.10639356181843349,0.08448783519255817,0.12136668427440005,0.14860218127594363,0.15152695522492515,0.03243824379333208,0.18518223907045966,0.1459801758693605,0.1738679427028034,0.11619500978786591,0.06511387999880741,0.10685293477931379,0.03217077338970263,0.0444664574465123,0.18665680638861015,0.0997818724171917,0.14430798868979236
2015-01-23,0.22129192723854194,0.19693464344948694,0.1971403126369954,0.20515378446081484,0.18407492952581034,0.2264420214625875,0.2657236061978304,0.21750648251582344,0.22424411653292173,0.2321889499556468,0.21447409207894633,0.228618523019869,0.22418507274703414,0.2609528682981127,0.23496105570306944,0.20727370238995402,0.15828359714436865,0.21241346395146926,0.23069588022001422,0.18120956115719847,0.19795364078759708,0.22632442592236138,0.26089357849645056,0.269334625736406
2015-01-26,0.20648595190151506,0.2268511126664756,0.19243010392923612,0.21204983781430017,0.14378940091542358,0.17649912603003604,0.1526031512121797,0.17197883774910605,0.20618581302578118,0.16530197784138645,0.16407239251276512,0.18197149418726943,0.16048105865377874,0.18450446948608595,0.17930370240984456,0.204316587470186,0.1810932189525399,0.1460620918449561,0.17459841049403596,0.16402665381153786,0.22486478374624982,0.19233169774047087,0.1515128106406612,0.20115479662515975
2015-01-27,0.05310204251080427,0.06949072913560979,0.04411027617741978,0.0671934203713464,0.05932559439364181,0.058257169289498964,0.05787464972737307,0.05885907149037433,0.07860302200193656,0.07085426162950222,0.0442157064577511,0.06340523491777886,0.03975135497998011,0.058979111047425925,0.09211757691997315,0.07166580695131354,0.07490955335910547,0.05887708959832934,0.05402583577541638,0.07207024042851985,0.06427034758756452,0.07892783492101738,0.021282307350207287,0.0858458144239587
2015-01-28,-0.03137127590153874,0.0074752936475735166,-0.037059280332364,0.015785815635658042,-0.042686134116830414,0.01525733484639423,0.000341051572375328,0.0015546184647487618,-0.07556479830910091,-0.03664017468292901,0.026904792918710826,0.030429655379557878,-0.017570619053773825,0.05494609297218842,0.003944962429735026,-0.04808230578820332,0.008401999377759537,0.013687801589850628,0.00396136870070935,-0.07421401533221497,-0.020184187735956184,0.04354423180476018,-0.014727362577950936,0.018658404535344113
2015-01-29,0.15489228482365083,0.17205040560616133,0.17163847607675442,0.13605555120880705,0.1315333687408543,0.09188464918235202,0.1341049141811398,0.15325109729612343,0.13554063929704838,0.1719682708768223,0.1725346739797568,0.14078520550071716,0.12164706003508782,0.16123373898763674,0.16639340752000095,0.15063936360906652,0.19016601136800065,0.11078970281670719,0.12183293067640559,0.1380571770745655,0.1367201643397892,0.15564782386295328,0.09628249926185571,0.18469061392193858
2015-01-30,0.2589598789722504,0.22750279774830684,0.26622930151004637,0.23886978426890368,0.22726496484978992,0.2557059895925572,0.2712560510162463,0.3031526185979666,0.25090594345643213,0.23601212863032817,0.2694583330640735,0.27048396695105703,0.2534931459517604,0.24543771896640218,0.25041624429080983,0.26794200569844107,0.2445826097634881,0.2706728864261195,0.2611702368304805,0.2715125837771205,0.2839862406963724,0.2836203335025673,0.2762982123743592,0.280974466538667
2015-02-02,-0.08262226213377785,-0.1571246842282034,-0.11145198226492761,-0.12193630779193705,-0.07929527792784821,-0.09960395116755578,-0.0993297682940396,-0.14680516672036092,-0.08282236840139393,-0.1148018357585848,-0.11716308971645431,-0.1441774358446226,-0.09053180415772251,-0.11313511212583238,-0.11747605094742156,-0.08459921262613877,-0.11233965863965674,-0.09056088792581081,-0.11818624176304773,-0.08953674156235968,-0.12110232452752476,-0.0922805589312368,-0.1246112687184171,-0.03787328053132356
2015-02-03,-0.06895658431299352,-0.07364761887211616,0.015697547834798504,-0.004684392125039546,0.03428603480965073,-0.028214353808106735,0.03897165279762826,-0.03731842475917094,-0.05760392641676565,-0.02725981142875936,-0.0643570677345712,-0.01916243826539863,-0.04172112847587215,-0.046919940218235236,-0.01563801194412787,-0.05197212637861611,-0.0336380242449862,-0.052028218044206626,-0.017368981062965024,0.020392026619001257,-0.05267868455219489,-0.0249074056990378,-0.09237829892211409,-0.022775922406598193
2015-02-04,0.1682212181236189,0.12759495614097227,0.16626047457128543,0.10912927856323093,0.19097666801278293,0.1643039132824889,0.12379844491141014,0.13200503003295846,0.11749775633834417,0.13000541603128135,0.14098434984683797,0.12280872454616075,0.1529232361518808,0.12274525254659964,0.14840983574898117,0.11807563229981899,0.10170453070759425,0.14857466613543832,0.1384767138331698,0.1362842236777876,0.12878222695446806,0.18623447319286068,0.10038490355392841,0.1391180762473396
2015-02-05,0.24695608109246892,0.20883274979530306,0.19843666299468132,0.20467205168677394,0.22986971375948323,0.2787739078649422,0.1855951327693447,0.22386287807961996,0.2014312240978635,0.22405329791973358,0.1971418572860018,0.2459793798453745,0.2741120660686722,0.21928960365084468,0.2576045848904505,0.16809323687052966,0.23832396102778342,0.24069559831291948,0.24778393995807915,0.18646702929823705,0.23203100354681927,0.20917717844667133,0.2123336210159966,0.2162136097736605
2015-02-06,0.2533041906240714,0.2725228104680008,0.2774841723590685,0.2828571535297759,0.30630141476069805,0.2555114628619054,0.2439171984921931,0.2895580165686421,0.26996127573539486,0.2562537271366656,0.25641519371591537,0.27462934683997453,0.29251526491785723,0.30675035134043394,0.2760071146512746,0.30125759570720834,0.24464669003755,0.26716597595521835,0.2525209572172627,0.312357135196947,0.2877893550386209,0.24604205047614144,0.24739234486947959,0.24894411099453834
2015-02-09,0.13759609163420333,0.08988396318037434,0.14801679896760733,0.13451576737248364,0.11651149981536692,0.13523180237612725,0.07383475316265752,0.06651654283427015,0.12849104740577763,0.1356540485310864,0.07330694546895858,0.09430043623381411,0.13670074661954965,0.08748424573463902,0.09337135008805637,0.1538426872688788,0.15248894488736878,0.10590111912354232,0.11236808891579057,0.07858020224436169,0.13365850163436166,0.14073570388343443,0.11635050641838475,0.15279864026928805
2015-02-10,0.010736429924317722,0.0417939935781168,0.0871651101498733,-0.006100605771137571,0.0638650087370139,0.050179976789710146,0.056879460863023465,0.09157704780698854,0.06698423685172644,0.08237070977020153,0.05319147910922248,0.08971895858776319,0.04302958675930596,0.06363220534067515,0.08295609222331417,0.04182893818729808,0.03542395282032632,0.07857186925623923,0.09529033427778288,0.07207024397008338,0.09659196072045943,0.07243896984627207,0.06110583059552089,0.06816681062588194
2015-02-11,0.2127730439855207,0.143125119120448,0.2595357279900134,0.23986472124476277,0.2175607754794947,0.232542861256923,0.21601812626511196,0.20200799866321964,0.20019904303079394,0.22892615499848806,0.22681377875039171,0.1876674583019274,0.2424055977745609,0.20623516117224533,0.20971329169278466,0.2376711275641954,0.2251327947993966,0.24460256547309436,0.2090035429134756,0.23806781567650193,0.18503717029602626,0.21292800781068055,0.23398043391178835,0.16630896057103267
2015-02-12,0.08777458319658421,0.09989841615132954,0.1669203828084507,0.09039160915652965,0.13943917533326644,0.06832609682473076,0.03795369412732913,0.07151483630849008,0.12606380595926922,0.12383198050812855,0.10008639010379305,0.06474728704065205,0.0703723832191652,0.1690397160756041,0.12925254544302853,0.10951138460114768,0.07118709933955758,0.13267211304457985,0.06649164636118136,0.11856822285999864,0.062236909514876336,0.18646236917738448,0.16872756243951836,0.03138531933243819
2015-02-13,0.135328285556705,0.08622583570694325,0.062079247011965044,0.07366259171359821,0.07438030272561956,0.10330876275901059,0.10193941013345552,0.03835536942315079,0.06044865945875554,0.06979505019038314,0.04313340271323441,0.12482413146704574,0.060498297834977836,0.046706444252565586,0.0528104504651772,0.05997774139865277,0.1206201562470206,0.06768486863646545,0.13344560644532938,0.057006713737997525,0.09072190092735079,0.053107360432562596,0.08591687582205032,0.08198233675749342
2015-02-16,-0.07581008532494178,-0.08559097451246543,-0.06938589396424225,-0.1226631088112442,-0.09512507603667289,-0.0786192230237831,-0.09772405861597151,-0.08397914258643158,-0.04745456841563561,-0.14588042944916252,-0.11578583072492508,-0.09750619138195017,-0.10075106354883412,-0.09867650475408242,-0.067139740622341,-0.08379983592480342,-0.10657178195158082,-0.13915546562379638,-0.11102552806299015,-0.12360591480625682,-0.06605811656671302,-0.05469624391107004,-0.0511216788502246,-0.1303887194902127
2015-02-17,-0.05784680997145172,0.02632345087292038,-0.10455922246314694,-0.044539517953221544,-0.0278427418190759,-0.05009225643663257,-0.043544652308277074,-0.033210389019706556,-0.027194922329344614,-0.05210898020526033,-0.09702060875823824,-0.05264111764325389,0.007374730798280266,-0.08002691535796576,-0.02834017464154814,-0.058440644503705404,-0.06168745408914435,-0.07897035261876116,-0.022367124703490032,-0.07457443465272742,-0.07844592731755012,-0.06919907531531425,-0.06563221205340093,-0.007802754389709866
2015-02-25,-0.07653379726181418,-0.10385860659581914,-0.12742285602223907,-0.08491109956649268,-0.128698252412327,-0.07113945185489673,-0.08702553274044493,-0.09450662798438601,-0.142540667624838,-0.09271425710716058,-0.1197954945190393,-0.08485509316157408,-0.04765489685132699,-0.05229188479234595,-0.08235695709222063,-0.1164652312007325,-0.1054687546796649,-0.10736443569037933,-0.06739912900658603,-0.07647193249584326,-0.09394319542526842,-0.13559092795133793,-0.08092031772312382,-0.12567026889073615
2015-02-26,-0.0980870180514244,-0.07328462312412506,-0.0914880521190202,-0.09497430736619569,-0.09727920953354877,-0.10824887611532606,-0.10988620627911082,-0.06307215579699191,-0.1116657243729269,-0.0947930780045286,-0.06463525904137045,-0.08981119853061657,-0.08675729098933302,-0.0872845913129069,-0.051610362657515466,-0.05939744129340198,-0.06967738763817714,-0.08735303431651523,-0.0223138651552591,-0.0786082356230955,-0.08509345121147464,-0.06980656175766325,-0.06857892562956205,-0.11306061206618366
2015-02-27,0.07961844724338651,0.1356630149111986,0.06654037730883701,0.07601701954143306,0.04794183732820563,0.07740563212298121,0.010811271957798015,0.047433097106121605,0.033505761163697106,0.11254268772688998,0.0692602456870655,0.12107848589173802,-0.0008309503959003937,0.11170619444841831,0.032970511503228786,0.05879648836699613,0.014887941591513522,0.08299767765270069,0.03528912338227684,0.019274771654325257,0.04303277132922332,0.057814434172305265,0.09021788468900459,0.042559939346405284
2015-03-02,-0.00958681518340096,0.005855137235425726,-0.03882672076143752,-0.005111854923619869,0.014594667832326555,0.01977903810343968,-0.04305407927550151,-0.021666822511537096,-0.022811324607828656,-0.03798182154821019,-0.0030590026850443866,-0.031610966611204154,-0.012323792476616748,0.014129520044129693,-0.044928028518616665,-0.031320905221231134,-0.07917769504419708,-0.028577725957506055,-0.010380667408590269,-0.05614166827407024,-0.08695258068957579,-0.020871539062384103,0.02005955800032148,-0.04382407776796278
2015-03-03,-0.07842937843440374,-0.1575827055315931,-0.05616024521712536,-0.06768413907767207,-0.13544587851134177,-0.070733447476549,-0.06490257600647648,-0.09345806104424842,-0.07642164996913514,-0.0988876760151405,-0.04866409902673042,-0.11373416648481675,-0.08983422081711553,-0.056857925436421076,-0.10160127852611453,-0.10583941473907982,-0.10953675840900552,-0.06553398262981147,-0.05689552063994789,-0.06190411753031851,-0.033252234534785506,-0.05779563657054185,-0.13893572557718678,-0.09441866669333746
2015-03-04,0.22429569373692038,0.23144651147676482,0.20658999717016957,0.13741104103943894,0.2780788949305986,0.16861465317611915,0.20150523363913098,0.20620801934199307,0.22753828785560484,0.20708379689883433,0.15347122050159084,0.22010044450480892,0.21788810604256262,0.1820807573433235,0.20620175345963815,0.19059103055871596,0.20463745183017837,0.2477370826131986,0.16956152439814157,0.22354017292219902,0.1669963685602168,0.20762001183113263,0.2285254053219841,0.2152347458607182
2015-03-05,0.07513233694813622,0.09622595780388378,0.04703054407610133,0.0786688624429654,0.0783618680670524,0.06034863126500016,0.06888556069980152,0.06783954261571906,0.05708231053666281,0.030824969704526185,0.06215132212663658,0.06773762545448479,-0.004489823820032676,0.08744765870186662,0.047643041357275095,0.07215113569281278,0.042761706491037596,0.06468433645097126,0.02603411739118936,0.08061945747761252,0.07811055526215523,0.000143926917938153,0.10228953174043884,0.0769255818289753
2015-03-06,0.24877534343007482,0.2555081114529084,0.17619617871769339,0.22254153603521643,0.2699500666528561,0.26593352370609796,0.21933834427807286,0.25140779731088736,0.2433595480852908,0.2547807686714866,0.24055482880887838,0.25984482442785223,0.26869548735762844,0.23107824341716768,0.24201771748579826,0.29717048494978676,0.23670508251500266,0.22180076997621537,0.22846517871508068,0.20776051878678628,0.23198680044590894,0.24908432739361117,0.20734514291947398,0.259852778962714
2015-03-09,0.12654693010170745,0.09450390297443884,0.09617631635822342,0.1436445154718545,0.12500196812425948,0.11707484123697175,0.10454699381972234,0.106773926145409,0.16528108685712736,0.12549127758187523,0.09338133423801503,0.14105667840447736,0.10695302543099228,0.07236078567018797,0.09988475403800695,0.12121134589053952,0.1234965838902416,0.05304045023789124,0.15977206171692618,0.10990127520905559,0.1257965828200742,0.13417660887065577,0.11706377053937388,0.09789129042388421
2015-03-10,0.16858768320560763,0.07080318098809182,0.16314088725747594,0.10210675867698853,0.0800971763507169,0.11519038569205356,0.1848714873522579,0.12210737371724194,0.11513626215508023,0.11917879833483182,0.06520729929720638,0.055122608262616765,0.09247719738512897,0.09267253415038715,0.11386829529344199,0.09563948804083287,0.08394634389382748,0.12434513595501093,0.12243555916416188,0.06851621553489254,0.10458069634882286,0.13574552097020617,0.11560516879813079,0.12315343407728963
2015-03-11,0.08317582154018933,0.0801326026658267,0.09301941681917061,0.10776217625854458,0.13227915444314314,0.14780473704001285,0.1194238303476746,0.09536345800226902,0.08709928593859965,0.10426923999514921,0.1284767299546913,0.12021698618041067,0.14603489738098574,0.12353426696471996,0.08343118622827247,0.10874624056715014,0.12342257566569324,0.11645687645722888,0.08496091419599981,0.09156054148166289,0.10216432643904194,0.07953478359834883,0.12351704583931936,0.09961264768682776
2015-03-12,0.20227079830738368,0.2518624668014912,0.24216992357236258,0.21012879397025738,0.2638164680847608,0.2785395498810133,0.2507497583717096,0.2199710858247444,0.2802695272207467,0.2589651202456081,0.21926244487220095,0.27116227268666293,0.20274593292885976,0.20143220600537673,0.24099630044752,0.23492056723764043,0.29155854308293333,0.2441496511618463,0.22194421432226308,0.22383815371620253,0.2708566839664401,0.23166721489892222,0.24030948726070678,0.23946987971378214
2015-03-13,0.0769129244739001,0.10534790412839193,0.05899537454415503,0.07180928827270291,0.04221591416713368,0.08128000048731755,0.041050413001632514,0.02088155746692332,0.04354334689700544,0.05766083509985949,0.06939199012369744,0.05072874280191353,0.04806981636249929,0.00041878852854462605,0.08022059241571437,0.03862296240345021,0.0058625317771659234,0.04155702021555681,0.06462186187795944,0.09143346490907467,0.041014879429513575,0.057123770538404686,0.028457822665139736,0.0632330068305678
2015-03-16,0.11079701959513073,0.11138332375830913,0.06999278795117533,0.07938482226037583,0.08355976476259284,0.12904681537219384,0.06424396141611449,0.09632545921766658,0.09539422546238453,0.13527433006818734,0.08565294676853752,0.09236194155005024,0.09476401193979928,0.09613636977975838,0.09493990318875278,0.09504371202110776,0.1347362500569587,0.04339031524509161,0.06496986180862108,0.06348455792856915,0.09618256344109972,0.112165062642547,0.09525539066703449,0.02575931148094146
2015-03-17,-0.039702449905924246,-0.08423699233798888,-0.048602150102194173,-0.07812517449843322,-0.046206662694813515,-0.0709427732848225,-0.08709441946580108,-0.08434663956833308,-0.11128077102588989,-0.09081531853257375,-0.10988175358686869,-0.10785835608616529,-0.10047036631565921,0.001172108587336714,-0.09093664116244535,-0.10426182540566263,-0.021785787892044068,-0.08441415383516539,-0.06500405593391205,-0.09835813425333435,-0.09471997823538623,-0.1042592872753306,-0.07998613165788597,-0.10890305053083352
2015-03-18,0.14547503742506163,0.14461619613246085,0.12580371884620106,0.14134812479416198,0.1418104998159638,0.10850484058473035,0.14911771768606652,0.10364760213106336,0.15523303499409782,0.1319553094302797,0.10718264757884219,0.13150687247171186,0.10634841563152866,0.10418627335568448,0.14999147373338687,0.1359335716724745,0.14483395155136627,0.14064539126762582,0.1328653580474176,0.1301267605016628,0.10977035752268421,0.13209028796049163,0.13646925994615167,0.08889989266437177
2015-03-19,-0.05802278533474538,-0.05160259238941507,-0.039687522962816996,0.005449777023355473,-0.01520577470047428,-0.031452465624947204,-0.022108324491636633,-0.03669048254994439,-0.02247689592354054,-0.012470777689609306,-0.03980597383790847,-0.023379662658646935,-0.046453996803381914,-0.0365938038269485,-0.018361699985187316,-0.025418209994739902,-0.023269246744447875,-0.014161748169033405,-0.06945523872322457,-0.013231766243807522,-0.061999572591919495,-0.02908396650769132,-0.08301358724846593,-0.0441801028708271
2015-03-20,0.15563078200756778,0.11941179736974258,0.12422546955297302,0.14599471722048513,0.1578480771921387,0.15906765366439257,0.16868268684879914,0.15860367599072123,0.1489427323565705,0.13704474434997005,0.14833538070855848,0.1409089166172628,0.16582957040771562,0.17578777779188579,0.1662871360074004,0.15055703610344032,0.1218294057456553,0.110744212237598,0.14552330154098927,0.1512279955253995,0.16297824934734836,0.13384460646473104,0.1164058170848182,0.17732308478724051
2015-03-23,-0.04514535528656195,-0.06740191772284197,-0.090172984909827,-0.09651426878641255,-0.11280144758963756,-0.0870874953031564,-0.08075954853875264,-0.04939117365304784,-0.07140202544567115,-0.0720386160694248,-0.08934095429602489,-0.08192398102539308,-0.07623929344083388,-0.09164006724982335,-0.049288580482418735,-0.048009243644673676,-0.12422109341236426,-0.12786571579896355,-0.04231019301622639,-0.1366610633682315,-0.11121381827415201,-0.07586226353877189,-0.09147284038169788,-0.06396453354091351
2015-03-24,0.24725147016320234,0.25889258271623494,0.3257467821100322,0.2914598485664912,0.19973720530465294,0.2521997504161082,0.24198128167214464,0.24514000625900925,0.2808294643467346,0.30013760518377425,0.28505927506152867,0.29550858589732487,0.25901488666855904,0.2626241768979683,0.28621507388370865,0.24427328950595906,0.29510778896265233,0.2654901132353298,0.25593187405218076,0.2715704028110969,0.2583366556602162,0.28778649436205495,0.27325720838942025,0.25373040291034654
2015-03-25,0.048624000998880784,0.022906424709030388,0.058490960384917454,0.04274120502666284,0.021375235261487026,0.04629783196783592,0.04032926397262283,0.006110462453007575,0.0340303148517987,0.05947416190776946,0.03771268781433814,0.02461445277188477,0.06843257319837583,0.07322812936059021,-0.005025340470732293,0.048134518065183055,0.07979286586131293,0.030760124110874927,0.05252080401890814,0.058015772788385586,0.037924205858699676,0.04081265815160176,0.02333634373787036,0.02091910811450964
2015-03-26,0.12679152248662062,0.15181516528089825,0.04564507929219213,0.11119329145962138,0.026823775084594735,0.08475326762549815,0.05963396034570412,0.06354144458839671,0.04154353280745199,0.10555072677676282,0.09125407940698953,0.08032974181521994,0.05729810693649518,0.12728843115710295,0.04675478732418234,0.10133328960099709,0.09292192138019252,0.08398029858252566,0.06052555335071694,0.03238434163701068,0.025013256364421557,0.09723064980785104,0.05046820932482739,0.07098250159896355
2015-03-27,0.06408854127101848,0.08430843018003349,0.09592228878973555,0.1194489377839023,0.12930318782293584,0.10030542428567776,0.11131782774412445,0.11435300748307316,0.09077662861879802,0.09342474420206977,0.101929657098829,0.15560310590681375,0.11531334653027739,0.08155726325481491,0.10235291354886261,0.11673037155131032,0.09301253883428243,0.08665264100153175,0.08425483243113889,0.16062029724663796,0.09197235571784863,0.12143675120295708,0.1271954701615086,0.04742461435180948
2015-03-30,0.11019648258038414,0.1836903236316338,0.12141792826502022,0.13508291857079008,0.13080726213808364,0.12256180234102076,0.09518070955452003,0.11457709663440102,0.14267403319749564,0.12538363172229425,0.14909940757709433,0.15571611095387355,0.12315273561516965,0.15816211551925677,0.10302902501886395,0.14104910335715556,0.13329317246573594,0.11585982089692684,0.13191751697600818,0.12809013455623558,0.12310599667442987,0.16220407724826413,0.14974309298903732,0.1294477329495468
2015-03-31,0.026377708859858455,0.10591590625917881,0.03702844747861899,0.02565694519476564,0.07419547181662442,0.1149745142942588,-0.005526128092850374,0.1121012994108854,0.12127224490002421,0.09185513825638418,0.05365903724068651,0.0650832916623339,0.07756286216700115,0.10031898643737165,0.009401633594310729,0.03701314115884455,0.06801882513336036,0.058831480015891786,0.07432502888042951,0.07692600993352892,0.07330196539979152,0.06446721229141271,0.060694477794152164,0.07575890305072791
2015-04-01,-0.19243674738657682,-0.1601606474174752,-0.17559172477804136,-0.1377318955401467,-0.18165579886739674,-0.18182587444630513,-0.17222735614239318,-0.15312024455330234,-0.18115199534629528,-0.15505698369900003,-0.15971241867503183,-0.16696031933087788,-0.15796893453853714,-0.15474727299783508,-0.20517370469832594,-0.1519774707127551,-0.1517364604917404,-0.1589843611475864,-0.16326306056377018,-0.14343992009689954,-0.1731511821112422,-0.15452664950466982,-0.20009154478867827,-0.22876840984649627
2015-04-02,0.11232361901190031,0.0071062759117885245,0.02860914183884901,0.04029682372143415,0.06009028483610535,0.02942265208529403,0.08164872527021788,0.03336816281710839,0.06731636709726735,0.014377320462575525,0.02675004890696281,0.029378527602307997,0.044202678272337016,0.027758768100289075,0.024632632261392562,0.045484801698848894,0.05534885779726446,0.057151259146579994,0.0767397369035819,0.08409735480706303,0.04008457937289374,0.06028716939626456,0.07010486686065683,0.06532713486746032
2015-04-03,0.12238946170252736,0.08995292245466299,0.08242880350097803,0.0969134369923416,0.09048063590067534,0.1349097680381041,0.09969499055133774,0.10773464177966384,0.09944081601078586,0.13142315640575097,0.09932920023428263,0.11010785841372986,0.12617776746344858,0.11421388235034093,0.0847821282144791,0.12020245554708309,0.14412083236636497,0.10686713302169325,0.12300224336659704,0.10630242349898884,0.1244698250616097,0.14095414912309784,0.1270651681419841,0.15518239786051344
2015-04-07,0.08962803346650418,0.09501294287329806,0.10564462333054718,0.13210198644337925,0.09197638552426149,0.08331732079552855,0.09087127867355216,0.0829913142745693,0.11809061295994834,0.11276814209021953,0.10946276749974791,0.06829726103411267,0.09378737937586142,0.12759591325961195,0.08394253499631735,0.06356464094594996,0.045999796384063193,0.10673978421960012,0.08375218034128266,0.1154969431358903,0.10886186564967472,0.0702544052667189,0.09192610316255423,0.11151218815438838
2015-04-08,0.2912559237188951,0.3186816404982054,0.31963949199337377,0.2965366775344844,0.2897289421169927,0.3084917250969089,0.2967706839424474,0.28973280999150447,0.30564635083998964,0.30087947178096597,0.29259862872798603,0.3214794951539799,0.32800404690185886,0.2675988980978172,0.3134525504350235,0.31985498785903044,0.30443736377830616,0.2708973662261169,0.2546539509371266,0.3132393513241119,0.3143380174214713,0.2950688191572622,0.32163421013445126,0.29312300200108365
2015-04-09,0.02235769297341314,0.0466299835656802,0.04993867347670393,-0.008769022860378535,0.05934561926665443,0.013311840846931915,0.023408649588437712,0.015626487145742607,0.0685309911330377,0.007934390911380314,-0.0010374190561033838,0.03211081348434833,0.007631039080860604,-0.002612472595076857,0.02505857411654674,-0.044426953058791144,0.05562306684004004,0.0435486693891899,-0.0174377572740552,0.003145134097118754,0.04647941275727104,0.014867278739305299,-0.023535184322843933,0.07717762340970018
2015-04-10,0.025457282590574844,0.020758204626091955,0.024482420643060266,-0.0014710815518666576,0.00563229608548932,0.025224992323469426,0.013956615803931998,0.029277227076175655,0.034585559955429786,-0.004888101127121637,-0.01361994364730075,0.024565709819158597,0.04948269444270595,0.05400789273111342,0.005846197071655381,-0.003711506305031227,0.024777448211642347,0.03990173499736851,0.023507829114948607,0.022576504691303612,0.05171716996900635,0.02205432482427153,0.014090473408375746,0.04740776636412637
2015-04-13,-0.02923977155809781,0.00941304140472702,-0.019990739998777467,0.011289388950953801,-0.05211767345211742,-4.20057842232432e-05,0.009345083002225722,-0.04552062490694221,-0.030314798570893926,-0.017797609977898966,-0.010270280466200085,-0.032258034308558996,-0.03726421410856602,-0.02044879033374684,-0.03906377401102165,-0.015446088719694606,-0.011368852122382483,0.022196177446880606,0.016113900423014447,-0.08781162037847826,-0.04415744356542996,-0.052280077980929575,-0.011622759697082215,-0.017421163236484294
2015-04-14,0.1333106836213386,0.11573082630359047,0.1158046246411599,0.08903332104272463,0.07000619632708668,0.09643174104765027,0.10240887373198478,0.08248932179054755,0.08463085178189605,0.0909015122919365,0.11982335411258084,0.10869866471475023,0.06559633566654767,0.10058932072457223,0.06693864542878315,0.12763914471553814,0.08214219627679493,0.08950043718682164,0.1260770799036514,0.08008732256624998,0.08842298145830765,0.11415044857089945,0.10765974811807809,0.10416936007821918
2015-04-15,0.029923867427541318,-0.016877957742516228,-0.03728293033052928,0.0013770226899886113,-0.04891793143175395,-0.013399595147677983,-0.022862184573522706,0.01628702422608999,0.006147129872537489,0.018102463826507688,-0.033236593708339646,0.02107079777118341,0.040291716708336874,0.04489454761334049,-0.027847673629773653,0.025094174904298217,-0.02579990586609865,0.021059864681147775,0.002413479625367098,-0.042711209533223576,0.015318352448932458,0.01584150080713774,0.02441413670408153,0.060902778043521705
2015-04-16,-0.015092379336818508,-0.029536563277203453,-0.033125299658542585,-0.0406483684648763,-0.04445289955892047,-0.007955739909501722,-0.04146611684986383,-0.0171345869437715,-0.043331470143396895,-0.03749257360614465,-0.01244280966879343,-0.004600105084994349,-0.033183169418591306,-0.016049664152577723,-0.000858311300909533,-0.020684382925825515,-0.01833903512721544,-0.02901843963115976,-0.029261817126691764,-0.027834543325116305,-0.04320356174852285,-0.033320542493847145,0.0043226547400878656,0.017107815419262977
2015-04-17,0.2467996129688243,0.2470499805937758,0.2820369428910354,0.2664616713405601,0.3233962532320929,0.2750971677845745,0.2702844241817953,0.24883207329539553,0.34023320268297885,0.2694846690828782,0.26402359359539934,0.2677884010911218,0.2757219935385473,0.24528046093882394,0.2121384565765234,0.2273305235307302,0.2380586122636404,0.28665398428915817,0.21364776883087064,0.31149449792544726,0.29165915017137606,0.2557636485888122,0.32116371746724176,0.21254134072409817
2015-04-20,0.08466609201118368,0.10033816264960382,0.08524572047431181,0.12851838344992209,0.14194079195019063,0.10589242891401165,0.14561051619533866,0.13938821293195858,0.10720253290455194,0.08329796991899567,0.09425123495673507,0.08493297527876316,0.1389356717391064,0.10940666821381603,0.09936293344023782,0.08021416967808243,0.13613201604614925,0.15172341389561164,0.12333930090950282,0.17959284824576202,0.12696128811236726,0.1341002773817812,0.14354341411663296,0.12580755671960125
2015-04-21,-0.07671537688133029,-0.07577304475611868,-0.03701067294172949,-0.0657475681945129,-0.08208539456781311,-0.10637823060346482,-0.07363261270897833,-0.08667507651508277,-0.0361154856532196,-0.10490206083631938,-0.06538198398176605,-0.061273043274020375,-0.07437789635504144,-0.09451608154137174,-0.0712383889960006,-0.06113499641685186,-0.054846665653194376,-0.07055464771161997,-0.09797600440733745,-0.09630024542134098,-0.090485056851169,-0.06005913430505394,-0.055688215103540634,-0.06190568745993986
2015-04-22,0.05747217893887655,0.08600658643592039,0.08627899523699013,0.0857933008431964,0.05579407441788505,0.08761175391484047,0.064471924764336,0.059662500414415016,0.0943285924255987,0.06315242736686227,0.07594016952336748,0.09940213727635404,0.09957121860115595,0.09631723192874272,0.1340251301263137,0.07247952789841859,0.07571141243687078,0.06371326901612351,0.09612770613002686,0.033528937218888485,0.07899468443678236,0.04875675496469184,0.0815436130358386,0.10574765993656686
2015-04-23,0.005049255795293284,0.0441611893041505,0.03964596882930049,0.08129055681877695,0.07945273687081862,0.03235863414848218,0.0603690007479443,0.09220216126448731,0.06293643708811146,0.07614819266100158,0.06054424780951261,0.026204920536159925,0.025453899922690863,0.034986804966475285,0.0746812008463771,0.02354865667776274,0.07195671103271285,0.06282165695160336,0.03697632733261565,0.08738891038973295,0.06455486376815221,0.03528512630029004,0.0853825088182055,0.06528635302972129
2015-04-24,0.08552510300111223,0.05437447375722426,0.12768659729381118,0.04541841367451301,0.09135133124874086,0.10414409747909142,0.08708493541678429,0.09072365254425256,0.11083612636087353,0.08338468116142501,0.07693505505298748,0.1177090208881092,0.09789085507444523,0.08505902614552033,0.058677791865915416,0.0935586412709183,0.07506753699786038,0.05129494183537428,0.12280643549932431,0.09895143409601023,0.06679159595470975,0.08072253149831402,0.07647218883015514,0.03860224032602906
2015-04-27,0.195891112640528,0.2381097384113435,0.2210180787874187,0.20974256031735783,0.23095481607222462,0.19912713352932446,0.2110171659224156,0.2082804048534383,0.27163977644690096,0.24414957730189463,0.21730244366457768,0.2416006280329228,0.2276619539552536,0.214148672294891,0.23746143408078083,0.23861711840661617,0.19540206852531167,0.2431877294223689,0.26587366605147633,0.26324875385084257,0.21205602449817781,0.24398638796939337,0.22493802800231577,0.23261997592248196
2015-04-28,0.14583661373571502,0.20282415879154206,0.13323829617380395,0.1687222340298693,0.14698429813329736,0.18884229188158022,0.15746551447070348,0.148506793428958,0.19154929577464788,0.1665460558714821,0.178619231028423,0.1610444411037443,0.16342486275770188,0.18021274500147738,0.16503029957440632,0.18510733151207576,0.17910703084906196,0.13229172606489137,0.18892471501811753,0.16317811173259655,0.16634131554859677,0.16274370551612952,0.17342709181107993,0.16327038417475778
2015-04-29,0.1324305827079173,0.17094764321997333,0.11198883812900744,0.14457142435043846,0.12314034153046834,0.12453557541876473,0.16777357036170143,0.11575153743355855,0.1651207338677921,0.14640547134906104,0.11663356992879777,0.10208638397660844,0.10912786995902496,0.12277539831762768,0.14430082725228105,0.11077192876516727,0.15493161267462485,0.1307279463690321,0.13794464656443178,0.12373803971854404,0.10794361886565208,0.14618723116070034,0.16405908088498292,0.13086013460663773
2015-04-30,0.25310603565759643,0.1999071339547699,0.2240660714909712,0.24087567280232022,0.2140472335554565,0.23005736093124418,0.21832150711955364,0.20019515635274696,0.21884248881001217,0.19902559481390256,0.23574315602660392,0.2546695101819094,0.27110055264297606,0.2023675017551365,0.1979015662276796,0.23561079279223948,0.19959528617460723,0.2654740562766116,0.21498965978413143,0.20551721728007313,0.21647318691488832,0.2527888933480592,0.2728811028716468,0.22192866998245392
2015-05-04,0.07524654452940226,0.038749746722817065,0.09262661937123051,0.07296179168948955,0.10399447022109712,0.10465158032166477,0.08030516377744883,0.09214032711881982,0.07713220942377119,0.11331378930935812,0.10000820746425794,0.11104596436430779,0.10500809204679708,0.13826396743699956,0.082043094316655,0.11690301598669743,0.11831239147561981,0.09748646409627164,0.1321483806930751,0.08897481077955142,0.12140891381916115,0.05724141999394276,0.07424959411530924,0.08485286838055754
2015-05-05,0.2657594764986603,0.23693714433089097,0.2899266509999591,0.23406831236403444,0.2942008450663328,0.2612510219089697,0.24757337120898448,0.23673587177053385,0.26746940492126603,0.24637766498976293,0.2626096751442686,0.24955335512240992,0.2518945128736516,0.26770240392556355,0.2298824522563287,0.31033944503114,0.26042511912031613,0.28058460922307776,0.27483146278472187,0.2850004587646235,0.25718115368030964,0.2507173348976912,0.3050154939264083,0.26776230345172275
2015-05-06,-0.014262504409903998,0.030534552807212654,-0.00470235857882283,0.00263690130625491,-0.024650868491018604,0.0024176083759127305,-0.004018062042971444,-0.03236635410370838,0.0054823232585544885,-0.04979103692085066,0.010177756797471776,-0.031888526350225946,0.03792459631826437,0.011279864074290893,-0.03831521986552886,0.022092159713477937,0.03342562872629692,-0.0008530623231790517,0.02640312529615788,-0.03997517757918335,-0.04141071270330637,-0.013926511733005456,-0.004777251602986476,-0.007281294736238755
2015-05-07,0.22624743677375259,0.19233526422229888,0.2529744966201962,0.23448207761429843,0.2403630362867087,0.2178173559431582,0.27626006855788626,0.20921389265420073,0.22322353169597361,0.1945410173908248,0.1938736488158824,0.22666345208065364,0.2567319714944875,0.21658059527122425,0.23777737025490553,0.21010234951184886,0.2430552759179203,0.2227033556943698,0.2332494206691896,0.22371290118263193,0.23852424853708548,0.21408347749811163,0.2692314104380857,0.19538382028754298
2015-05-08,0.009771737293062514,0.028600986717040065,0.050148048165280304,0.07032605114705874,0.004917341878994,0.1066860510861487,0.05635069013847151,0.04289208905530443,0.05015160152429596,0.03520312776813467,0.09475691724786459,0.04949930633356425,0.06457925437330493,0.031504588655550066,0.029757858887995363,0.0332406583460578,0.05742075882490142,0.03306705137700702,0.09290714006885575,0.0054219182351792575,0.10388904991810846,0.05013535759736723,0.0823633086239622,0.013005801620028812
2015-05-11,0.03936915378482753,0.05914503871619605,0.026350320219366143,0.00954630676937041,-0.0023768303286339494,0.005005270730904449,0.04343236151831399,0.04053794798009946,0.013296348447902513,0.03857251679327287,0.12141045271869409,0.049683114937882134,0.040431507429070736,0.10183539417637494,0.04411588939419718,0.0787570308473059,-0.0070055836404777925,-0.018218518604027917,0.00872658628482157,0.016823762660668533,0.0224666507647233,0.08221878534666625,-0.0005352805542094586,0.09577495133238102
2015-05-12,-0.00891406525619,-0.04056252355635714,-0.02771811342933257,-0.0480918373143981,-0.01352588535032185,-0.016089432530169902,-0.02690583189670838,-0.002532512741752843,0.014824458574090805,-0.012162165454848904,-0.0659489504011976,-0.012572281707032701,-0.0001841547648955379,-0.03847039205600491,-0.037573214663797955,-0.021428125331424252,-0.031455070148730876,-0.01243326794300292,-0.034627251391388274,-7.155874569060596e-05,0.007197168325534387,-0.02986333690229396,-0.01781530636440677,-0.019643516899469998
2015-05-13,0.029346165692306622,0.0468903615300305,0.0140487071425409,0.06990926628113638,0.020043731685928826,0.04540835757336673,0.027597659910930238,0.016533265582647363,0.043748939544822854,0.0674719167356933,0.04690533639446674,0.0415055018032659,0.03171473238584769,0.05189729628822645,0.01931935180157153,0.024343799536820025,0.014161145531443459,0.07588271432362342,0.0587377636004452,-0.013620781355430928,0.05041021610633007,0.04330680032706154,0.046309641363418634,0.04100853935299228
2015-05-14,0.18341488212169305,0.22419568836593232,0.18706309714067454,0.20759405297865485,0.20503589095676777,0.23326185150506043,0.19352595723968297,0.22830300805898418,0.2137065572202442,0.2311099586472669,0.21263599693556837,0.18805979030460607,0.17399015566728537,0.1851553761542302,0.19304120425979862,0.17802873790075577,0.16231145609794453,0.1993891599487604,0.2104045943297515,0.21186398293056738,0.22970443148866046,0.2036472916799985,0.19689614462364086,0.20712674084672397
2015-05-15,0.2992691902794522,0.25621929498220797,0.3187703591364193,0.2845032098201193,0.2587156436266763,0.27331619257715456,0.3312874970071672,0.22514176774980887,0.23699717958513822,0.2943980659133017,0.2738263371835295,0.2857671578443606,0.29344241040633684,0.29920814733509965,0.2864486330676578,0.27583485523909634,0.2467342986582499,0.2645998756827117,0.2997131622822853,0.30010917197169856,0.22678890131549015,0.2364329170743162,0.33288307749799606,0.23700641297167893
2015-05-18,-0.05531153543943648,-0.013606552434432864,-0.010894481011635183,-0.0029828978344144425,0.0036263326548910085,0.00968680334858686,-0.011218863536514495,-0.048440108433542364,-0.012788742970300516,-0.03489853403226216,-0.02995994969221776,-0.007976815030815407,-0.0005325152873214347,-0.023066186487427403,-0.02874211921148933,-0.04181437961550674,-0.041750924505006094,-0.017745856202611106,-0.06585929772729614,0.011745287133227868,-0.02126101550390498,0.02778572378602357,-0.00986320855577866,-0.015631278100287527
2015-05-19,-0.1666157567590487,-0.18630823671549937,-0.21311479871581535,-0.19288838029576702,-0.2419982776621542,-0.16560904948108124,-0.2306082816212167,-0.15836485233589273,-0.29285254680524603,-0.23941308240199788,-0.17226565512288347,-0.18377073304626632,-0.18691112063119256,-0.1293626627991035,-0.17371532397089373,-0.16598954543475172,-0.2447669818699936,-0.21464818704137026,-0.15557878216831494,-0.20494865054391978,-0.19633176499911345,-0.1983262584347364,-0.2035064983053485,-0.19859711556796913
2015-05-20,0.051149026054656085,0.017411152567485995,0.017467731609980004,-0.01399545481692157,0.06004188944665472,0.02569683901272019,0.042977021574433005,-0.00408888358023855,0.032882377409459713,-0.007027326629765523,0.0008099185157013194,-0.030305935455889797,-0.027641481658440305,0.010326723015203368,0.0558864731034834,-0.013589447799024722,-0.0077246109405019105,0.034709147049983964,0.03294262361211537,0.004305769909798929,0.029633797386261856,0.03516335103000534,0.03775708102433731,-0.07859143330432117
2015-05-21,-0.024247393826087434,-0.03807118531030826,-0.05228638120384189,-0.04746434447961253,-0.06813443320158966,-0.022326997611121134,-0.09393213834724569,-0.010600718303622676,-0.0629756574883426,-0.0551940349093374,-0.026160683536415368,-0.015566525083228103,-0.03926125151013223,-0.03350880933248055,-0.08940638820101568,-0.07690713985054473,-0.04770432567470795,-0.02140260535393126,-0.02915361529757122,-0.06175497865315337,-0.08305535967113283,-0.043387397434005166,-0.020570597657040085,-0.04983791702882508
2015-05-22,-0.07220594813420045,-0.04905356606735975,-0.03348022123102766,-0.05191670144903437,-0.027083095138280167,-0.05860930157655951,0.004687953672657132,-0.025349842706848112,-0.025381178540743392,0.007066371695789515,-0.06457637834272559,-0.06588006195469298,-0.03973440198882882,-0.07658364882081338,-0.012695811909354244,-0.04365956806522438,-0.05938479288926511,-0.04827440479212587,-0.042250302454366596,-0.05540429507013554,-0.0021856038379929857,-0.061472719263043984,-0.05360544882166082,-0.06526915434614004
2015-05-25,-0.0005272596447951244,-0.03203856368105458,-0.04694398159506421,-0.01676339377037719,-0.03210167844785739,-0.024530699120317235,-0.06168965770990921,-0.06254952659037753,-0.027380358768351893,0.011453933830311033,-0.039023078361312025,-0.01679886091809381,-0.03291099966110754,-0.0503988169053187,-0.049920429314463804,-0.017774347114740723,0.009794238878500956,-0.0034271876911683087,0.007842987216327474,-0.011118812727289991,-0.03173583621550484,-0.03792331751321711,-0.05467358564625036,-0.012428023682559654
2015-05-26,0.20635040950372363,0.1429775860178027,0.2184519527066733,0.13417928673249857,0.13973306141772568,0.17363217513714166,0.1606297985574543,0.14042950640061874,0.1404007113506572,0.14854152366183976,0.17336398594632352,0.14211655756307068,0.16282499766040381,0.15193623420877495,0.14555756603347342,0.10939662937002044,0.12159133302872807,0.1350123670505032,0.14440971629677168,0.15253697799620763,0.1764888134759722,0.15153733807548433,0.18646545137440793,0.12273861815660704
2015-05-27,-0.039636997137169845,-0.00803099385439626,-0.027116911447740956,0.013114255377956411,-0.04788088752741699,-0.020769112993409694,-0.04043807029552563,0.009207632483502398,-0.0004543315461627392,-0.025845239914561977,-0.014028340638452883,-0.012117408729528632,-0.020446628964573912,-0.03520098674405178,-0.020665518566447404,-0.04154707289380515,-0.008875160011295593,-0.004420599651917064,-0.021675778267401982,-0.055329127057138314,0.02125169750027811,-0.027820954013349698,0.011142536656517094,0.0013187599090709328
2015-05-28,0.17110859942976733,0.10457834136666253,0.1463351247292853,0.08295966806915711,0.08486263217813249,0.11408474736941891,0.13447020133151522,0.1663075610520866,0.09364912459802971,0.09471783690761794,0.11968556990454801,0.09003813704543633,0.13968834085622406,0.14176684629239375,0.1234820653798756,0.14865805727119596,0.09729219685424066,0.09566054383572632,0.10216907180410832,0.10965593953023481,0.11083194178084689,0.06872864361915457,0.16438014540204324,0.11312628976862554
2015-05-29,0.027210413319063972,0.061057970205414536,0.05128762172003482,0.05873691739086028,0.12029991672191737,0.08343413107442617,0.08305070295875895,0.07225182081472345,0.03425060359634835,0.08517989746110953,0.0787178786990976,0.058178364469918434,0.09571190902050082,0.05219844381270701,0.03799977467467433,0.06930181894662935,-0.0010054529594433269,0.08343384256568602,0.0941903139249186,0.00018666515488087018,0.010538070242934565,0.0607807133061247,0.015279134369916543,0.05229826783680095
2015-06-01,0.12689277677668315,0.17292985677998343,0.12331348484407019,0.13211046091031117,0.1388453280967666,0.15836383379795776,0.10782024774236193,0.0728361079838472,0.1101158803612376,0.16045769960162395,0.14522644543677896,0.10001469729993674,0.09390375979770094,0.1812619415563004,0.1554540538151064,0.15805818703828403,0.0900593456991338,0.12320446797927524,0.17125835998128192,0.10355432079221856,0.09465317939705047,0.1624502539209912,0.16621133575641667,0.15618292573313333
2015-06-02,0.12912302043773155,0.1804146527892394,0.06674329803654455,0.19570406327785098,0.10097327983659421,0.15003467122656827,0.07075583273918887,0.0825527071064704,0.10369391688233204,0.15182590157058,0.1629709624637544,0.13705872381400805,0.11699325761237986,0.1874086616348007,0.13672080851680599,0.18212321955641492,0.13871031973768835,0.12932856230445944,0.13198329190380081,0.10119501929608055,0.11749650006325438,0.17217901467809096,0.14460680203944448,0.1411131488427518
2015-06-03,0.1690245826672655,0.18384986490366212,0.20853111407459723,0.1762291682667561,0.1270253125406856,0.14381551479786395,0.11780047615397872,0.12267930825038546,0.12401253918503034,0.19645998422141545,0.16213836390177047,0.12547479246818924,0.18273837367620369,0.23723942442642446,0.13773359119193684,0.1682515656527919,0.1525571978134177,0.20225481913844118,0.1536128352103506,0.12064511174264494,0.153832340764316,0.2078329411930278,0.19163924010875527,0.18081867752104056
2015-06-04,0.06809817540554587,0.09453048433830061,0.0569942279348444,0.0755184875268827,0.05714179457200646,0.08740891126383382,0.0720622596560538,0.029789465180897156,0.06861244379399337,0.08883554263051924,0.09187536485030276,0.06053520014754049,0.020061546340370464,0.07410465926220598,0.04979156854765573,0.029397446390820786,0.08950130393497242,0.05953290016171536,0.09254783254152242,0.050517077661482924,0.062004508520921625,0.0917967172236778,0.07679026232641507,0.09885915216029482
2015-06-05,-0.11519370691681562,-0.08673434245699199,-0.09786859526269469,-0.1337728433125058,-0.09194614362792529,-0.1323007035439592,-0.11954562102650726,-0.10849609962226195,-0.0812175082408121,-0.1073792850856334,-0.1076591720375442,-0.12200501828558309,-0.06899268030022249,-0.07892101393421562,-0.11383472456827984,-0.10102497663053281,-0.07959777183746877,-0.09459468324122211,-0.14489233645472882,-0.09311653027644302,-0.13323493557680216,-0.11502315080549497,-0.0711798437662288,-0.07472434961816203
2015-06-17,0.1995832034460011,0.19265928036517777,0.18061457333838796,0.16057231422945337,0.1804265735823525,0.1778408495335484,0.22163851693241335,0.15448941875480773,0.18981093825143786,0.20344176266485403,0.18090484675982463,0.17112000851687525,0.20933770237654045,0.19870309005897083,0.20316624890891413,0.2347560329791081,0.19674661439923083,0.16097164517928292,0.21092217980033376,0.17960927612177383,0.23016523035533154,0.2262290462290511,0.18111421534816785,0.23027729448225157
2015-06-18,0.07016547342545469,0.004673346034960733,-0.01167306430178633,0.042978355775228565,0.011265064254269846,0.011808981161336342,0.04595514904167232,-0.011019700185603007,-0.031117205966378864,0.039472342925733775,-0.012448967633863169,0.04241917027038698,-0.02086564591678495,0.03308746116136079,0.044045356633270784,0.027841284425028853,0.011668248350069993,0.030632931103266686,0.026085067365803898,-0.0468279065138222,-0.014033415748538697,0.04995774002369629,0.004091686088776234,0.003484341066771262
2015-06-19,0.10905261768793992,0.08156068835828964,0.04513572084918877,0.0864752925804043,0.08218317923231255,0.11467193515990769,0.07084937146393719,0.06915870867111994,0.07378397399105383,0.07213115995369308,0.09594159803871537,0.036433620933504295,0.11763248798392614,0.09619741489764133,0.059160225611034734,0.04421521282827546,0.05005032507130342,0.07006623655542811,0.07885216652002067,0.09113840665579469,0.09258082433603898,0.055968726524214245,0.15038569935085289,0.027295063924472573
2015-06-23,-0.08428124323942483,-0.04853579335047049,-0.04996802755793591,-0.08873155571384317,-0.14475604514548038,-0.1333051988598444,-0.06430458264380928,-0.06868355673499318,-0.10810634994975667,-0.11192855665914529,-0.1189793035323854,-0.10103619684965967,-0.1346204490518909,-0.08294904676477093,-0.07065643202306292,-0.08337297715709514,-0.06847446147378877,-0.05761025435960257,-0.0645352707489812,-0.12713237875652397,-0.07952261775240708,-0.09131449717577986,-0.0825286696252515,-0.06915887262941729
2015-06-24,0.058980008037905485,0.08174805800419171,0.015018887743079653,0.004109652699326658,-0.003240707841916652,0.010051497087618171,0.032936262830599604,0.01857338882070146,0.031348436257244865,0.05546104103749768,0.05954855327332946,0.04718843452302337,0.04315313004679062,0.09164566520356772,0.044549072603189764,0.03867720301310428,0.016947568118633287,0.026152807490447315,0.008544032196578163,0.057485936760584604,0.02422986723505902,0.09075321318738538,0.0009342728916726651,0.11338404694781448
2015-06-25,-0.2611168229786717,-0.27387820400181645,-0.33972731948576257,-0.2935074368154468,-0.37093896838055296,-0.2141029877605406,-0.3021086795567145,-0.2566086544076127,-0.3314451721145296,-0.32323414515204174,-0.310970066150502,-0.3307372130647406,-0.2452366903431448,-0.2397871904304832,-0.27267618796808374,-0.2682080415281817,-0.26869479717738726,-0.2993560763604569,-0.25198014902327787,-0.3558770606669884,-0.28997954003792675,-0.16301473733875368,-0.2993766282656456,-0.29750640489347574
2015-06-26,0.09172875318364727,0.13686197551205243,0.02977527280230555,0.03708224928964651,-0.01550265478896785,0.05576064372397184,0.004924589371408981,0.06517375544317408,0.01921777601473744,0.15887194483753608,0.16681475727292405,0.07744413355009923,-0.00628358882589725,0.05352380253869694,0.03333059364483728,0.07950146808756373,0.0501288723600761,0.08889888367698921,0.058702098444133655,0.011955884743034762,0.10434758537161615,0.02127910044624292,0.027258755122826855,0.10709612038761289
2015-06-29,-0.12495542657145811,-0.0945383334339322,-0.03244103714859084,-0.010576049225332113,-0.09453638970362997,-0.08403363023267879,-0.05616387553885925,-0.10029196219973595,-0.10740003921178044,-0.06712547867831273,-0.037473785687103266,-0.03368131643117519,-0.07672380198967017,0.007530144765363695,-0.05883365215497843,-0.06382929236587619,-0.13035203983277197,-0.040425228011191465,-0.07951400229934048,-0.06696797532454166,0.007614618457872891,-0.010767541953959379,-0.05694696949914722,-0.024688863556294193
2015-06-30,0.20751661777192817,0.27940331096137566,0.300688945639185,0.23891998297260478,0.2541935763090182,0.203807831497114,0.283083327984246,0.2675444271776369,0.3198087414554596,0.24163398938934355,0.2885441491990215,0.22087385748490632,0.31270824056013086,0.30068606054678926,0.25574353375105396,0.2667461221117162,0.2857909055256997,0.3466891473072244,0.2947638313859094,0.2864785267437495,0.163268821225104,0.21207823735894385,0.29963848349787053,0.3217048705853162
2015-07-01,-0.22299822546151613,-0.057140877124825615,-0.11836695274066723,-0.11012990919406657,-0.21500415731219688,-0.14619336792959897,-0.34938989641033524,-0.25001927884585934,-0.14495362387010055,-0.22525860562708586,-0.14222583306364003,-0.12192015830034761,-0.2891416969365718,-0.3010077343928269,-0.06286954198469054,-0.22695337468273225,-0.17777646712755785,-0.12493045976546645,-0.21134775720304722,-0.16186270687716683,-0.0376078306764442,-0.1783795300680132,-0.2837052835833717,-0.21008854998752433
2015-07-02,-0.2735590449433182,-0.28220053044479376,-0.22640094535681216,-0.26908618912410165,-0.2617344127597486,-0.261719831809894,-0.2302305976199361,-0.2685957083081049,-0.1470324148780056,-0.32353016937135154,-0.21388499672835212,-0.21756101174395445,-0.2571427221441449,-0.1805923538948664,-0.25949095147972984,-0.17998390162095126,-0.27122308814221024,-0.17992384896666203,-0.23817370428396706,-0.20997828501455912,-0.22557670371235203,-0.193221091772499,-0.24346077654788664,-0.18697716840412945
2015-07-03,-0.147424146500898,-0.12411867188100012,-0.07854213603368555,-0.11213979965015233,-0.0321986912506433,-0.061418139941223575,-0.035842530983784156,-0.09826362436070064,-0.030654578655697894,-0.11643444403703923,-0.0826052805867902,-0.07822693752611923,-0.10768888624941124,-0.1303389480171392,-0.08087320272820361,-0.12542434941847422,-0.07227358820897455,-0.10003671691422253,-0.1180492455404803,-0.050013726684258755,-0.12938867171679186,-0.122767118923997,-0.09120810606760929,-0.10564423473951505
2015-07-06,-0.17059038733355814,-0.16554781228589827,-0.21659072104904886,-0.21631397943642838,-0.2266661443677754,-0.16609884647031956,-0.21461067154636165,-0.22965145574024368,-0.22672492136543973,-0.19520385983124813,-0.09607954491610896,-0.267315254505645,-0.1822943534106667,-0.19648348365951537,-0.2351373791561468,-0.21179121330273928,-0.19643756414414693,-0.18130187961850344,-0.18492217421015142,-0.19982036294498562,-0.14235478346360544,-0.19897115778081456,-0.20411659411801267,-0.21435229773988854
2015-07-07,-0.03743469418085671,-0.029639186233913473,0.03822089517190387,-0.044888086470981484,-0.0057099366985799965,-0.08037575094186707,-0.057917298947611835,-0.018823011321367964,-0.03343718726209245,-0.04386986751829071,-0.054626929574366496,-0.01729124942809656,-0.021761659198618506,-0.042799185905483046,-0.06380863400552447,-0.10908538750779433,-0.04820653445104993,0.01101863644595427,-0.03130321314353585,-0.01488018379483819,-0.043664450342058465,-0.024242182438228788,-0.04323514322194717,-0.025725915135618557
2015-07-08,0.3049774830932138,0.2771372327844577,0.1748956457408469,0.33063447170302124,0.1988036562907361,0.20801072473952395,0.28672010842736656,0.320965507501473,0.24986120741546186,0.20770731808520843,0.3477958368426729,0.14571558095151893,0.20627779217019448,0.35291286538141314,0.3259524598612788,0.2439970492162747,0.24695867114456996,0.23102444224239507,0.33354504864422985,0.26014890640314337,0.3366451043415155,0.2152537516787165,0.2141527369875241,0.3578413793439603
2015-07-09,0.31032593568539396,0.3828021980110155,0.3601974077803241,0.29323946996973344,0.20991405110334713,0.33114796011646747,0.30954228914309884,0.41665585630196,0.24424773076850395,0.3148581029265987,0.35619736243974703,0.39535901540571095,0.3712126459883488,0.35388751257998063,0.2708413164769518,0.3552156132763403,0.31407345927194524,0.34008823777707387,0.37605715933927114,0.38580497154088067,0.3145086027433462,0.3827877142196375,0.4124223109662114,0.4021374297706308
2015-07-10,-0.25445259118569125,-0.2682763317204049,-0.3133540613360538,-0.2684562621910423,-0.33787090332833153,-0.32812169907747435,-0.3120143199363799,-0.336751518357811,-0.2642583346024382,-0.18797526782108057,-0.2718334512834535,-0.19528958863311116,-0.21825481415157344,-0.35370901264230864,-0.33703926677285484,-0.2804210034397114,-0.25587594704988664,-0.2966625861339788,-0.382867486299277,-0.2563775377950405,-0.214359047313728,-0.27189441596056363,-0.20843488823468329,-0.2604212575474208
2015-07-13,0.20817490160499413,0.18456672807339017,0.13563268601772105,0.1074813248969365,0.18409730084216544,0.06595009966967637,0.11735806070813301,0.06890009024038855,0.17756747564426587,0.20079974657821784,0.10267508466534105,0.16372536706023522,0.23631654113051362,0.16612494977899836,0.1849804713290147,0.04565279371402299,0.12669154149611733,0.19350498957778225,0.25177617994118834,0.14612378177259536,0.2533578957542482,0.18226363622065697,0.14286394437255698,0.20102375731970293
2015-07-14,-0.029692539620556353,-0.06285076783165156,-0.07681833893055205,-0.08059774252311655,-0.03568117173001419,-0.05961074151991667,-0.10636455871130032,-0.09426899886065683,-0.07544567593507949,-0.14859583625785566,-0.020540144908938286,-0.027218564241307985,-0.04806766970938943,0.004087682740653289,-0.02168547812394937,-0.0727419086139873,-0.12244067500364716,-0.019257239301841655,-0.09409522040853076,-0.16256174284050276,-0.1517515519129917,-0.07910113310813208,-0.01889196604976714,-0.12451594457698259
2015-07-15,0.18748726048015338,0.043774677546722825,0.11078968877756373,0.17831345630766532,0.12548528486797048,0.11607035589662597,0.13391076833829071,0.1800629045430309,0.17000971580558186,0.21027868332422164,0.2024453128691086,0.16242668448512093,0.19540972320651184,0.21041502149688512,0.22283604418034494,0.04989302178036056,0.12171691605753203,0.09178393774340075,0.08440615276624754,0.24924368502960048,0.16634336971267744,0.13863567335533641,0.14849521803983506,0.060808174890828216
2015-07-16,-0.3645637844789875,-0.32694514179635487,-0.42685033338788714,-0.3569173958087094,-0.3499417589586514,-0.320840274451881,-0.3855822511666684,-0.3528493321303635,-0.3438681848692555,-0.3277731028127333,-0.2647577366189676,-0.45579766834120866,-0.34658272053062233,-0.24804883763582042,-0.3655469083634241,-0.3951884997248893,-0.3748217674527637,-0.3956991680792212,-0.38174709557597253,-0.41151770604698806,-0.46166310595872645,-0.4113019450586049,-0.38716813690573776,-0.3288296580285922
2015-07-17,0.025686789430668773,0.09370255396789684,0.05822805310104969,0.022539939349127194,0.02289796353651753,0.12214120338274827,0.04533013473249713,0.03349254611657149,0.054334897461161054,0.08968443033019548,0.07484631968332368,0.08897064273698592,0.1008602114216382,0.08291380911331978,0.052780432210526376,0.13468620364196646,0.010510115843203617,0.09345707989609185,0.09045018191522869,0.012593477552337038,0.08155381899602097,0.09425088566075991,-0.008067170632500226,0.11700378173711534
2015-07-20,-0.018506011617910878,0.022430940759273713,-0.07789751010639144,-0.04472563564715165,-0.06371346925153366,-0.0343687916810282,-0.0929172183032944,-0.09927792770657895,-0.07844710531476104,-0.04800786650376294,-0.029882541879457897,-0.100972678387425,0.010968100895937518,0.022435564487940995,-0.10096836290733556,-0.03686036493553506,-0.05391236801187611,-0.07043325878863592,-0.0337452048081014,-0.14319196691766228,-0.09571888962708666,-0.11611076604409108,-0.05327830068730349,-0.005339481864971887
2015-07-21,-0.019467010629987774,-0.05781252045607141,-0.08649808889639765,0.0018995702744370952,-0.09853423825307289,-0.000861570764447675,-0.11110771691851921,-0.060588000226926016,0.02165709608259608,-0.039006338342953785,-0.05922270357414714,-0.09594793668764069,-0.004898235525517643,0.018521277743108522,0.05988914289917938,0.01982111496732951,-0.012533298587884267,-0.06702359718886043,-0.019647803337433378,-0.01687419383596615,-0.06028002920113936,-0.022415802030738494,-0.04173506137912417,-0.02328734756525214
2015-07-22,0.01406228711602548,0.0442046546725285,0.032909825801160225,-0.009582206428951514,0.057718576971543305,0.024218451866108943,0.04856390202883784,0.04488773288929992,-0.033431376840325724,0.03058871108442947,0.017469663744270673,0.04232249059689387,0.015586883172050514,0.037987286607420345,0.025674616801139725,0.022151338814814184,0.011847214884202616,0.0005406675055131234,0.015165816004130942,-0.04885767018198734,0.029318111621644355,0.020332057390904004,0.035639667609707715,0.03338945507250943
2015-07-23,0.11539714996236389,0.14943962091695534,0.16037024344688577,0.12411895508377647,0.12875356409090713,0.09690773356577388,0.09326720597417354,0.09885626836970349,0.1285712103814274,0.09204902104156167,0.04559683658845137,0.15039004206832013,0.149949899508226,0.05708293648529953,0.07676684742174844,0.08805313755866717,0.11133736476217523,0.10847145067045733,0.12377170380052936,0.07905858120490161,0.10737639343702193,0.07902959164534866,0.09278467007967937,0.11007896850502219
2015-07-24,0.08033883152804251,0.10894381829795813,0.12401294449416994,0.014109574272915258,0.10807063865685053,0.18956698485714832,0.09706290108736436,0.14753394525261151,0.1450638240729296,0.10583882932145644,0.11865155845230795,0.05739847946957211,0.040319463962276564,0.09216048600487155,0.18594880582442888,0.15070765378209566,0.09716818700798889,0.09689204788682997,0.18676335318638626,0.09713794049674929,0.19098550773981404,0.04525907586702594,0.16189444046210497,0.10834110368647878
2015-07-27,0.4430111931070622,0.51495546728591,0.5129231140408137,0.5151203628577625,0.5281424481810485,0.5014246790383138,0.3636912249487203,0.5610180633905917,0.4850516461739638,0.5241946066993535,0.5079734334221544,0.4998567684023617,0.519260208018017,0.4428331365913938,0.4820472617664407,0.5007345489890102,0.47417763398876933,0.45264097952372984,0.5183291247039835,0.5314730153258462,0.5129293402215584,0.5164420313775835,0.4975354502103269,0.4684514871930556
2015-07-28,0.1888112103670002,0.1573964132250766,0.19594471816024175,0.2734949786384065,0.21947291975445576,0.11246062130487586,0.18677553989655193,0.2354534637839304,0.12522764122386826,0.23814262023217245,0.12473136177846825,0.2736170448870887,0.16680352882428007,0.18087875369127102,0.22887976474504798,0.14401228060441287,0.1929781082197439,0.18349516358726808,0.1866947788936359,0.2248583599967942,0.1927395241882286,0.19603038093300534,0.1834988625645009,0.19809317723649408
2015-07-29,0.27673305135774734,0.2629492486194396,0.2751961061825706,0.34118333376077076,0.2325475011898137,0.21012284620252508,0.22019066938071338,0.21648054661127356,0.24732456409489936,0.24239592061196702,0.16633347180419378,0.2614502184576096,0.22418715838917036,0.263300347808073,0.29109348459036277,0.28220452686103387,0.24921939000581217,0.28289223738767233,0.2484034465885051,0.2777567053200188,0.2479965537623452,0.2032257045469737,0.2604237388279789,0.31312591563205827
2015-07-30,0.009709816749418424,0.08783659204446612,0.1126189296881356,0.014440663902096543,0.13095711044143993,-0.004920367813469336,0.1320806884590656,0.03983050992746987,0.03561680344316799,0.12785132353530376,0.007765047995016448,0.0948859501757052,0.06648465825575302,0.045841556675328125,0.14121471210237654,0.10779704519210684,0.13191417270101546,0.06440928233544393,0.1075701191377384,0.09161307818674928,0.02366732765114262,0.11270868508040817,0.11984407561687484,0.09431551792365268
2015-07-31,0.39143111711304107,0.2621719056632325,0.47221942458119903,0.45578978509546675,0.48148087437722925,0.3338731598417664,0.3939545105144856,0.43773357347338787,0.37327314595177336,0.39466660866487446,0.3430393351481003,0.4587863344613794,0.4717380727106174,0.30934092148148956,0.35388125802746095,0.37603321611611923,0.38004479693145743,0.46727823887630926,0.2881321230501857,0.44699659397001873,0.49351459525385144,0.3739079546154897,0.2828303174763075,0.37516445006810156
2015-08-03,0.1850008298354963,0.21150071611729926,0.15446572070148953,0.15897441474531973,0.17739634579106422,0.21324549843797327,0.17616627349959577,0.16978323877306867,0.2031383700643924,0.1958837322454238,0.21583508954264116,0.15486668964672845,0.21814160665923946,0.14984449056217955,0.1806774893606916,0.19492701782026653,0.17030178744831867,0.15994626007407092,0.17348305992894048,0.17685727930549142,0.1808133522658787,0.18903605268770005,0.1588902490940785,0.1820956963454635
2015-08-04,0.09532390499217172,0.08436661836695324,0.10208804699738458,0.12160462280790903,0.052462934761721265,0.11405901978854559,0.168701753860979,0.09920409115258139,0.1005117370350548,0.1518403375712104,0.1406240185954697,0.1021871712903642,0.10480430199431659,0.12384645272963672,0.13056695510900948,0.1359340056641134,0.14298180523728674,0.0769051774831385,0.11852428864682547,0.05262003741474556,0.13264607156867628,0.13855799402355493,0.09823934370990241,0.09612905608892128
2015-08-05,0.35930972828684155,0.28845802246686647,0.3140513114078169,0.38313774542006535,0.31317852720690453,0.3570489194645174,0.3569795695006424,0.3939966888544521,0.34364041917639987,0.26540105084108895,0.26764420694533586,0.4138919325817479,0.37073734142500303,0.1977325083629752,0.35974474169660275,0.3067115634129765,0.39008535089190355,0.40718894334612316,0.2784924326580328,0.28136289070823967,0.37514358594793207,0.289315440202048,0.31333763723412167,0.2593228417345561
2015-08-06,0.419273588166622,0.3646498705398195,0.41183142132277645,0.37117048960079296,0.37657559505632104,0.4789733188111837,0.4197581670786347,0.390329944107116,0.41323728929904374,0.3650555341781398,0.47768458673832076,0.39107279118757704,0.4367216899608031,0.4335292084341513,0.41211577718500736,0.4248596155978321,0.464722916082411,0.4581162076319548,0.4295143123610014,0.3672168996080324,0.47772437047133937,0.4556411376843258,0.45533982482113616,0.44821136249502697
2015-08-07,0.04403022188222885,0.047146136189807404,0.04601823514415436,0.06384627646016783,-0.03794026363499562,0.04062484060193888,0.009060188727376978,0.015783601122182765,-0.02148654679931319,0.07931618209650473,0.07980521550634978,0.004501083907172257,0.07315321346604549,0.08478895689885803,0.02090729405766492,0.049030859474686106,-0.0019417878092348052,0.046069242540226846,0.042227748023517045,0.02929100186355377,0.014106414180074028,-0.02330751083910127,0.07158027288965992,0.042390015302272675
2015-08-10,0.1665544769440326,0.11778534139672234,0.10854503132907391,0.13011733775162468,0.10654617867686914,0.14613780702295592,0.10555535985022599,0.12561912229347325,0.13043964078693235,0.1434825528379139,0.124332779318729,0.11430854920773585,0.0788153657893595,0.17136957590079518,0.09713339982375933,0.1159857364171855,0.11085184118415427,0.11409750607284597,0.12592803588517762,0.08520850631365214,0.13441949349987084,0.13673012891026642,0.11953935850875275,0.13604567330511752
2015-08-11,0.14245907096681057,0.12577164859917211,0.20575630147118257,0.26288824243956943,0.22098929328255973,0.13946186714260192,0.12346700004759686,0.22444368676067628,0.20506439103586074,0.14949811505998217,0.15042539111402953,0.20638308333803515,0.16234682091180433,0.14804368450372085,0.15781296977410836,0.2239806935709642,0.14068383384803984,0.21856921885221228,0.1265644760737557,0.1551285120460144,0.11384667219618361,0.1970951691207397,0.1698140369798629,0.10831364564419947
2015-08-12,0.02590461746107216,0.08562994030396034,0.035842286974479096,0.037813570843305576,-0.004396215224812635,0.053983644214157064,0.094961457760875,0.031192971732660658,0.015356284468454433,0.09171983394386786,0.03236013686271494,0.040501919698110164,0.06137096119200339,0.054179031525983815,0.018859067068269352,0.02693185174404259,0.04430133237561283,0.018178758111248763,0.1097644647915524,-0.012924580498164626,0.01771834048535995,0.018917102903465426,0.03479764194094984,0.07887714845759104
2015-08-13,-0.1474091659112105,-0.15048686158521868,-0.1631420018391824,-0.07988247493950915,-0.15611530697312961,-0.188331626763365,-0.08807009763319397,-0.15649942280977502,-0.18246580881633612,-0.149042907734349,-0.10621278427433817,-0.19156258763834627,-0.10815305649942278,-0.16827671216795254,-0.0913245374325796,-0.14354427407731088,-0.11948424629391699,-0.12601269166302526,-0.12127712304912963,-0.0964044636044062,-0.15644529084517603,-0.1488296408376758,-0.14589151432540481,-0.14753699561074549
2015-08-14,-0.143244615935646,-0.13552263969015665,-0.15102105037509633,-0.23809318057935488,-0.12394554506737954,-0.10404482528978339,-0.14309917668710342,-0.2348853646871725,-0.14896207410761236,-0.19067574629386677,-0.17436078879648179,-0.16767743139988955,-0.1560047903649533,-0.12478361427983341,-0.12462350066764864,-0.24397727430290253,-0.14286308248094912,-0.14687211862799493,-0.06921114697292655,-0.15130149376914703,-0.1791818063983954,-0.20852759881004362,-0.14303591387495707,-0.1397958143827619
2015-08-17,0.03206743708605509,0.023509156286808705,-0.030509510141285705,-0.0008647268348243976,0.001439276879439266,-0.016641961337172297,0.033731439768578855,-0.02051098520663269,-0.02949421379420814,-0.029852743339444807,0.009433002612400224,-0.059230563998913355,-0.046462785229694055,-0.006905240351019434,-0.027532941111047517,-0.021248034253764893,-0.05540184246142651,0.004033779802568247,0.0031977482281090137,-0.054341407502538575,-0.06717528209619447,-0.03234149294347521,-0.04377510331504223,-0.0069755276179812985
2015-08-18,-0.07948981200454257,-0.11524020703234919,-0.0659409918597103,-0.03910030095914538,-0.07130222575378128,-0.054985894084251086,-0.08300485414376423,-0.10303798021202919,-0.030447869870097073,-0.012800287681301308,-0.09543023800176383,-0.08415953241587205,-0.0572525319955395,-0.04837470744510916,-0.10336828558116697,-0.01933655731493651,-0.03177596818673311,-0.08092279898221366,-0.02224397472013346,-0.10516787150233166,-0.04953703681565171,-0.08319166846387885,-0.10374285419171869,-0.049188593041103436
2015-08-19,0.19066889931520062,0.11495765239024107,0.10141614224688686,0.16745053140985952,0.11756148389450091,0.17008961276241083,0.07823181521510174,0.1854796306547015,0.1541328165289965,0.14375932284173457,0.12903695596529474,0.11504276370954217,0.13568698704668766,0.17155604927125798,0.18243327587793903,0.16493501908384914,0.18426474537845536,0.02046769615637282,0.12926770220873332,0.22663684195106895,0.13159470872384718,0.21932619575099077,0.20391789468640575,0.14890319879860645
2015-08-20,-0.060180185126681905,-0.06409497401122184,0.003509375894886341,-0.006124384253499545,-0.04009367391703022,-0.020413143006259467,-0.023815648758461073,-0.031777632014053,-0.06541051709506668,-0.05469292346423207,-0.024118289870488637,-0.07841967139603502,-0.04877061520324259,-0.03682827082217141,-0.03427946520681424,-0.03320256724984947,-0.06881964312159389,-0.042694149125814075,-0.0697972369636746,-0.07514738806073454,0.0027407935707996632,-0.07821980216163349,-0.021705357504385507,-0.03435228822439587
2015-08-21,-0.05913467071191674,-0.08754316320360403,0.011433570777381273,0.04012129516796962,-0.0574477655110188,-0.06186236397760068,-0.05524615313289748,-0.07392207265928626,-0.1007727042885567,-0.11856076685543761,-0.11087243964781417,-0.10985306031383482,-0.10115754730493513,0.011655188234260155,-0.06869318099787848,-0.045069125900570876,-0.1217822981955972,-0.12814917082874852,-0.046728056024827914,-0.10586579125576126,-0.009419504013146382,-0.0599403583852742,-0.04213383774061662,-0.11048163692467974
2015-08-24,0.14412944062011598,0.03240862392827484,0.07472380347354707,0.19714588285646745,-0.029924248197668323,0.20056705565754937,0.07103896931307963,0.11336967383173707,0.07588962097223471,0.06992050490572664,0.050206770160474014,0.2083961866857762,0.08764914856297737,0.1274348001831513,0.0675486285957964,0.19323395378108768,0.007081032076658011,0.0717882341895393,0.18609619278308073,-0.10727789425085894,0.2484427460345543,0.13185949261901556,0.10136555814615383,0.03408340770061487
2015-08-25,0.3309410509791795,0.28320367171286126,0.349264080167227,0.29606613771292234,0.23593776666052704,0.34248061309924205,0.35902626294616047,0.33804184041988794,0.3143310550303388,0.34987690510315467,0.37490796716056324,0.3472956757650653,0.3145026299104702,0.39621594629085055,0.29157602351304823,0.2748672576302315,0.2708452855255031,0.28431772884460366,0.36489205116807666,0.29322174036772086,0.28064451976781224,0.3230092888502198,0.3515302232415882,0.35412502068987883
2015-08-26,-0.013826325565847498,-0.10120062355054668,-0.15753333065353073,-0.038262414033777045,0.01572638953096856,0.012185470263777401,-0.27256215004572515,-0.11407186160774245,-0.2745846578548092,0.02518170508695532,-0.1604880547052637,-0.022630648895439046,0.03949025009662927,-0.14324130641342547,0.10417813509805039,-0.13015841547817017,-0.11697858191393615,-0.15385792699344172,0.09140536575946563,0.1227686632130282,-0.08337970058803729,-0.20913209058794266,-0.1413987730375637,-0.1607551924320635
2015-08-27,0.015932727934059566,-0.005483117251413317,0.014171398275043615,0.030855635083566063,0.03445029644986714,0.014572737304801889,0.039064282059343924,0.003886392079256752,-0.005867196195970921,-0.04606028099897045,-0.004485009894764098,-0.0013901989433255037,0.027546283452625348,0.03160714395802894,0.006569076329794158,-0.08226833613839106,0.04229718816080687,0.024133360459166375,-0.0334874573846998,-0.035320966094082765,0.07450541591916501,0.029182464381931728,0.010982879900374214,0.03992676025079065
2015-08-28,0.05440370692507165,0.04703839422863409,0.09025681067590187,0.0856668681519257,0.01087554555597845,0.033396391657044874,0.10700551953871043,0.1414184655876507,0.025603588747208424,0.11723391522864302,0.08445736696445509,0.1421769743160792,0.08351494633017582,0.10311136300955179,0.05694619697207666,0.05973075351940064,0.027556240370754093,0.08521254674741784,0.07570104023632108,0.11897964730190205,0.1236498861183153,0.12703513830890503,0.03609066530806459,0.04169928867200893
2015-08-31,-0.18122279563079496,-0.2643865491434523,-0.1447647920354674,-0.2266391359511842,-0.25803881289287456,-0.1329333962833205,-0.1662304821124863,-0.2138451297611062,-0.1413367383981456,-0.10053264645362918,-0.13821614689524228,-0.17105554319758934,-0.24080334710223827,-0.16826569133645117,-0.24698268507476356,-0.18978981749571427,-0.16764374791852077,-0.16707124643977628,-0.2778441023344342,-0.0984867224368586,-0.099727707565663,-0.14392940414836844,-0.2025379994494736,-0.2106781323760558
2015-09-01,0.2721220741671916,0.3496772633494434,0.2980280691512336,0.1868501865964539,0.2935136691215372,0.2958938344978283,0.26785420118188236,0.15312403144343814,0.3215171678055562,0.3825945083858499,0.13386135614541508,0.28151294517077546,0.3208203714158691,0.24540090769077605,0.3669500137973929,0.2983643944780066,0.274835038837677,0.29086117918701127,0.13841039471862054,0.4012528155792434,0.19329821099077393,0.16547268176254776,0.40033000431886295,0.1964354876941586
2015-09-02,0.21760565540084645,0.29484309164429384,0.2528628520470513,0.1862576024233388,0.27730485421435336,0.30537029522645665,0.2527151463267681,0.18239623193466045,0.2692932872194358,0.28072759142960946,0.22095803509500375,0.24342145617371033,0.22313731781314436,0.2878876705089672,0.21617953750843402,0.2494473645718815,0.2618418507211981,0.2367668291347982,0.19424516016400944,0.3384615293878124,0.25132467360891575,0.20227813191531524,0.2685147613228335,0.35312165292843695
2015-09-07,-0.25139564835101635,-0.26177330141002364,-0.1620983632569438,-0.19846171324467177,-0.3658907267118099,-0.3321417753256669,-0.2888245023333635,-0.2056224367781783,-0.25862724992194214,-0.26679543329596717,-0.3053615443478517,-0.3034510900635393,-0.26983998043416435,-0.2592456097545707,-0.3273713625602699,-0.27746768231297203,-0.22747095641161363,-0.21555586246685843,-0.26096710019427566,-0.3351735374621108,-0.18440627757735564,-0.23072142904124282,-0.24264439832348905,-0.19736908308758358
2015-09-08,0.23728384999296112,0.2894612174262925,0.15192143486621382,0.24645438646963194,0.28739593284625636,0.3611120623918982,0.23221320946894639,0.3006060419264153,0.2969879831823328,0.35955329379055456,0.246362492751281,0.3167034241540586,0.3507548983347831,0.2424213366940574,0.2219250737896879,0.273441459706076,0.24281687922087217,0.24878140938712656,0.3486247905280404,0.28254065012812646,0.3280776975658402,0.2514411903033702,0.3155864303229237,0.2155672525034255
2015-09-09,0.008857285714595825,0.026932586913836744,0.10438817492034141,0.12953052619531816,0.02699337829802983,0.10441300363077995,0.07122557939877087,0.10676088639833956,0.057364024287170357,0.11124803368827996,0.15000450913290092,-0.03362149858346868,0.0534442273001239,0.12467266057365782,0.034098381056374014,0.10185964188028089,0.019319875983406155,0.1029298449164239,0.04991055956851785,0.008041649454796051,0.06489425823694885,0.04328757240591232,0.13432018421014164,0.058386567614770464
2015-09-10,-0.3651402890310701,-0.28467061522775605,-0.3200454903160755,-0.4053223319651234,-0.29532166557146056,-0.37697926334637194,-0.31150949328886846,-0.29163416872263187,-0.3706209445629758,-0.40046062007551164,-0.40000997543491584,-0.19016153787376516,-0.36761081337142354,-0.388203377530686,-0.2783825911747053,-0.3257851571365566,-0.342661434327644,-0.48205267612931924,-0.23456505646046724,-0.4063933786449082,-0.3159864800775444,-0.4092527115975038,-0.2986776423673609,-0.3629025248351797
2015-09-11,-0.0773092713577338,-0.04617543714321306,-0.031077831814584546,-0.06730963449829577,-0.15894443643137127,0.013867594284196868,-0.02137541602564116,-0.07285503880864305,-0.1480744505347063,-0.06775590362278722,-0.13322445922318102,-0.014699463266582226,-0.10047530578550108,-0.013388657093075983,0.04426377188705822,-0.07417809550713533,-0.11532323374774744,-0.058360625995993815,-0.019298077003008438,-0.07207217192620186,-0.05916478545757742,-0.1617352226948576,-0.04392688244994212,-0.13285898522776418
2015-09-14,0.28644410865690945,0.2556031203253883,0.2784961430534667,0.26794348249465894,0.3638341751437178,0.29784409719391836,0.32379537598101166,0.32179212346662783,0.305999738363791,0.2652212408352611,0.27628025642682524,0.31746010448823114,0.31005203702167317,0.20067847490881227,0.29039111113574484,0.3287722975961734,0.21441627196399043,0.3115985199615775,0.24604012717795268,0.3904295954102561,0.2405845600508364,0.3409536946197918,0.29434686398957033,0.3259298841202458
2015-09-15,0.0316643782825654,0.05626622181076281,0.025764074307634503,-0.0025987694903985923,0.0019963359014423606,0.061951551852401227,0.009846760259340696,0.008700630162840903,0.09486881593920247,0.05557627773081991,0.07219904022040366,0.07400678912130851,0.04445160030352966,0.02851162603480557,-0.010636588205653899,0.016529139999911284,0.0786372262697585,0.06110089910388043,0.011474718200779005,0.08565891299519297,0.05685151145161326,0.02449450564194873,0.00465488633365108,0.002431799445122868
2015-09-16,0.21721790133399496,0.26836174115568306,0.1843749296814169,0.18174776042972368,0.19395862853014453,0.2794696221355649,0.18401978633477278,0.2073840842244904,0.18774282856874527,0.13199069127527746,0.1897436815183985,0.17193961124015636,0.23438481622680368,0.19222591454458404,0.13265770868311744,0.3211607011609575,0.22902975254508687,0.30579415894459494,0.2098007207022362,0.18542599308717067,0.2595777669873436,0.19765701058926505,0.3260121622503347,0.17755703548281224
2015-09-17,0.13370187512793455,0.10201349327726572,0.1259726418761289,0.15152246137007938,0.029396777015048968,0.1567438960879913,0.08415280113194476,0.1260210048770177,0.02734455866108097,0.02118063521853072,-0.05802026645655328,-0.06401079084713626,0.23232641958681985,-0.0825692077491826,0.1009642520750557,0.031124540035428357,0.23628569794007212,0.06050506307539015,0.12163353702809115,0.02887242940583847,0.16718204718226498,0.09003362408148725,0.04786462606259359,0.0578716386977242
2015-09-18,0.17083286395667757,0.19663039638200985,0.1283117596996055,0.13429579637055708,0.14760805079060899,0.1897209749745392,0.13593011192498314,0.1632970827084272,0.15634696560508668,0.16842945872958043,0.09767320884384047,0.1859498404905983,0.20849348662442266,0.19376695285377513,0.2261453921561504,0.22810763244831042,0.21019503854593805,0.10377402446815774,0.15135142148888717,0.15947289039602164,0.08092663509704381,0.10745904921880876,0.19677784455545144,0.08045774990549971
2015-09-21,0.023691604563104453,0.03812254299013578,0.10925162192798399,0.038197308443672674,0.06143043647548449,0.052616187926585144,0.11867387791524975,0.11300858596821264,0.10888503002677086,0.08648312953717774,0.04784627258037287,0.04473807973373852,0.13583194655475966,0.05443950027735572,-0.11634469285869331,0.08004485927212214,-0.0019010925403371683,0.07693606347828184,0.015348624074476038,0.14380417954149424,0.14945071509538627,0.036346260521428746,0.08987229578178135,0.060720401321660275
2015-09-22,0.02979765990089489,-0.005696948392828923,-0.009598620938735253,0.05062768330429869,0.0857111202390697,-0.024940918692847373,0.030420203078711038,0.10720464848318519,0.023770296339597933,0.14967294626322528,0.08759348322404809,-0.06771099164043902,0.09176165851532461,0.14310805510578006,0.12515921579457426,0.06727988425822251,0.058748480195743503,0.06355457382322292,0.07424181627047834,0.06228236422338852,0.08168037819272318,0.07017945824574585,0.11518345126482304,0.16282807691258513
2015-09-23,0.024335582310182565,0.06873082360496996,0.05823526702009713,0.06517585297454928,-0.002565674024630201,0.020857537153438674,0.04061009056483767,-0.007681515419905088,-0.09185348798136478,0.07788525313326038,0.012535572441061587,0.07390570159386384,-0.07913812460763997,0.1338383977676123,0.01786430137730906,0.07118170497560304,0.0979982828922379,-0.08952902676902226,0.1149373914601705,0.009639539943787844,-0.030065635616852437,-0.049799710485867926,0.07847620774111862,0.001433258728544182
2015-09-24,0.07193242147375341,-0.006226654567517888,-0.11814484644449429,-0.028655152350274778,0.03785435131056717,-0.06504312592921392,-0.012057171626479637,-0.053864451030232456,0.008964043135013889,0.027770626132539836,-0.021550604004282402,-0.12330729598522133,-0.02937145579040369,0.02944200082617396,-0.07997093785742229,-0.003097952083655167,0.00829416676970815,-0.03011609783464544,0.07234302975887782,-0.07369665031703389,-0.07712501846566434,-0.003575487710407774,0.012696297591577822,0.061558080572357766
2015-09-25,-0.08040049259456732,-0.16225364373711304,-0.14237174375645822,-0.15685055605622372,-0.1868356540194589,-0.13384688518866278,-0.11144657189096861,-0.10817440395585523,-0.1499255313329458,-0.1172224083344736,-0.19263030872090553,-0.1401906916612799,-0.20524832616932231,-0.04999433799347926,-0.18253365355125767,-0.15054803504782036,-0.13491146037303187,-0.1460508684102501,-0.13340041238280825,-0.15538551186898117,-0.142472598247609,-0.10669166599823535,-0.16705809218690285,-0.04188646261424278
2015-09-28,0.12577960565727436,0.18400844655860038,0.0735041937036914,0.11685296287988611,0.07314568005836958,0.05137720498915228,0.11056493068816706,0.059105460559693755,0.09127201850634477,0.09144966288976378,0.07392747993473685,0.050065922006003266,0.07497504771949505,0.16798162212896212,0.11974274468880142,0.11432345570594059,0.12641993183035827,0.05648727039867875,0.10875334730099122,0.13267968649786244,0.07543334039280475,0.09169529142631805,0.09078599908850368,0.09208327949474701
2015-09-29,0.15249888797334052,0.174642000335431,0.1240543398207632,0.14867497466037613,0.16287916463098945,0.23023487461443667,0.21092921676863285,0.179536959390974,0.15742068150827274,0.19962723407978886,0.13114914282797493,0.10356621480709075,0.10172163602820537,0.10174672043285184,0.27092644581695674,0.16281616194024953,0.1691426821353829,0.21461195738568,0.1667077448099346,0.2030206290060305,0.2580365619781678,0.2060517584605176,0.22140983104486753,0.2413484325893085
2015-09-30,0.15876395045534553,0.2200696894684907,0.14703454523075687,0.18065591821774343,0.2319596097319171,0.17468134281190426,0.18403678010649532,0.1751840443856264,0.2737311444086294,0.23987153977430953,0.17201219424253245,0.19747495325457257,0.16965999215766048,0.19084770065722814,0.25275751641317357,0.1801102812782941,0.19278992963185818,0.19410959580344436,0.13620857166001055,0.225400566153483,0.2019974784445001,0.2127232694952164,0.19585414319837224,0.16979148171519987
2015-10-08,0.03250035704341127,0.016794162831080182,-0.005531599483278534,0.009461577469524916,-0.037700292234955704,-0.027730853818712937,-0.045715715844198826,0.11084812016450402,-0.023396964815419044,0.0045460566016826175,-0.03486986673058883,-0.013946056693514253,-0.030934096812777236,0.06987447207969465,0.03236866680992861,-0.06269095274631767,-0.08851473688755951,0.03455466371804006,-0.05510291271888631,-0.004779867733815023,-0.04701951012337783,0.01757454939986631,-0.03908151549400646,-0.05429813906982561
2015-10-09,-0.003890433954373897,-0.05391715683655627,-0.048947670116940255,-0.031134503674867923,0.0034309644016692546,-0.0398489206877807,-0.019985881971312253,-0.013026155625282558,-0.038611841405385136,-0.016376019625695706,-0.046767202343462606,0.017057918955374823,-0.06100777684490741,-0.07234275057340818,-0.0623733737823504,0.011211534147177137,-0.0923987009060998,-0.0061394792730313395,-0.057702935493721,-0.011290547405753859,-0.0530918409884794,-0.07785101826754547,-0.023647922883913437,-0.017946147247073153
2015-10-12,0.008326746456587599,-0.011469066824188008,0.04348889096281366,0.05443408864515958,-0.03408995700818156,-0.020020924949580837,-0.017073601974561377,0.024883038834623047,0.04330582001626213,0.03700299145086644,0.017808569211124146,0.02244110235562782,0.019610058883867448,0.04271516277665529,-0.05165045614189385,-0.0049634886762922525,0.012379949139684666,0.01784852280532269,0.01976241923189324,-0.00014654631482237306,-0.011835506878441818,0.000675633167566423,0.02720720500460552,0.009983627971224231
2015-10-13,0.045221148538022726,0.014905232165859043,0.02228176503616607,0.05428094876355933,0.03845594110450766,0.0526436852113108,0.07986967948324754,0.09228480836467097,0.0567197401139007,0.06282998881753711,0.12115042535823985,0.06674974874846064,0.03144006058346977,0.031017179471451693,0.02281670669390721,0.014823251029777438,0.07961842794388951,0.029696634408957295,0.037785636433124624,0.048794110569550665,0.07760369729025805,0.06408152817555995,0.028728195376971674,0.043724845356446905
2015-10-14,-0.10800416725022331,-0.16302907314708398,-0.042381007370325054,-0.09611457396764513,-0.0500458629702101,-0.13068973688263727,-0.0455350700971874,-0.0935447417370282,-0.05878135980505025,-0.10254725334169751,-0.09830851028624178,-0.056456158905110146,-0.10214901591930457,-0.173081635739269,-0.029492748574088297,-0.14178508947146687,-0.0869791303762584,-0.0577290664585933,-0.08881671960441091,-0.05372324865200835,-0.08939033788322934,-0.0881710499546406,-0.14749613806048184,-0.08758905360943242
2015-10-26,0.07359090252819811,0.01777735871076842,0.03570885636989611,-0.012822045596207695,0.03716216645442631,0.12064901531190211,0.024212518651884573,0.0445709989832551,0.06148534896667138,0.07668130375107148,0.0530497703660795,-0.06390612091205726,0.10166225869862257,0.003931954711992355,-0.03790096064463912,0.03569417647005237,0.045107379939084036,-0.019372950901476404,0.03886108255557292,0.05956397592173887,0.03191494917758815,-0.007662907718431969,0.044543333018164974,0.05290579442530437
2015-10-27,-0.04655843605298794,-0.023514823639877384,-0.0681181142492702,-0.059034663800636836,-0.02407299975593402,-0.05616758770248399,-0.09413157141634135,-0.0744592791103744,-0.07323806466595507,-0.11045964743647664,-0.0716884780441733,-0.10426755359258809,-0.04506941986966366,-0.06802974449853441,-0.06260813324173194,-0.09497517785467526,-0.050275329881858684,-0.09662060567348715,-0.0788709906918354,-0.139212284544885,-0.07788593618602985,-0.08192920519653177,-0.05475367169071151,-0.05511787928959061
2015-10-28,0.20617754601677138,0.04474333813017933,0.12196492171454318,0.1441920497988726,0.18360498108778656,0.0784366312038796,0.20689629862812992,0.10447941533499691,0.1401556497717794,0.13383252669344733,0.1432073643674435,0.21569974773755823,0.21104620569292584,0.1208057708024308,0.10320508332884121,0.14409832400666087,0.1170031008593831,0.1796683913774199,0.16254141438374375,0.15712013144597883,0.15491461919581676,0.1621128729603179,0.14980656352027816,0.16459321877469182
2015-10-29,-0.08237533290763123,-0.04497901630422305,-0.06033130130532931,-0.07104588747229608,-0.04472663605357046,-0.11191850206959236,-0.04010192322785382,-0.10834452670800203,-0.04450361547413473,-0.10178828628165339,-0.06890940678220794,-0.02153475422850185,-0.10420086080299233,-0.05004581802537812,-0.031181100050424557,-0.0585962576582255,-0.08841439143331371,-0.057713209085472374,-0.10226312250267984,-0.05240419007677825,-0.04127405164028059,-0.08282476172087386,-0.04913002212703696,-0.045688729894984355
2015-10-30,0.1597826244633844,0.1800431960690106,0.17420820449196822,0.14088355089240148,0.21110761926650426,0.20391361615691114,0.1772359352065898,0.18016669233960425,0.1943621327856276,0.13911288512453857,0.17862671871032232,0.1507723697142328,0.18074659988317487,0.18568838465299292,0.15712842161865687,0.1374344962121081,0.15244716701252972,0.17876458143745036,0.15749642392834534,0.1369468655239698,0.1606272063408001,0.16907053861286406,0.20991133548200647,0.171873931583141
2015-11-02,0.42378631656886473,0.5170175380432981,0.44606747781498307,0.46281426471725845,0.46633955508404334,0.43936390058460145,0.4694719800196709,0.45105924477008263,0.47293047676105787,0.44641337621147326,0.47411950623832727,0.48229563814386284,0.4625335676159533,0.4401109527124844,0.49243278188509104,0.45416348948490975,0.47909193382621096,0.4687343212987214,0.42711489794339647,0.3816021836908354,0.45943595354131445,0.4665406845030888,0.4486191691807844,0.4380466134005238
2015-11-03,-0.05700064026631464,0.003957907288985951,-0.026985474875475538,-0.04400560543560128,0.0447774255873907,-0.06346710420080197,-0.02063475573331948,0.004519692988349863,0.014376067816285346,-0.05646087430793082,0.04008326849742933,-0.03994268092040258,-0.026896831302812087,-0.03249492699044343,-0.0516374218158043,-0.01797431933592978,-0.045689833316206865,0.011172477808053352,0.019789536444929753,0.050277279353726244,-0.050840758879319395,-0.007277806698292284,-0.022527324240121323,-0.07261433044742985
2015-11-04,0.12829811136833819,0.1173881689260029,0.12601059743131388,0.1286413937264058,0.08565559458574999,0.18999577531214562,0.0658574217942398,0.14600001947905172,0.10929451230892193,0.1617895964273066,0.08230194534670252,0.19133926276448412,0.06457886439318053,0.14446738796429112,0.04062673308541416,0.14838775153870273,0.16927179677124007,0.16197732896687478,0.0709592299973626,0.13107457682195223,0.09730502176076632,0.1275183861438459,0.1467791800944025,0.03404536662683727
2015-11-05,0.07772436591164783,0.05490859644974772,0.029067778457757504,0.035143009783789654,0.08951206982554946,0.1257319307673172,0.05060561013589725,0.050071646621354014,0.02193802504442658,0.08937913746759288,0.10919637653295278,0.06195401043766439,0.052638134434456675,0.003133684412494566,0.06395860777416612,0.12787616291410744,-0.016496177217863076,0.06610283992095636,0.07586275462088152,-0.027337710792854825,0.02702799314906306,0.08993179956630985,0.10646009279053928,0.07833149806678223
2015-11-06,0.15551133543042753,0.10275181706557246,0.12226823051152752,0.10534304642159754,0.10912947778021004,0.12067879214014332,0.05576820667780029,0.054028748310646656,0.11084405587972906,0.09018550125051271,0.09821916872193799,0.08004630451986286,0.1099147261509605,0.12269867462461921,0.06053127247350054,0.11549080782972224,0.10751847450021378,0.09694249260982138,0.09140500081096638,0.1103013649271546,0.09459658642998778,0.12439724356382832,0.08126165988153836,0.12483487095480217
2015-11-09,-0.00816705426178737,0.005960698071718226,-0.0012556835567072695,0.053360611182838004,0.058141966776733195,0.02639864015994198,0.0391124016368518,0.031922818975423144,0.03013723835811358,-0.004579584298345369,0.041969392541122405,0.0077888296657186665,0.044544856152921114,0.04952808262428064,0.01962347451392826,0.002009922524762461,0.08872806439039013,0.05119459158226925,0.02430362400801432,-0.027764286200051943,0.037669954145197526,0.013744278455241636,-0.007951004857751047,0.018938305048442225
2015-11-10,0.02485883635516097,0.056230070080388564,0.03985680019494701,0.014793518987679761,0.01918411032507577,0.013628735884328289,0.02701490071440074,-0.05287993727411723,0.07217953131295032,0.016777739160419386,0.012860686304793874,0.06117100485750851,0.010744958362321018,0.010315071619243481,-0.010467023874187341,0.032499548287392536,0.013473468307458382,-0.00570732669569134,0.013822682217002086,0.03215614507521347,0.03861410702633342,0.013102704805395366,0.062376676931281246,0.0596752421152066
2015-11-11,0.08050638059904627,0.0178423830812268,0.08417937829881533,0.10601783418630974,0.09584944153659926,0.074189742941533,0.16816742616231006,0.03341230724923139,0.05984597353474019,0.103692896067971,0.10984881615981497,0.07276405786920113,0.08028389063568772,0.1281449257019449,0.13727248078351126,0.08845698017419755,0.07020897657009105,0.08238032554841498,0.12353878213619791,0.10643493453530865,0.11462333050864412,0.06263229133139489,0.04761339881711367,0.09533831594509992
2015-11-12,-0.004280636708107704,-0.012861249518254155,-0.002412174977313048,-0.024746688474159242,0.03745515678035817,-0.011115732612958609,-0.0500506277705886,-0.03529245998475555,-0.00636487081976154,-0.03375746466074326,-0.028057592715153352,0.017719028996675334,-0.016120213672690613,-0.041998256691815714,0.009299761987324991,-0.035979561023419794,-0.041068584397844984,-0.02583825912303839,-0.027374635832331465,0.00947326397859204,-0.028247947606846017,-0.024799181114829212,0.020655577826575733,0.018552556875103172
2015-11-13,-0.013335746037071513,0.02599634054689111,-0.009882906323611496,-0.0036600319635235624,0.008058630496534852,0.0004963867099147714,-0.0019921070164421,0.004618364455242279,0.00660445797629995,0.004394225081822614,0.012110086341444953,0.011456802070136416,0.01389281438222917,0.00854627030407227,-0.01560010039000872,-0.03251824963200479,0.05390934607721965,0.015195009473657569,0.0011146833717138977,-0.006385785416866129,0.020996939156835398,-0.03812173396749643,-0.004505748087133861,-0.044982585519732526
2015-11-16,0.13527936386474612,0.14219156263407226,0.14599501616447294,0.06396589466346027,0.20385131782314525,0.07003384302952219,0.18358822646587658,0.15305594578639203,0.16027371885286373,0.148941779983938,0.11055218357183193,0.22160572532676823,0.20500033126435907,0.14548987210512077,0.14632303529937346,0.17806138798352114,0.1185322698627757,0.16350793884743126,0.1262532940504757,0.21491286601838627,0.20656119395738945,0.15948003693948118,0.14653098807327167,0.20157708787713244
2015-11-17,0.2999530712135937,0.29900700400108304,0.29773987325491497,0.3137767292081604,0.32194485305735093,0.3112801926810289,0.2854878212576015,0.34157922590522827,0.24170652759629127,0.3032003613035942,0.3512186233974041,0.3179307562277985,0.32652509191791934,0.32855902940363935,0.34048332904367745,0.3218217787027822,0.3707606904793549,0.30298177054776243,0.22848673659794527,0.3513053105514916,0.37014745913006913,0.35608728433237485,0.3365842799803523,0.30374001559308345
2015-11-18,0.05339694452014357,0.008614585399256719,0.004584617225712453,0.04639547013657523,-0.021717734473946884,0.04879868180400151,0.04167359533065907,0.02243532673536275,0.025113053563196437,0.06023520813582836,0.018477866952140515,0.06001072644032951,0.035738609669687164,0.03578730534141635,-0.007007360673557582,-0.001332174448019977,0.020187566635379652,0.028716533271156475,-0.014048166176599496,0.06366878811000799,-0.03791760720025047,0.023914925991749665,0.012310640395229396,-0.04384135539851564
2015-11-19,0.16190566395098102,0.1163667779459461,0.10517014742293433,0.1351057764302393,0.08725390309178557,0.11079521815787505,0.10780556155626606,0.13026357084800197,0.12548878905882044,0.11618965671180749,0.1022655732268481,0.14134194217843177,0.10520546464786831,0.11323103645938289,0.09076071964986694,0.1586468472866175,0.15410590833525648,0.1283361065417561,0.11729091199838548,0.12051790577180996,0.09114920912414082,0.17947758868404648,0.08863633505914065,0.1101183046799736
2015-11-20,0.19408125106314617,0.2226875877852305,0.19211071598057683,0.2649718192107922,0.22535911430246808,0.28685398923971517,0.20367841242251655,0.21249806190816714,0.20650458514175354,0.2432346634404914,0.23072330410157646,0.23538195404831072,0.2266621021982064,0.2496332169367095,0.2358012111391982,0.19106324213831488,0.23283537524099296,0.21866865941112673,0.19635385459218138,0.21675431066492384,0.2047111707957301,0.22266698612856275,0.2007342483969099,0.23390906937355926
2015-11-23,0.09817814854899486,0.10608176960469938,0.09723910708438091,0.114989029282437,0.12200975042220297,0.09089905492915844,0.0795281020262454,0.11347126082553494,0.13867844831122703,0.05949954157447295,0.1299512134984281,0.10050523467077561,0.12602481824562597,0.1142890502487637,0.09663231739255823,0.1279156088123789,0.11853128324255378,0.129814341652585,0.04531861232382602,0.11163341874846988,0.05326697485331679,0.11789087125977933,0.12560281878281385,0.06646359168066668
2015-11-24,0.2665725058168427,0.24126278636228587,0.26749556397004226,0.30171426614495844,0.23120600089490448,0.340475752199056,0.3024751871269004,0.24640141096818477,0.3055113795682073,0.299403142571817,0.286242473731894,0.3236726156206811,0.29360178896722955,0.32306874830132704,0.2735147423779777,0.25366788528202466,0.2876995678485099,0.3111802943942922,0.27570302249396994,0.2711358912837911,0.2704319591095685,0.3165760375176475,0.3099013906342069,0.34897350582333775
2015-11-25,0.1330220319440173,0.20443640012305378,0.13677426690586564,0.15008256529546327,0.1361841536131332,0.15629419785249746,0.12927389688925137,0.043957837102218886,0.10565050560737557,0.11602791708730682,0.2020245614500242,0.15828374609603582,0.13383545350917322,0.17775338484912304,0.16643080812312014,0.12467380114275461,0.1560722562157681,0.15215301837209505,0.19121638639929803,0.12994792161360438,0.16755281602801433,0.1534669019284474,0.1431058900768459,0.1697949185478309
2015-11-26,0.11070326748211833,0.15667874895006187,0.1849140790906573,0.10843842773821732,0.1304414852501998,0.1744495136072817,0.11783972667515613,0.1734045603921075,0.11562135359266754,0.1746687269158273,0.1886297720038349,0.16897874755922732,0.10965858760024653,0.22483659457637928,0.1104477008443501,0.21134759610166112,0.19041217846895425,0.14804305659321798,0.13876557764227812,0.12865197211921742,0.14061276410007234,0.11531112029441414,0.18675743888221752,0.17889855977086808
2015-11-27,-0.183523619157946,-0.13012015327643603,-0.16203135664031215,-0.18186782797933326,-0.16701709541072385,-0.16418763473322104,-0.11837116682551974,-0.08716048323151766,-0.12917362113595732,-0.16651856889171096,-0.20647790874098346,-0.13637987448269925,-0.10334691860508409,-0.17073272729410285,-0.08098248013560384,-0.11747629365069608,-0.11833317434803027,-0.1348522488950116,-0.16660931351420377,-0.1349807126678177,-0.13804170371389282,-0.11687634049897405,-0.1717719172179512,-0.07865454150869787
2015-11-30,0.24833297800810142,0.20698405409689993,0.21410531839874047,0.1872711568842897,0.13852988498255356,0.18974476715264224,0.16835145492016115,0.20688784295718057,0.09985950986984163,0.14275109194177038,0.22394454739765268,0.18972344763872717,0.18418857383384993,0.22846155107663546,0.16209064648565,0.2410717702303054,0.16384319770842556,0.1701854797710612,0.17275202125391542,0.12858181500128466,0.1757296466973886,0.1644242911261623,0.1714411444752393,0.14875936828640307
2015-12-01,0.13468563240367773,0.12754536360152632,0.13462397578775248,0.14483247250344763,0.12137674375901808,0.13016090215077677,0.12779739854030855,0.14613645584551602,0.16560155766262166,0.13036858759389344,0.08728683848738147,0.10700235270074494,0.10730630900030629,0.12631818060561045,0.16701857813388638,0.10641012467935758,0.14658481842974444,0.14282809163836863,0.1393331350409211,0.15796370915300326,0.16126125640998834,0.16902890832155462,0.1367884475152339,0.15760512725512213
2015-12-02,-0.03191859225609656,-0.04157086551759953,-0.10770563764479503,-0.03829859345873581,-0.05818315599410814,-0.08972508760133602,-0.08549890395832307,-0.09638114917646545,-0.053796240112392105,-0.11163826798082335,-0.13584958262951605,-0.10540367679616905,-0.12666032547791242,-0.055495788029366264,-0.054887361901481975,-0.07384368969720823,-0.12242867529286998,-0.12198096550065325,-0.103413855497428,-0.026663609047073877,-0.0803089689555078,-0.11861685553569379,-0.1309630407093385,-0.050860160388343144
2015-12-03,-0.0484370652773883,-0.1190360477719957,-0.02495163239419603,-0.0691650371861201,-0.13186338010838355,-0.10114699236611346,-0.04986663713468689,-0.0741190640200933,-0.03758051938289772,-0.06465218224080464,-0.07943226053293653,-0.030392205672909477,-0.059729316246550763,-0.1373493279431795,0.01015843374849811,-0.022123649519318153,0.004424292558744764,-0.10683247891139276,-0.11091892236581227,-0.0663589215671856,0.052048442596437844,-0.11815534403887595,-0.02399822003506458,-0.06872933211144823
2015-12-04,0.044655377184007056,0.04900257626662238,0.031200143194302168,0.006498056629706952,-0.02140396516086724,0.013637437496306378,0.02820622654397809,-0.01703268345632537,-0.03936478667073554,0.03929950376969184,-0.00012334187451290421,0.05521247845196838,0.04462487615647025,0.023368335492042445,-0.020554749478207953,0.024844157140227214,0.039681569272521394,0.019210028737856856,0.05710193684201205,0.02898427029903997,-0.03476662299312432,0.0012112118566592568,0.03423098214111817,0.03099840832796219
2015-12-07,0.1659953170934344,0.08497634942270757,0.12275374170140425,0.0772841446984291,0.07346117350305084,0.07143623022620124,0.13233972423141738,0.09126884060672005,0.07009060144405993,0.10227887481815522,0.07284432690397652,0.08834637070145454,0.08654453698453181,0.14847023291830383,0.10519242073833014,0.10568134695177697,0.17497933626552017,0.13120827109144964,0.1338997990795229,0.12477002148429124,0.18216963443440187,0.030163069606117737,0.16200359152004454,0.11897997770325676
2015-12-08,0.21104693513279948,0.2056990503872123,0.18766933709169095,0.20307059232534277,0.17762591365442595,0.21932481216620556,0.19501585597023469,0.20626278828790037,0.17829180995300353,0.22083114552210187,0.24061441278113027,0.16093285646622676,0.18139544528664428,0.19465733257824516,0.19170540079927462,0.19008054068020563,0.14734936834091591,0.21394669373159242,0.1681488086169415,0.20657663003327628,0.1633758990723883,0.20365814260057338,0.20084426908299588,0.1811257500783417
2015-12-09,0.037418000529828556,0.052305278586584354,0.09269603342451843,0.07958267734823386,0.09562260776304587,0.10954145894939378,0.01314506254003415,0.10023889181790573,0.02284778711056838,0.10441813173799894,0.13007139422723552,0.08475903088693398,0.06633976210111053,0.11387157790388143,0.07508746611698122,0.08741854719972057,0.05424155952798006,0.07231533719156688,0.07715713287139232,0.04335749585119057,0.07343599668616348,0.015260102337397207,0.09959656259539305,0.020199204061143717
2015-12-10,0.11629062744029402,0.06623892948791753,0.12545030862935283,0.09903639404753184,0.16054179514806716,0.07792350950510976,0.11235866673474681,0.07737903889842844,0.16347415590686035,0.1120525859612611,0.12574408195914943,0.07259679436583792,0.13721515458364797,0.08737910444895458,0.0920757319819687,0.08408953879335422,0.06474196976094852,0.15877030443950702,0.11474015708858976,0.12885759765937074,0.12051475615689576,0.11547084466934979,0.10404846671336034,0.06429676136315111
2015-12-11,0.3137245040690192,0.2839272561155524,0.3165445502333272,0.2574791731497173,0.24716449937504506,0.30628697938117205,0.34769864744660406,0.3018518111056693,0.2764844926274744,0.3157707794392193,0.35228259764866526,0.3585759683660779,0.27332130504804064,0.3517765295463577,0.34292190939604483,0.29913654094597975,0.36039592756630195,0.31111296215390205,0.30947059828150647,0.3497009168948644,0.29759214263790246,0.30419355480889365,0.30458279766605145,0.33133682656537283
2015-12-14,0.1690570710688799,0.22142153088483651,0.24982321116257236,0.1884219230295816,0.2129195217394291,0.21765618575273896,0.23318746493794137,0.18423490028187312,0.18645770899694167,0.22519046694553418,0.14292075374800275,0.21039584111315088,0.2526851812568465,0.2359735125418136,0.259032917042211,0.21938239642978372,0.20671206135925543,0.2032093670047647,0.18093534988818766,0.19455009918054034,0.24641490693128404,0.23940438832430241,0.19273873219669344,0.275631728001241
2015-12-15,0.05021545383978598,0.06624133162790172,0.09220413489945238,0.051771646145136886,0.05838857375394825,0.04179817450662961,0.04586879411947706,0.0799526195947677,0.09169352549879593,0.05389184152451239,0.04778033946457415,0.07854649979854372,0.07893554787488144,0.0010245883049720447,0.05067059602636096,0.021835938866854254,0.0631001766398025,0.05869156989068297,0.10329991044904718,0.05521476049961416,0.037661201590955734,0.02794925527491665,0.029552361438906556,0.0597125294994067
2015-12-16,-0.035682515659770604,0.008986335172985681,-0.03613403558683553,-0.017034898189759593,-0.02568738854870416,-0.025876601836165348,-0.023312632192924093,0.005514660142499088,-0.008735951562454844,0.03626415212150063,-0.013225231204684783,-0.02461742628755374,0.004908659230054885,-0.06394994402133601,-0.010982664953843362,-0.036646207444401724,-0.01875959026478257,0.013337722392024727,-0.05317619127255254,-0.007800252976516617,0.05020839381853795,0.01221540248146724,0.00374538630659484,-0.050586820393460324
2015-12-17,0.19370301615986754,0.16453233635499082,0.18916778798791217,0.20406012150346894,0.13304140996003305,0.1641912905492911,0.10731967595933908,0.17603202372966933,0.15391119554891222,0.21452724162310255,0.23201278057370356,0.2299039020931438,0.19945914640583723,0.21557945437386747,0.130153242724819,0.24524100963180204,0.20174011942890452,0.20252515343787703,0.1968792999078825,0.27543482685377807,0.21199978311373455,0.20859037281650855,0.1979550872535115,0.21104998888065665
2015-12-18,0.2690910884768831,0.24295976858449064,0.16748343432294202,0.2599678115891546,0.23950461692062427,0.2651906177964456,0.28530017677534597,0.20776332522888663,0.20722527507592362,0.2044024764155882,0.2038838107374642,0.24092544653584874,0.21788202109483287,0.22074254089539552,0.1720917002873649,0.2516220093138867,0.27543871812956017,0.22263069352565698,0.21107859433107715,0.18596260179646676,0.24218124616257927,0.22333691709546624,0.2193264264226994,0.26401811902105016
2015-12-21,0.021800550608961872,-0.05110422490094472,0.029573476602886062,0.03327107798221591,0.02977124821535679,0.057374116273545966,-0.017599757127637214,-0.019110909707647134,0.033141677650578835,-0.02005443196383487,0.05065053790824146,0.04267277171322376,0.037559101117638806,0.012416669069353457,0.07367489084394101,0.0491228805517487,0.0036053970944386515,0.016928916261216304,0.042054060006084554,0.0561073551322567,0.006366286761351132,0.04973897281897623,0.03172141733046503,0.035728112619373316
2015-12-22,0.15301159216445157,0.1857530715766334,0.22210932598872013,0.1827771687669291,0.18722886728273178,0.1657675568706376,0.16953006615314728,0.14446605451250252,0.1649599951804415,0.19951226731540173,0.1755670023432058,0.16960131389227584,0.15781609963171644,0.12480979865975894,0.1516379776644877,0.15658995747414,0.15728986173499113,0.19802837598391904,0.16276205481636888,0.1939313690438095,0.14372712115926112,0.19721845683176645,0.21722990361928332,0.2081858937336518
2015-12-23,-0.00813110951131323,0.01506522772457454,-0.003060822999074077,0.0005608102239538897,0.03470508281128775,-0.041961123977707106,-0.00978543579837539,0.01859488296098592,-0.0010015380764916847,-0.07925308766258626,-0.033577075003198266,0.012507728707818985,-0.041410533530043946,0.032704561602377065,0.035692568695379685,0.013842686985795783,-0.0029535153480213967,-0.04316194769186805,-0.06944465736755673,-0.016274993742989876,-0.0010973484792172923,-0.04540007869953824,0.00015201917232463073,-0.0013439005822311893
2015-12-24,0.17718749971302222,0.17759647400488598,0.18147683188188105,0.19253383144933614,0.14208428115268967,0.19443788840696546,0.14245284780493817,0.17489038662458967,0.19799988306274918,0.18125152867917765,0.21055808766560846,0.1771262760166354,0.18587269328245287,0.19912517460233847,0.13485008918762603,0.16941209027189932,0.2226571145455668,0.1616672926789698,0.13468600968130942,0.19742927821242423,0.19731662661107255,0.18852490380992884,0.15200741786306132,0.1603093510931107
2015-12-25,-0.028023581048950502,-0.06893312678535027,-0.09185068844444862,-0.05702525276226933,-0.1033646258645512,-0.05715806473857258,-0.03241269050948646,-0.04587439052816122,-0.0934026937860067,-0.026272503586992704,-0.02809063814859654,-0.024696661538922953,-0.08219027376146783,-0.008193539362999812,-0.05563905678052397,-0.020230029457193325,-0.05945030990493725,-0.08454328614591966,-0.06417050105970887,-0.06829662611191593,-0.06770619141526422,-0.06379330487419993,-0.0491701421990456,-0.03124049233095729
2015-12-28,0.2159587874483141,0.21761053573810124,0.17239784744961106,0.1490721761195713,0.10293173351776651,0.1800643608771596,0.2025576678922084,0.19797344441341466,0.19451231708517494,0.20023905462491381,0.1947067254643922,0.19899889128880313,0.21296303310085787,0.198137862055882,0.14162037915274492,0.20229752024080447,0.20781470567109883,0.1643062278806831,0.17939370996709542,0.09362773467253696,0.2186938532968582,0.20282755079875844,0.1872149057819652,0.18957816460148472
2015-12-29,-0.050560045343925934,-0.042597005186238907,-0.08855234893729988,-0.1131591625057018,0.011042576318102017,-0.081130688424252,-0.044026712569459316,-0.12776262152141046,-0.05329831221786009,-0.06718840484867458,-0.018490197093829885,-0.041749240358095165,-0.03316207221847646,-0.10369204962899227,-0.10998876542590683,-0.0905583200681357,-0.0561853097633984,-0.028193926948091492,-0.07374553453059787,-0.029593347358185234,-0.08173156033753283,-0.07165897841769289,-0.05190186642119843,-0.0646342935881267
