datetime,s0,s1,s2,s3,s4,s5,s6,s7,s8,s9,s10,s11,s12,s13,s14,s15,s16,s17,s18,s19,s20,s21,s22,s23
2015-01-05,0.07878444569270046,0.05699624902010551,0.08500406740875008,0.07235057863778041,0.1001188471199714,0.08795891791481349,0.08462787283734766,0.06777912775697813,0.06981048204419846,0.08742559402851398,0.05278291801957485,0.0883833116625647,0.11139793637735494,0.0738254734340538,0.0810611337875362,0.0881938888995139,0.0900640169418475,0.08283269451423647,0.09187678796432598,0.11308418456191784,0.06213837814887764,0.05559052674040882,0.0729019772152107,0.06514311480246204
2015-01-06,0.19423727384950198,0.14136150069064451,0.1648542625452658,0.1556216324002266,0.13277227174615855,0.11586416041668506,0.1563642000243513,0.13143187225421707,0.15554277148243403,0.13467437819447287,0.2168058990806498,0.1896562573015632,0.13702792798056987,0.14214963764750566,0.12360268311324692,0.16254840708669605,0.15731147547999147,0.11688439402680995,0.1614892152387395,0.13420003213505588,0.16755489481386304,0.1342241154093518,0.15150032305870142,0.12452327807873573
2015-01-07,0.17283004717820175,0.16148335231333127,0.2324679395288461,0.1927411494688271,0.19810392263465323,0.21089042262490962,0.2106256473284917,0.18945841286585136,0.2349038722558907,0.17030299358338089,0.1716946143755448,0.19306555884101473,0.1671738743595882,0.20158989216785236,0.21111416967719784,0.15972056903357612,0.22379857612973636,0.2163600600545152,0.19190054753677604,0.20104459817901335,0.18030577491670322,0.19073219672429417,0.16993660182185125,0.17660655392855132
2015-01-08,-0.2064545421572986,-0.18517927188453684,-0.23894884774918776,-0.2343378924345815,-0.17073500189361862,-0.2849673048251657,-0.12793479063749388,-0.21962515413129874,-0.19444191065090335,-0.1837761996093245,-0.19050309009678615,-0.18367498175367541,-0.24141494850361023,-0.2328070928653358,-0.2686345988417082,-0.25538277158829437,-0.2213263370908872,-0.19634480633710677,-0.236511907376988,-0.257880683668778,-0.1777105991121038,-0.2164541433107485,-0.17980580872404056,-0.24197020074031397
2015-01-09,-0.02606386810690029,-0.014508604309394558,-0.09862788100877544,-0.1349271814736951,0.016772569643239713,-0.0621747234539464,-0.06446874459140176,-0.1248696985560981,-0.062175677606441965,-0.12793539052433936,-0.03332902374623459,-0.04313079379502093,-0.10024731633186836,-0.06368657808316468,-0.07866057027226968,-0.034804382042497604,-0.08199056248178167,-0.11011921658907851,-0.03907326030764278,-0.010494484760564485,-0.07282497360941141,-0.08862311501655824,-0.02928651816066154,-0.040286465205750084
2015-01-12,0.22889371156350768,0.24728676882133713,0.2498076204722779,0.2936644280838099,0.2591219860349137,0.2244077978478006,0.22155013293691203,0.2636226890014117,0.2504640723783518,0.22023007303567183,0.25670895279296474,0.27184885194940034,0.25914440844740316,0.2484694318120037,0.2568072297498334,0.22887176622362437,0.22063272231526948,0.22573692212855778,0.24818939019218872,0.2565219403313507,0.25952606653232985,0.23736270446803087,0.2896035860601899,0.24884631917086877
2015-01-13,0.28503227634798045,0.2855875888615487,0.3146570539725962,0.3519216723122319,0.30990922739610816,0.3871043457985926,0.24844414696387726,0.29621915188978787,0.3221404148727962,0.30889258567238476,0.2895969070437036,0.28781790329533913,0.28688284098726874,0.33891094819708106,0.369988411907449,0.2851567922981878,0.3110017236642108,0.41868989183451916,0.36786066808398277,0.3252623780074965,0.366044929744944,0.3455164955019498,0.2830633977023649,0.363023151857537
2015-01-14,-0.12537563504362956,-0.11242263671382391,-0.1293797054271167,-0.121608192672797,-0.16687427276292077,-0.1662593261735826,-0.08617410192299088,-0.12225128654589847,-0.09953118075021267,-0.0966425061199238,-0.13055998305475247,-0.11601069978474093,-0.13351497077729735,-0.11498642489931894,-0.14614308266230916,-0.09189181710779884,-0.09038522181755074,-0.12882296169572988,-0.10798967805740041,-0.10393265261462972,-0.13293389634299646,-0.09451571644166983,-0.1473190666364895,-0.12481030400533191
2015-01-15,0.2506292378967792,0.1978645916677661,0.11322426221797673,0.16917269314785757,0.22903391859770572,0.13092486162069683,0.2044230290948659,0.20184390080263317,0.12398878505755437,0.09332795753862307,0.1220617891853162,0.17929857928640577,0.14682980741610746,0.18911358189879252,0.10476485637664298,0.18591822943881176,0.1941132637854175,0.16049542784322926,0.20558366092586877,0.2315993101759918,0.28947666493796304,0.10855884037072075,0.24376184490337005,0.17468111544047238
2015-01-16,-0.054897973495874615,-0.08654666232560343,-0.11369283866033265,-0.1325135963442961,-0.012558980551941044,-0.13166312443963124,-0.028435500418026744,-0.0512579826633277,-0.06390830037930047,-0.03756030000043696,-0.09381290726681914,-0.06314868364835584,-0.06486288219125218,-0.06646236704000838,-0.08169301988866653,-0.06412061711152199,-0.05616295706844074,-0.09766979373954696,-0.07954093314776055,-0.03520047543526884,-0.05953713024418819,-0.12011102164844105,-0.06389215370386479,-0.10447356897686585
2015-01-19,0.037927391398885804,0.002103249127887008,0.05719629927496755,0.0878784838876663,0.0653497376051857,0.10005602658304612,0.06732880786583233,0.06247390113268356,0.05381157293475486,0.08513240510847764,-0.009005402754677122,0.06624504288919132,0.014067761242509814,0.058043672760244885,0.14336912850053954,0.03277591631221002,-0.013141291097579498,0.05827714239590879,0.06215639281330816,0.08064540870552535,0.10938528166144608,0.0373763781115035,-0.009856636715211156,0.05558319820763651
2015-01-20,-0.07431496073525537,-0.0427247121425909,-0.04278670831604991,-0.06865977803961122,0.002242932989784996,-0.016261202671800888,-0.02621478672726992,-0.021168249004394016,-0.04311514042544586,-0.006914787489732029,-0.028074425914478958,-0.05675749680172616,-0.06322601024917783,-0.0646029649430274,-0.03582812987839842,-0.08180616502821941,-0.0515520323802212,-0.06193885160021929,-0.11285148693750409,-0.058789101565315555,-0.06696743011411699,-0.07309004427631718,-0.03443346199213198,-0.04385269807635904
2015-01-21,0.16619812697684708,0.170609214773836,0.11980322563232038,0.19360935967849277,0.20507867998499724,0.10720075025649461,0.17047833364120923,0.19616301786771453,0.18184531080641153,0.18871312602898507,0.14617183758195054,0.10343865574497453,0.18017583831392037,0.29314987341882204,0.20647162918223938,0.20040927416308704,0.11825872986045777,0.2226443056796437,0.24317296212872042,0.14224245139714814,0.1435871812297383,0.15115614537709812,0.14981731995650618,0.20440114870820375
2015-01-22,0.14968797191075167,0.11231122020951409,0.12957549016571546,0.10220426933482088,0.14670677065542825,0.1256812602927982,0.09512848398230012,0.10290252617849667,0.18102476462742753,0.08825603579536383,0.14033769381361244,0.16261951962228635,0.09922531761809864,0.075452257403035,0.06771326476716538,0.06437162477089146,0.1509209209832443,0.00782624366902385,0.11859727185169026,0.10619171612350121,0.1381457291117495,0.11503713140486778,0.15803051300388182,0.06905210825596485
2015-01-23,0.19797356806533414,0.23847391494760684,0.25978773758993084,0.27407559572740536,0.24823237666017922,0.20943544300076367,0.2364479750443387,0.2144691717634557,0.23392483726074215,0.23444270046613125,0.2066559567801051,0.215167118515802,0.20105983595683363,0.18220174277588463,0.22571873508546444,0.2137965646358862,0.19085829983432978,0.19060416553923856,0.23360550878540004,0.23234935224064143,0.18563833713031724,0.2099294426760232,0.2343506905664564,0.1936313896448505
2015-01-26,0.21188008713868015,0.160938647431537,0.17360204783278818,0.20083596057356046,0.15832104281038234,0.16823448226658974,0.14637846774183627,0.15830234563451698,0.21654946079558945,0.17258895611945033,0.12360579956873488,0.16600804224577684,0.18386827347571888,0.16405566346067502,0.14599468360565196,0.17656407411462108,0.16455950314715292,0.12241065640618139,0.18650359121085125,0.13692704534188155,0.12408897395557206,0.12289629094773771,0.1998297572934362,0.15420421990338973
2015-01-27,0.06612548224309424,0.06461829186145245,0.05549796389292951,0.0627578004711253,0.12185597712382147,0.035321335302501776,0.08607298867695898,0.059836188615015454,0.060383793004080456,0.022887623373820273,0.0780300948665564,0.09058408984023485,0.06703977947783817,0.06449021720220469,0.0531336959436982,0.12120440338209716,0.08645429079935818,0.06996845248436281,0.08079051770285253,0.04672460624651314,0.05414782323603068,0.09736815097324031,0.11095891761816767,0.06997234829148821
2015-01-28,0.013948313286533823,-0.019041217524744993,0.009836802348423091,-0.014792490502121735,-0.002709023349669333,-0.003296168986659511,-0.04584508701897741,0.0043889260654947455,0.01113438923457412,-0.014238157407080204,-0.015970759053914048,-0.024333482813280512,-0.023846266281315757,-0.008346317488392138,-0.03427618018344696,-0.008916559694681499,0.033850114297841044,0.05550589482422139,-0.003448797022693368,-0.026432491178540914,0.010664076133310184,-0.0040205307081622125,-0.03574777297387112,-0.012695967935493806
2015-01-29,0.15721215136853037,0.17720429707805216,0.18124999764522137,0.13234391544292515,0.16870347817973,0.10638481979401851,0.13491822382517618,0.14774179101684798,0.1510728943211131,0.19317837164006002,0.19327482343231142,0.12761576821026893,0.17117028300186748,0.1982051677815363,0.13400996944814234,0.1705727340076851,0.1965029443542248,0.1425296265871386,0.19929326456287214,0.15631419522973172,0.11983105363410482,0.18703032341366152,0.11967306358898472,0.12336736817344643
2015-01-30,0.2752656182961892,0.24782854463896822,0.28407771749482363,0.2608416163751746,0.21375393437238374,0.28949104217070515,0.2529015297009071,0.2655173733829691,0.2911587177140706,0.22140020154727788,0.25166808439135496,0.29534179261716287,0.278109850708905,0.21179364624035465,0.29352915996959045,0.2966174962303474,0.277961698067935,0.2157271485737592,0.25874560451500855,0.23761496122927867,0.22163784236064588,0.1873598950801126,0.3224427884713781,0.20813606577184382
2015-02-02,-0.10022763641656035,-0.13904576654193193,-0.11856582222348218,-0.09057306830731789,-0.17626752095223475,-0.12428836431887268,-0.13237390042663372,-0.15344620901306988,-0.14046117658889573,-0.11740769166345331,-0.13639044337339185,-0.11431188612694347,-0.11843283234376219,-0.13260085324940818,-0.11282289663250845,-0.15083538152391274,-0.09790143212792546,-0.11246543972215825,-0.1122886999006986,-0.09673658992910698,-0.12657429877476994,-0.1298923341289801,-0.12425331464963806,-0.11062247342637507
2015-02-03,-0.0362999181997642,-0.06719510920058959,-0.09290280519860086,-0.07567577541215217,-0.08339723600962559,-0.03991733859819819,-0.041415576508050125,-0.060040469644872974,-0.06969660067306488,-0.079354699829874,-0.03622857353739029,-0.00890701207326594,-0.11467473599434423,-0.01746591139736267,-0.020405803519321735,-0.049600531394876746,-0.06408694208185899,-0.06329231015266,-0.08445707326999376,-0.0532651868801238,-0.03562829430914091,-0.08773302335334163,-0.09966283496656664,-0.059272407452006355
2015-02-04,0.14383739162555959,0.13474982499072313,0.15374295980512737,0.0928516628618326,0.16405888184232276,0.1140313834595668,0.13231205737967264,0.11965357573076842,0.17480139476028936,0.10476274941512967,0.09269150676991679,0.11693190623020816,0.13031416548651079,0.10695769972553361,0.13095183766814797,0.14230545309351686,0.137358327360283,0.1267752324877257,0.1363988669018011,0.1382833456484604,0.1384602307945241,0.17350243290880618,0.12861764258351308,0.17917161414092322
2015-02-05,0.23418220649507962,0.18830381809189115,0.1954143015789245,0.2332881681243136,0.22350762452778009,0.2062109096969945,0.19070177956681034,0.2363533371010262,0.2599425173718455,0.23089168277218597,0.187938969741906,0.26243224448030783,0.2214937009991366,0.20076573873932685,0.26065819090529574,0.16021492351141026,0.2638362832755642,0.2535066220005635,0.24283302411512506,0.23089783328381755,0.2450698421852969,0.23028155201833356,0.22090940239413678,0.24306920376177762
2015-02-06,0.27106816528538635,0.28751221091005785,0.28612962320086976,0.30132218233890823,0.25942040004911665,0.29967068043711664,0.240453619869838,0.3171153007537982,0.25765800438634995,0.2683451639735306,0.2749182997183633,0.26434826364986236,0.2648198906582084,0.3047187643806194,0.24751308331157532,0.25715769898557,0.24458933325268215,0.266324903773753,0.282845826769739,0.30830597338380306,0.23952651251107093,0.24887133053642874,0.24428254675210753,0.2836909958644092
2015-02-09,0.13004627254159465,0.14125049714085036,0.13350160537472786,0.10666270465417639,0.12427364702585172,0.11403345474385433,0.1248202533497372,0.15260294170888458,0.14503793910727908,0.12475494016024297,0.09912204386858167,0.16778693272186204,0.14626250115827652,0.08585599515078968,0.13652481072165001,0.13885945598597038,0.13318612579890507,0.11406623184264114,0.07865395071663195,0.10009643953325054,0.11390813054261076,0.150455077706033,0.09943511336361133,0.10120170258498722
2015-02-10,0.09657051196034125,0.1072384986501246,0.11072090970301778,0.06488924728198248,0.03596258179632744,0.06367847682317726,0.09770801923851812,0.10468898816371927,0.07593921469971293,0.04581937155849568,0.058507156658957074,0.06891414326775196,0.08073988100930686,0.11968625043510629,0.07146678671911835,0.09221352168869724,0.10244241128931997,0.06866495205469372,0.04810595398547496,0.06717462472243825,0.05116348679018469,0.03949439729668381,0.07041555647602354,0.11384302978538671
2015-02-11,0.20195787039629393,0.18590043689279537,0.23094839676663143,0.23374063763490802,0.22134256761698798,0.2262042865049341,0.24221086873765704,0.2101485400104186,0.17614542794879118,0.19934107846225738,0.2016838519371855,0.21887519647859544,0.23043024400754336,0.2647999190210652,0.2356134586074074,0.17468038114763,0.207862160835782,0.18899392936519294,0.249619730188767,0.17743888183624507,0.15970383839971755,0.17859544699478636,0.18428404128572376,0.2187508398164143
2015-02-12,0.10540566337518938,0.12138831912610286,0.08062670321145601,0.052263089513826425,0.17477486954234722,0.09513965588326354,0.12189964723513573,0.16972927855407136,0.13020264176752677,0.14176060494827572,0.046018068875504844,0.11768727757500771,0.16717653384211864,0.06747388330967595,0.15482284672788424,0.11762932705598399,0.11019899916300903,0.13392998019280075,0.15656379719435332,0.16574140628276635,0.12484830599722534,0.1521863416018804,0.047255482899364404,0.13448805830037378
2015-02-13,0.04099622934409987,0.11569029399634216,0.09397875263128451,0.055776176162129126,0.06373538767419921,0.11364277201346362,0.10993573539144876,0.027556233352907335,0.05073015270667816,0.09606724433368867,0.05029635567640728,0.06511004226345761,0.04397786093216173,0.10174179148633208,0.04770176743868711,0.06850860099727982,0.10805257428337282,0.0923481577941663,0.10063946503274375,0.060437566250739906,0.15884442256768952,0.07785017904581311,0.06549033765999507,0.1272206190609422
2015-02-16,-0.044140287218443985,-0.07990329008447515,-0.09791493344931762,-0.0497585626161266,-0.08495472506797838,-0.10238217576106458,0.0012493625455382066,-0.0694109583362978,-0.07731009159103551,-0.06620657477042666,-0.11913481643727056,-0.1295037543537898,-0.1325326873152721,-0.05969755015046218,-0.0839097335561239,-0.07207549388866479,-0.04145454335126077,-0.08925230086119545,-0.13957577586288175,-0.10474208279152564,-0.1006662302895692,-0.009109935227882756,-0.10554414269730325,-0.038007228179312756
2015-02-17,-0.0730088708858768,-0.06635715291095737,-0.052012578495478884,-0.05652417851325034,-0.12225086424223709,-0.08359377861987909,-0.05304214875594468,-0.08673647435875406,-0.07623254406096822,-0.07493690508150565,-0.08638171606675836,-0.09936895440851415,-0.09810416397618164,-0.07297802233874676,-0.10077256330293194,-0.08489712973612416,-0.08100250066095395,-0.05434164380379851,-0.07120423087876823,-0.09617227371216155,-0.08245623844445807,-0.04019758494466543,-0.024738606764113488,-0.0995733260332508
2015-02-25,-0.12859262802780203,-0.13346887204705762,-0.11074289738904299,-0.13789522876466387,-0.11688601656664421,-0.17199522445181856,-0.12423759490679871,-0.14412709820028918,-0.10570562535333287,-0.07734960562429605,-0.0921493711896358,-0.12796478954533058,-0.1663523896474119,-0.1563864079000056,-0.09668701856202523,-0.16808204650014757,-0.14700246486735244,-0.15203662266905335,-0.1194317203223186,-0.15014428122473503,-0.10656914180718795,-0.14269132319041247,-0.12703495884446678,-0.1290310653875218
2015-02-26,-0.11617139477947974,-0.07219965691903837,-0.07198083210468505,-0.13018823272267208,-0.08768753744682627,-0.055517163472171616,-0.08478256573733828,-0.11220652050002922,-0.06517412719654013,-0.09062383870021949,-0.06517653716145591,-0.06490180116105636,-0.09283666848589385,-0.027204647955354443,-0.06708667535370759,-0.05366606273068061,-0.08500765646047266,-0.059968602978443176,-0.09441664148468289,-0.038088531508025485,-0.09261928965048997,-0.09581345714987224,-0.11296083951867011,-0.0875443855308286
2015-02-27,0.10301929248477983,0.10146511641077702,0.06535685138242552,-0.023158886367413034,0.057588380961355566,-0.019009918265376725,0.09045622863956883,0.0691522799743731,0.043974097386760135,0.08171703078384492,0.14941996746328037,0.06376363413552949,0.08221902314888567,0.0856368127413043,0.05391851070939176,0.11910088178826973,0.05751270856451313,0.06912818048493284,0.05768236897017261,0.08028528011619869,0.06518670898697723,0.06937254930785713,0.13595558271300343,0.04474383507948225
2015-03-02,-0.0018806282882790036,-0.07035133686016616,-0.023244985468824503,-0.05973308627360457,-0.04231795308351407,-0.06645888475360391,-0.04921979211104637,-0.04987004486521286,-0.07114900568259196,-0.05891442616637809,-0.030742213665248787,-0.06752800905447486,-0.09203819650719482,-0.06400004198399711,-0.12007539688108339,-0.04603818123977984,-0.003447341453856946,-0.09786375511403776,-0.00754732103515318,-0.06689540806252711,-0.0649441727253731,-0.07319040812945798,-0.006149969371944352,-0.07329584162811593
2015-03-03,-0.08898133988582449,-0.06608754790225439,-0.09183038152745282,-0.08812556701580063,-0.04973315237830065,-0.14193828096654962,-0.0811000838541741,-0.0777565206892315,-0.03210003794464636,-0.051319621768153405,-0.0371833432522818,-0.039614258752121496,-0.05414335894586945,-0.1082611724329322,-0.1713999068072756,-0.0960482741692883,-0.03634516300954932,-0.12117898076270393,-0.08629280084386834,-0.07050209237792245,-0.04523088576107004,-0.12745424681805495,-0.06646205396815613,-0.06863004403820253
2015-03-04,0.12843950248453234,0.20510257309729552,0.18793068150809106,0.23393045183955047,0.17092001589178887,0.20316183653558859,0.22627523057013293,0.12952446411383872,0.12390059370479958,0.1518596837589938,0.13128710501938007,0.20807477029281657,0.1792611102835978,0.20669242024712542,0.21080693599504816,0.1955912046779628,0.17624938983014554,0.20395495264443966,0.17816771381265975,0.20532139698876822,0.1980845438642809,0.22725391319488042,0.19330994150981212,0.18930363273024975
2015-03-05,0.056140695398234956,0.09882857409198822,0.06944386788061169,0.08494869962409071,0.02683255134700516,0.08868359071566367,0.07496355218599458,0.08533151042482433,0.05660503992795597,0.07536127769325028,0.04564819935994577,0.06872274182026873,0.05193275953146975,0.05641636889045155,0.10211328962503616,0.03874418171087105,0.05436882826341085,0.04523928782279851,0.08665668209931188,0.040805394152223666,0.04618537737318299,0.06325028741887245,0.006671348227330139,0.07235422427995522
2015-03-06,0.2267604224625205,0.22478297481173073,0.24062617104341977,0.22325048395477046,0.2669502126931162,0.23380888608768005,0.2226526509440666,0.18655248594927143,0.23737425776024795,0.25544372943637106,0.24207911655176245,0.24343884485469394,0.20623772251918882,0.2101687542161831,0.22542430918495987,0.2558541337193948,0.23523672509536533,0.2334086735524479,0.23564837227446123,0.27893869104664093,0.2588445416689864,0.23460781968285774,0.25342775200734463,0.24352559900053
2015-03-09,0.08832128738928294,0.1138936147783489,0.10716755094888876,0.1268131188750606,0.1308645021648759,0.12516038673145005,0.11585927864072586,0.12284144460795,0.09103754454879534,0.13951785143837372,0.06662813243850985,0.12004572444123511,0.0893511082813868,0.09705114748395714,0.10282955959903979,0.06566424370098882,0.1225139979745553,0.1459179447274522,0.09639994444970033,0.0711961482828923,0.10438019530924782,0.10929804519772288,0.1582659548126118,0.10020383614432771
2015-03-10,0.08483249380372679,0.1599741683123833,0.09336826761657127,0.1540136907951595,0.12033015357590031,0.157209439637356,0.07937930143758914,0.08566156798372696,0.13147025358146938,0.037263317157889025,0.06253605673149663,0.11627138033505674,0.09566704184147384,0.11034288490786262,0.1085636966379038,0.07612992109057364,0.07785498582355915,0.11864543547956762,0.09583679293470829,0.08707468433088451,0.08450381632465252,0.07004446740615695,0.1412321715228364,0.07934633528325087
2015-03-11,0.10363993086979595,0.07722715279466882,0.07889858602283535,0.0997794465871364,0.11221605131929327,0.0682608508468094,0.10014453444562907,0.084909250819798,0.09283638085776998,0.07529297439610462,0.06040211327828551,0.0972223554812249,0.0632741049629508,0.12137080158225066,0.1371187827128652,0.14102601005018353,0.07001396141259017,0.14581397494370382,0.09268237479347322,0.11285077279834385,0.06434673505933085,0.08409296947580971,0.09218000996393008,0.10221402168662654
2015-03-12,0.17006926000828443,0.21312731983463692,0.20198145350584376,0.24296841370012104,0.19105335721189382,0.25001116769409454,0.22523310023310025,0.23206569852911313,0.19718442126978716,0.19570267131242744,0.18601520430788723,0.1782176157176157,0.21143338368948125,0.23725207719110156,0.1984722594478692,0.23561245664904204,0.2351053418126589,0.22715800459702898,0.22798898256215328,0.2366414073731147,0.26429464844098993,0.26476927544000717,0.19023710029807592,0.2033175158175158
2015-03-13,0.0812211162820919,0.09316750322847883,0.048524138463162864,0.06796252527959845,0.1139140331213502,0.06999301511496633,0.06318681318681318,0.04267378962500914,0.08671714464397391,0.08884814372619251,0.0490931832395247,0.05600141728190508,0.04090980158053329,0.09067456933310593,0.12270909984324618,0.057005494505494504,0.015886044849459484,0.0826653021774973,0.08518057146105927,0.09178423202813446,0.05305923751045702,0.04575810368493295,0.04075396148566881,0.12514061142109925
2015-03-16,0.09749273750617628,0.11240694483627382,0.06347186736226659,0.09727978980361927,0.0880963884044329,0.04464871179965372,0.06216372378779844,0.09093806001090272,0.10977948998899127,0.057455269878221686,0.0753322168173155,0.09591936109598458,0.14968446810474711,0.07906755810281177,0.06992984274231463,0.06634221964858018,0.03447976102141034,0.04210932948251095,0.05274250117610207,0.06013729416060526,0.089414176809291,0.07183012814046033,0.09462416189914503,0.08631920149942206
2015-03-17,-0.09025185359886058,-0.06548883882733196,-0.0979865519727235,-0.06239282744830786,-0.10493392231758722,-0.08297604918903072,-0.04937526460133398,-0.07890793389283478,-0.035604892297876625,-0.08962544303291275,-0.0596420017944414,-0.05668152657514833,-0.027438204141500246,-0.073917462033975,-0.0742113775264254,-0.098592657496015,-0.0773383540955004,-0.08044401036978623,-0.060978073601228,-0.04577924154689774,-0.08669491775153777,-0.09777994816369533,-0.08263289396813872,-0.06347457859582391
2015-03-18,0.129899559071435,0.1289092193580568,0.11497336970659942,0.11445806493103897,0.10814962084315971,0.11763341621083126,0.10301844806114367,0.10948971155471132,0.0971860332280634,0.08837862198692348,0.11975479149044202,0.09881994460759018,0.09982345902097062,0.09281775014995239,0.08646605327338647,0.06637662440388782,0.1024917086402982,0.11375209987431358,0.09995843755118254,0.11954623350361362,0.147364985427274,0.11650586075403323,0.12715201267284842,0.13484902042511782
2015-03-19,-0.03261494303147956,-0.01977870421740858,-0.019650144843129866,-0.023974249764686,-0.019817583060436423,-0.0029804521065140586,-0.038347239647504,-0.0444797291544283,-0.022799590320671588,-0.02240147096806653,-0.05541608850587227,-0.016253429923931088,-0.035764129316734436,0.028223966499915546,-0.007390349675018292,-0.022889789236496174,-0.02815294781331803,-0.04066934334541333,-0.023531808531029208,-0.03467137463536534,0.0028360820027373535,-0.014169264745352121,-0.029720024379626748,0.028070783858385864
2015-03-20,0.16871013052546185,0.13788523900813537,0.15055883148415655,0.14250449710809168,0.08830220976741043,0.1262398867166075,0.16014436912822472,0.17050294641211897,0.08275961301338179,0.10960158065318348,0.15439043041559727,0.14409597387156914,0.1335681178344283,0.16138959389642504,0.12140236161814685,0.15574081319717809,0.13339960853006005,0.14128107339144583,0.20389754070032068,0.16973606236332003,0.10472763497447886,0.1392258754372565,0.1672902408618662,0.12232595675517866
2015-03-23,-0.06309249159056603,-0.07493225644701895,-0.08274318749286656,-0.07065668606105063,-0.046231816963524276,-0.06342694532681696,-0.058819998999716586,-0.058055166912676544,-0.07803210909757763,-0.018797890171446008,-0.05610025404633877,-0.04258103898668725,-0.048357034493106375,-0.0554308336079838,-0.10597387208427003,-0.026725777431810805,-0.0789826348234564,-0.07344414250704366,-0.06374806195088609,-0.07384784663346922,-0.08029223664653702,-0.037803787996342555,-0.0018587317688729755,-0.04310375119104258
2015-03-24,0.287972862289406,0.25851667013549845,0.26459374703929195,0.26097969172083096,0.2734356345016853,0.2601415655020904,0.2821795729113516,0.246456229745926,0.2938513938160499,0.2850285667098629,0.289161487280608,0.2374364456256066,0.2733641581659114,0.2751240643889651,0.2821933387241673,0.320262694065992,0.29734738081689926,0.2972827873875333,0.30773845167539826,0.2916965146560535,0.30935805249859955,0.28225210815580354,0.28803004335802507,0.3367731981754097
2015-03-25,-0.008637295661306565,0.025646629060953156,-0.02320239113405692,0.02982166169878274,0.0008021272520844359,0.018834106716022175,0.013746555055771784,0.04311341324990731,0.01918698976124612,0.03369755116999337,0.06039859371116181,-0.0007242970830703024,-0.013631662901512825,0.008000094243561602,0.007579440711032834,0.02753228992451667,0.06098337889263196,0.0157897293566258,0.023377376650105704,0.022740969417758845,0.017656594499100866,-0.015255242583702212,0.03339470180484995,0.01186062946374224
2015-03-26,0.01701023883322127,0.05227216819456517,0.07858536825360382,0.05668804084600204,0.07130994746653109,0.020298366638017616,0.05950167002859002,0.0655831980364181,0.07330086207367804,0.09040403212140097,0.11911321755197316,0.05232246038123664,0.06870678015207919,0.03348147662233301,0.057337466039107644,0.07618774291946144,0.06195068085780977,0.07934959082932909,0.07484844012223188,0.09457281707310405,0.06847827869524575,0.0762271020220739,0.09019138363645308,0.07457620632916236
2015-03-27,0.12145028877870881,0.09095759009058133,0.12052282670118736,0.12240372089950911,0.10818153060262202,0.1398779684244287,0.13576558444352105,0.17043946009953945,0.1253024197727159,0.1219470349256804,0.14304603742738925,0.13765918738642605,0.11535893224454341,0.1301043912857932,0.10346879657868364,0.1352914930151544,0.12569804851713376,0.14282197673484534,0.157716072832308,0.13825124911777206,0.17243777204672825,0.12233658557486277,0.13452979717132757,0.14027111067534112
2015-03-30,0.1685909125012879,0.13084525461038088,0.11387573919616509,0.16745578489372992,0.14704098089457102,0.1548791832547783,0.15862212509390644,0.16191927036960405,0.1492016319270165,0.11942674005864894,0.1355175087215286,0.12333477148962996,0.14738537308949595,0.11376640834063338,0.07836207072093797,0.11150325963112695,0.14630764418109207,0.14581430862300776,0.13406258836154034,0.12848917467367252,0.10246542445859798,0.15645245426587961,0.1611561409979927,0.1455814139732227
2015-03-31,0.1020062348653648,0.06327304602186759,0.05023944140679338,0.0171326917160969,0.08155671831957458,0.06248149062781799,0.011142180814375582,0.09433066215276097,0.07590130649005795,0.07766918642400575,0.06326429955342505,0.05437761428866868,0.06285376219090347,0.08596630505030735,-0.005888559878937999,0.0632768726018112,0.04329775206194618,0.06785346221436865,0.1236430845022294,0.049493531644928285,0.08199732166736738,0.056269858070783774,0.10393455782980536,0.12453877753617293
2015-04-01,-0.13664469647825758,-0.12158923759656143,-0.1701004339601821,-0.17010992914849554,-0.14286907168796342,-0.14650768370372338,-0.1660099626888001,-0.11013887830128369,-0.17301685312363144,-0.1695162006086609,-0.1348959062071171,-0.17732766861793417,-0.1334934110391728,-0.20398177929474445,-0.14746725626387008,-0.17808784222349858,-0.16236073840374868,-0.22058579168226522,-0.14185587924087026,-0.16488813411659137,-0.12561352181999386,-0.12724306369672722,-0.13089619776520187,-0.18047141376041712
2015-04-02,0.03404092154820556,0.023784492673869895,0.04356510742007681,0.034266570802969576,0.050683950431449964,0.022315817635746187,0.04441185066320119,0.04620754955940491,-0.003898593560031746,0.06956867061171264,-0.008266358837889662,0.04464280602667871,0.0827088299374013,0.05963507656226211,0.04316798707320252,0.07004566185816923,0.06246071908664615,0.058124790461069296,0.07028555382579584,0.06062899450496647,0.0841741537489691,0.07127165223986975,0.04804541805643708,0.03428360620462874
2015-04-03,0.11154228690780095,0.037013338637845485,0.16141851495761916,0.1178027163522638,0.10002652256075323,0.09465017847473173,0.1008271723634917,0.11194841361933495,0.07619379151057035,0.15170020665495254,0.08351125551171966,0.16226557924167578,0.1530589353402071,0.11408568997336693,0.15476964050879113,0.17242150979677087,0.10700416625225166,0.14478500149189405,0.14336383427819954,0.12869022754146914,0.12086330935251799,0.11147763816596493,0.09262175513045785,0.12732873608946943
2015-04-07,0.11007002371421268,0.06706561944899712,0.07927898408632399,0.09448111020139419,0.10971279792472088,0.10937656916539257,0.09443359060681368,0.08750401809944083,0.08956946280341657,0.13059544952914975,0.105545439990696,0.09167330997045446,0.10820045919952519,0.14370671348267794,0.11337374064440822,0.14010268376580212,0.048637410159993684,0.10722879400103899,0.1489626016646515,0.08655915174208435,0.07512461115779491,0.076905490847713,0.09762486291494957,0.06209153351395444
2015-04-08,0.25042194366773257,0.27335595303185767,0.31951544373224583,0.30058744725532627,0.3027252767533398,0.31243060273365986,0.3107016628268921,0.31596832652818857,0.30823091984411427,0.3285159877211686,0.3150781628369764,0.3085342717165386,0.3232029095257308,0.3212076388311516,0.2895145513583395,0.3087558456707136,0.2780333184236086,0.31858881150992263,0.2893203288024977,0.34061387036377827,0.2952188374329692,0.280939473565713,0.3066171873424476,0.31743618490541076
2015-04-09,0.01839146448621735,0.014656479607532493,0.0456389789973066,0.040050729929982196,0.02633828784966815,0.02088790086196973,0.01759109084959112,0.04162329697854157,-0.0015167591525985559,0.0004064030443483562,0.02894855023104358,0.03559963581203769,0.023099219670239098,0.03312115742260934,0.08033380857532603,0.013393066200459049,0.004816608208816616,0.04870344029432357,0.028808201661003497,-0.004847827477349154,-0.002242814353514586,-0.003813447465085221,-0.0079711357141664,-0.006022556059653172
2015-04-10,0.06140088878745212,0.024540831234090264,0.05616746208280591,0.02483423628625485,0.021186278540909032,0.02457977162811027,0.027306410467719002,0.023094357847889026,0.013378459120496169,0.05739516617204756,-0.006317808510342044,0.06443634658519168,0.05873860976573756,0.0019097018233974884,0.02831101854955441,0.0066074276908657924,0.04478091228419389,0.04154967083874266,0.01852156574456822,0.029904059252136485,0.0452663151124293,0.04132305937909849,0.023198469318011943,0.04158779997455391
2015-04-13,-0.0003903594852338333,-0.012922798585876728,-0.049843474943215726,-0.008125577495922904,0.013723584013775882,-0.04778091067202475,-0.03455203172212643,0.010187874214348119,0.007898692750564242,-0.014988841043022488,-0.009935571956242905,-0.004722306315542946,-0.04753770520795515,-0.016301990017338907,0.02456803271528221,0.00014822423222724034,-0.043307428428632236,-0.015129573797808637,-0.012965874581162986,-0.03405465113059135,-0.02914238235136367,-0.04466579382036093,-0.029512407826400258,-0.0026696414966848447
2015-04-14,0.10308179124418643,0.1056814060168644,0.0807457677336752,0.08350965213923926,0.13272959004477322,0.06297786131871304,0.07899592715175065,0.08304909584737066,0.0850733569141831,0.08390952979799521,0.10646284841357206,0.08442065161745772,0.07043586664804662,0.11134201183561754,0.0834700196986927,0.07334953434615904,0.06378909637762464,0.07855206528804046,0.09904666214219451,0.09060057907095884,0.11178042862621533,0.09991338261787129,0.08642687309064206,0.07066518814886427
2015-04-15,0.00795764958243915,0.032402398938620465,-0.0265624888960844,0.007153520810317972,-0.009005586262355054,-0.007690335531067798,-0.004702868678829703,0.0066161594350663605,0.05707400991304126,0.006493162172165432,0.05351638241544465,0.003007146414302243,0.04843249554887295,-0.006816781637220319,-0.04611905369733195,-0.0019723294424291026,-0.020645500568797097,0.025272930926380895,-0.03791322297108382,0.04194370661272178,-0.015793941865482716,0.053545901758540876,0.025250518091807842,-0.010884437784979452
2015-04-16,-0.02622581807964976,0.015608339627346356,-0.017349299978718622,0.008193168177365163,-0.01449853824772042,-0.03555691125834678,-0.00462011612351587,-0.010021203588249991,-0.02769338437770774,-0.0039386591360262594,-0.008842715670996133,0.031909223439201,-0.031245614134717072,-0.025245547611534743,-0.01657590038180581,-0.021035387358270558,-0.030826193584083585,-0.05909773472339957,-0.020034294593315585,-0.007186396604181108,-0.04154291597067615,-0.03111013399553759,-0.030019261976675257,-0.009435475082336303
2015-04-17,0.258956655788248,0.19185157245081477,0.21798382996867674,0.25423629674576753,0.25087000016399624,0.24749659707758662,0.23846750960744761,0.26261431906019206,0.25611186731609187,0.23284189120488055,0.2705123789844258,0.2395886973776998,0.2748293072251286,0.2524809901000924,0.29105783054813017,0.27481400090744595,0.3085638847434279,0.27230704473271344,0.2594169386271326,0.2383685651967135,0.239197292968387,0.2721862341538613,0.25427893577359767,0.2819543981063898
2015-04-20,0.11497032788515732,0.16421609256373704,0.13046944932533236,0.13347091911724077,0.08965288598614196,0.1104659129838986,0.07335532495662456,0.0805235995535369,0.1202245576810441,0.08817480577749781,0.13137950469117793,0.1315861596437136,0.14330802638994797,0.09991103891080683,0.15783520648918653,0.08104852523511145,0.12992186895644775,0.13230587865733512,0.17380399827603357,0.08026168926609864,0.13320403584966128,0.11431278939981654,0.12783321729713004,0.12771029181866037
2015-04-21,-0.06966087194516701,-0.10080864687120003,-0.06763053861846781,-0.06266706245745206,-0.08364482096324888,-0.08357566817934801,-0.05654105673034239,-0.04937532385609243,-0.07614540427473884,-0.06606911291908331,-0.04716488031492797,-0.09179692545088693,-0.07737992146573658,-0.0885687745066704,-0.09974972302408537,-0.06411330795699044,-0.051661424979508735,-0.07430506181690345,-0.07895038090628546,-0.1001703565970528,-0.08896654142231544,-0.0897058966757394,-0.07476267726776266,-0.06501103598520282
2015-04-22,0.07989810916243964,0.09412525279315717,0.053220833471471676,0.09649294389373293,0.12788239454519335,0.06992617887257015,0.08292775917514837,0.13393451137707346,0.08293604747538375,0.09789974472035275,0.099935903811513,0.07370398611985989,0.0936384532926654,0.04885510946081844,0.09232061355523875,0.0823492358187183,0.15560786393926335,0.11330769485793853,0.10695830432428251,0.09739526351269215,0.09188078108941419,0.06752754478444895,0.06105603996065821,0.10519621169423908
2015-04-23,0.06404116245790617,0.07731365250862225,0.10686485548605672,0.06604994862318075,0.06390364033630905,0.06279115593630749,0.06746824583443815,0.04763803749511258,0.06513117242558447,0.0918511320358192,0.049472646809881865,0.041169146724733124,0.05981142078411475,0.008403297266774665,0.04466499116206367,0.07099566149812757,0.06505893317883112,0.11476595621151273,0.08923981704206853,0.07222934730101531,0.07693158715912676,0.08368354875567303,-0.008872584817905675,0.06142315864501168
2015-04-24,0.058851701140390004,0.09602922317937726,0.07502044771738726,0.07715016744787605,0.0787833093115574,0.12276576748437025,0.07264939542447374,0.0713255445166272,0.11420086949286183,0.1258854323157144,0.08068079327244013,0.06941040207556706,0.10398624136841449,0.06252841075551273,0.09768697989421501,0.08257613681148317,0.07701478576651584,0.09728993164295303,0.0793184147714792,0.09246542081629805,0.06163585484836316,0.04630722384344313,0.07418140235622989,0.1072942633216511
2015-04-27,0.18672945919981698,0.22455978499086826,0.21534076643969532,0.20117079833217294,0.22348189718470043,0.2375180133678118,0.22204907912887106,0.18345336131604031,0.20853867882108873,0.227046130326505,0.23865667151930914,0.19737579504280242,0.22897270743813666,0.22882471069196783,0.22660423561714774,0.22681666988465732,0.22179604398409386,0.25057551743820305,0.24622336533626418,0.23591886268575718,0.2609766763707212,0.22740525163446518,0.22020894259464774,0.22464674945056393
2015-04-28,0.17478888790971817,0.1709766882487416,0.13480485415251908,0.1613533982696325,0.1907784580134469,0.17689715769775072,0.1521577755084056,0.17909147931386624,0.17167754410156186,0.1428947627613306,0.17390504232609494,0.14345669156640245,0.16052450144370087,0.14104516684205343,0.16180802148185391,0.19222993463171373,0.1699466582342787,0.18186898349982114,0.16296350054689565,0.16259803946979628,0.17626369183077856,0.1729009315369582,0.16899490428030087,0.1602974490298434
2015-04-29,0.10490899163842299,0.10217787897244135,0.15149782880835125,0.15879772983565568,0.09757669153327404,0.1157069563024445,0.15995994955609427,0.12198149131412556,0.16129582833377953,0.1317341321305715,0.14558875539475638,0.16441236042979956,0.13648176340159604,0.14228897411444774,0.1055367561707384,0.15376654183533592,0.1276541810557668,0.15498837585900843,0.12439716655821297,0.14192584524996638,0.14262592452403075,0.13706468761017462,0.11764390277230125,0.1689689667378528
2015-04-30,0.17911763491255023,0.22220980949224403,0.22014494303615845,0.23001076907274787,0.1979174498158033,0.23762589067220402,0.19766595967051082,0.23313348249787422,0.20427565014173454,0.21556464567421066,0.22238135224398037,0.23975693874547183,0.22189160827683185,0.23903370603290439,0.22620612026417583,0.22601392884787863,0.20227749475576864,0.25198994886543524,0.21851369853585081,0.2556998255982024,0.24625332628807955,0.21429554698312422,0.20152990720807817,0.2219625549704512
2015-05-04,0.11336893320928865,0.11334020708467367,0.0945302380934838,0.12831241712395358,0.08927771750428613,0.107202562780777,0.09486007556004507,0.09370641387684711,0.09225420568425775,0.08072066665134404,0.13376884190126648,0.1425103042149065,0.12378753953058352,0.09371616024055575,0.11513328152381039,0.11942809363700511,0.09004588485448133,0.116437755361237,0.09592371162056573,0.1595769565185249,0.12444618853068411,0.10013798799153632,0.09728179045838992,0.13576402514573
2015-05-05,0.1568014769803069,0.2560202196436466,0.2300182414363931,0.2685123165864712,0.23521579438846676,0.2692833960799959,0.2617246342641103,0.22549684245757487,0.2626048527247896,0.2584136625745019,0.2712273387531052,0.2745974485342183,0.23698663758343785,0.2669204105353233,0.21597814784083408,0.26484575491318,0.2556308727236114,0.292606647172483,0.28065339215354035,0.2862128803780848,0.27847365854906686,0.19534377632517416,0.27303320794218633,0.3026118985334921
2015-05-06,0.024355878313711946,-0.006487223493736547,0.016229215743078073,-0.00600580497882161,0.01707124929900015,-0.017181280488610437,0.03435845724986945,-0.025574941820046892,0.0004875741059420858,-0.01997874012749015,-0.016054037881763794,-0.070502548863531,0.008809420208728469,0.0010105428602902777,-0.008043305608807895,0.02554031662051918,-0.007642679226124289,-0.019100798957243034,-0.0086008995626838,-0.00516864459912936,0.0075562444687847395,0.0136925992739738,-0.025269470615324627,0.0275978229213437
2015-05-07,0.2359260764909032,0.2495196715992608,0.24065151793008016,0.22053453606727033,0.23136375819302646,0.25926858763829236,0.25303964328354567,0.23658626354390155,0.24309631318617198,0.23895616578543405,0.24232481254304103,0.2209623495887937,0.23652111688055202,0.22991668152130282,0.22048734320878097,0.24798128700567726,0.24234379227960742,0.22740981739698038,0.22545285266723006,0.23401835648305483,0.23011417337476384,0.2766612078550461,0.2357855238471413,0.2197635483899925
2015-05-08,0.06278379282496405,0.1333088320768997,0.07639468072308794,0.02266840002903894,0.08665576631487837,0.029822326972993744,0.03904126312776301,0.05757862948974,0.05068663586751091,0.044382469351015155,0.05919033161469965,0.04680129159524595,0.05687252629105687,0.05935226326127041,0.0610497536253224,0.11032316785003404,0.032145716146518274,0.028614692530386177,0.09651532233789932,0.05400648843356956,0.06735899636898339,0.04849522860028229,0.1196598724750366,0.03499094147262816
2015-05-11,0.06745253136154553,0.03760275360426187,0.07405825760671304,0.009349840595664401,0.02083439132677936,0.08294360702668348,0.06814452318485992,-0.0020472493453281737,0.018820228321409515,0.03165721525872787,0.0761593684356943,0.016361323351018482,0.05614828835904065,0.06578744206689875,0.055001038757229954,0.03688075324005505,0.09864910269341177,0.04456165729224032,0.033007599598887334,0.056501465801851586,0.04072235944079739,0.037564281115938236,0.06383227021029182,0.0742085567944307
2015-05-12,-0.015609039947092822,-0.025913755809499544,-0.041053175457812806,-0.05395580721663583,-0.0769510434303884,-0.025952228253419224,-0.05573477302348185,0.0012734378937414288,-0.008715803928523913,-0.03050787857942834,-0.029584796408315468,-0.0026815293412017394,-0.044986854607120416,-0.02482472916361312,-0.02097543290796934,-0.05123349708487922,-0.028475764091590812,-0.03568113987182806,-0.04352490173817255,-0.03639416249913948,-0.060964204084004305,-0.03347666883523036,-0.06174596414445222,-0.04717952742758274
2015-05-13,0.018873151603624124,0.07719771047013395,0.016774893903720133,0.060810640174186095,0.049505886581138595,0.016833016682633647,0.08525951757332138,0.05029244768093326,0.053956720865100886,0.047425141858287154,0.05067341838464148,0.009597365236055339,0.00642777020080664,0.006750871936862981,0.051494244004756336,0.04039964613633936,0.08521560822505919,0.05777861084274142,0.008369680163545893,0.03214418104052744,0.029529671234465878,0.023247588697835473,0.06791634025480929,0.011638769213353968
2015-05-14,0.20010987734213342,0.20051922430292465,0.19807288889438657,0.21463502589071054,0.24719555012156702,0.18825779522549005,0.15397934747121275,0.1863095499158596,0.20162620518185634,0.21181986784456733,0.21943484984074005,0.1478755636536001,0.19949688283317915,0.20734526441225914,0.22860976179651948,0.1968089403838733,0.22917761528724115,0.21529880404517654,0.21446728597068707,0.20791773459802734,0.2180206022581568,0.21359626950524405,0.21288273363749896,0.18813519632369918
2015-05-15,0.23976488720072,0.31277583940781417,0.27029815759313536,0.2829945770525489,0.2237824080646468,0.25705748129373807,0.28165291469158993,0.30529782224166613,0.2783170973207941,0.25507102077268523,0.2718216663723547,0.3177934155438189,0.2972765741673722,0.3005231354682743,0.27120713320147766,0.2981080919219562,0.2771034199566079,0.27291479674559255,0.28339776826482715,0.2586192060339176,0.28746507503601576,0.25860638188594437,0.30883087500829015,0.27917246799060835
2015-05-18,-0.04867083121532271,-0.02171535409508962,-0.019983029578421938,-1.7767430940181328e-06,0.006256166254479848,-0.007580347500407361,-0.019044655404338362,-0.023336759078602165,-0.002979851989110411,-0.06596336410851719,-0.056389003215737483,-0.011272927290661046,-0.013544620246584229,0.00951953567730715,0.005139102489226447,-0.04107322392485918,-0.013376844934420519,-0.011854683743730984,-0.029940405518183562,-0.02637879707600321,-0.038798485123631966,0.044896521242744195,-0.02207197181610326,0.029636074808222456
2015-05-19,-0.1975038376847388,-0.14969768326587382,-0.19309780858634318,-0.1321243687843618,-0.15431702855627955,-0.13958473324927861,-0.187141802782941,-0.22018896497162516,-0.22925632869591334,-0.19148510707153538,-0.18985374362984458,-0.17900675782251718,-0.17271535572207852,-0.21306296003002914,-0.19590642858223792,-0.23962613940057903,-0.18326763860071152,-0.1921302395161443,-0.16147232235534476,-0.17885979514831338,-0.20182951682016584,-0.19148899497296937,-0.1392552984011075,-0.14098048986407127
2015-05-20,-0.03171202943787061,-0.04418875606784643,-0.0034932319939821456,0.020232246491840203,-0.02460559692461809,0.09273828944791652,-0.058004520036847196,0.04907446116320898,0.008956776754815947,0.02108302764934275,-0.008852000750197408,0.07173541544210696,-0.018781098827873415,0.03715147571764214,0.030957642204617112,0.0454764531646083,0.010145984407236385,0.001283506056577123,0.025122142627387496,-0.015425647279964648,-0.041939215248686365,0.07495046714382687,-0.017167548356747886,0.05904180248257075
2015-05-21,-0.06539405568219711,-0.05262093357604781,-0.056140293334645305,-0.06137341401949369,-0.015305771028420552,-0.06620966375299976,-0.04476332606283243,-0.052392978773417295,-0.078516489824032,-0.07478940146831319,-0.031059251849057844,-0.04123357987437887,-0.03994566257222668,-0.057293733702871566,-0.036630204831329845,-0.045455390283768195,-0.04707294007029973,-0.02739502872667837,-0.04869540974465782,-0.026692578075886535,-0.07430725246131055,-0.02940835615614631,-0.050355051904816574,0.012451142780611267
2015-05-22,-0.017629370766595966,-0.0368280739712445,-0.045803390791357,0.014642585878199452,3.75465397123569e-05,-0.03680746572012418,0.0004276917869490277,-0.03403805553532553,-0.04362004539184296,-0.01732758692484777,-0.07279144830986532,-0.04280249066246712,-0.055508747849786454,0.042118748412968414,-0.011366438559688913,-0.012099866455724277,-0.029211490201023527,-0.02173859957902504,-0.05493284603765708,-0.01354244403414641,-0.03308866445974165,0.003926012990825168,-0.017075206424826368,-0.0012322604950709612
2015-05-25,-0.0012645294870933916,-0.007343095921738877,-0.03400182390505338,-0.046354444990105256,-0.051152563611516814,0.0043694415012603405,0.006793774035450737,-0.01042538654652902,-0.0066357078495640626,-0.016682405795276245,-0.011190304007913472,-0.033789021018753654,-0.034336946560643504,0.005230147578243163,-0.033988418998829775,-0.035428050073469004,-0.032660495476053916,-0.04964395312360195,-0.029884283543369423,-0.012526884865958739,-0.009479223582246244,-0.0342093206826396,-0.019916339421720917,-0.04748352907056431
2015-05-26,0.18338579255058124,0.10898023036322382,0.16488920751646952,0.18581756275027353,0.10753821942985625,0.17126194729913186,0.1698453437627892,0.09371800697037916,0.1452639694456304,0.1943561419771011,0.18919251198841158,0.1711956057624558,0.15269760920628714,0.16231007441403292,0.12918024021564797,0.17354607229166846,0.19397023184673437,0.13914276289351432,0.13620397397097,0.1867977236666111,0.17084780672762637,0.12603311063749967,0.18696738861785497,0.18371637101631608
2015-05-27,-0.012163070184939007,-0.031984707978583396,-0.05411082234997021,-0.003413764560118264,0.0020678931618974203,-0.027308974944560853,-0.0003313309358215436,-0.022914916013601072,-0.0169455368709833,-0.009487023513794638,-0.07390820249542784,-0.025279608635665935,-0.000456043785911134,-0.017048560529752965,-0.014387068447520652,-0.045809855140460105,0.006355218440835447,-0.003911474424091367,-0.01549036336387387,0.012711863802152468,-0.0440421860478859,-0.000423224614834926,-0.006341234620116019,-0.0601036029884858
2015-05-28,0.11596257756841699,0.12196183378665132,0.11142696719339056,0.14194010369192853,0.18717836907617932,0.09196846948671766,0.13606335270568848,0.15132692125392855,0.16064548590096037,0.19471069076908495,0.15714825320664735,0.1395489182350496,0.09324077382471545,0.14980493958596147,0.1334878260425706,0.13790151454385033,0.16026688639827327,0.12640469020031064,0.14295514704273832,0.11181723386102949,0.13094438408307021,0.14198268884400272,0.19306328707788564,0.13196759444934628
2015-05-29,0.07603445890690752,0.07192494041212683,0.06573008074349924,0.06916477729505528,0.03840310989341228,0.04309685858700869,0.04480598436369227,0.06938173586765252,0.09653646699986641,0.022097461426021033,0.08017455932814475,0.130311896701178,0.06173654276226122,0.08671274439755786,0.022568019181215315,0.09829261970119539,0.0940076878923999,0.02104065391082996,0.08022851046255391,0.053210820981914084,0.0729084667073183,0.009223912931524421,0.11031420188601163,0.059341343201486894
2015-06-01,0.15739609508455557,0.14887736886955824,0.14802920624607507,0.16710144989593342,0.11814460145358337,0.12215568007843386,0.17352516876941337,0.10927799157841576,0.11310242876458593,0.1451762177713237,0.1786800683212223,0.1416574273448273,0.12122389980734623,0.11716687428398267,0.08696435119991616,0.12406005059879158,0.13306079117148176,0.1292272216825015,0.14474072108106956,0.08817067132423087,0.11946707305426336,0.13184904874237358,0.13382248230273228,0.10794353383029759
2015-06-02,0.1435165364854966,0.14610144887467222,0.12997758309016,0.14676052333863662,0.17570059475884997,0.09077382323790437,0.12175646695872601,0.12306903050984157,0.16063795056885663,0.1530636210723979,0.1720561363881993,0.11102472394973273,0.1132052550576285,0.11059185724670524,0.12018139069738736,0.13651861787616604,0.17775322073772215,0.13057465987149722,0.1750426373702482,0.1391951304450791,0.14197832371112543,0.14963196555833239,0.17178021877362437,0.1077014247458444
2015-06-03,0.1644082635743288,0.160895616172577,0.2471110304335101,0.15785940194520814,0.2103943978609295,0.20945772912301608,0.20328197108180607,0.16212942728888638,0.17864428789868092,0.2131189477139659,0.1989102917665713,0.18474911157512347,0.20406113201763745,0.1899016274411054,0.16046107337108823,0.1922424614784312,0.17637773945595409,0.1618406629850693,0.1747574198324079,0.18186202707525778,0.21267211706976147,0.22960253017866603,0.16773491772043053,0.15567830986318543
2015-06-04,0.05511278161108748,0.10075827895825426,0.07933259258243137,0.09174428547259449,0.0730365147517646,0.035125310360910295,0.05752464216091974,0.0915510195994153,0.08285405530635231,0.04794121547163426,0.09874331457069216,0.042938250943847726,0.09257831611773365,0.0842849672202444,0.07656041616178243,0.09348002030206175,0.13137171520414087,0.05816052956068593,0.07858818365135323,0.033977298880795495,0.06826461573165916,0.0804111015087846,0.1003174864462399,0.06120461948113905
2015-06-05,-0.09565355243233788,-0.09474883972645423,-0.15872214113518213,-0.1334771033887094,-0.12735949620348655,-0.11950243534447413,-0.09318486205181188,-0.09862407137117273,-0.10604872875565104,-0.10580164105591726,-0.12200283166877128,-0.1252341046624137,-0.11441855125703133,-0.14996036757028605,-0.14835703079303125,-0.11536371637393336,-0.09411964073885781,-0.12049625268543876,-0.10887110440548621,-0.11828940966812622,-0.096975362295073,-0.14057431490562017,-0.10991084069949872,-0.1334645303420415
2015-06-17,0.1603088268676219,0.20057756757706202,0.20969685423696208,0.20643168823650754,0.21060375368359768,0.20641176356433943,0.19674497443639785,0.14982153787788127,0.20855489345093342,0.1760073710862816,0.19871019656458042,0.209839531003431,0.2031987748384348,0.17966066162387373,0.20110672891783551,0.19993224220228611,0.18196344276851042,0.20351856759086506,0.19382857386508945,0.15683811885876772,0.21538069208891697,0.19566779218227165,0.21192365043700423,0.19854948020694874
2015-06-18,0.06183387695618825,-0.029741980035743975,0.03376115929590199,0.002746965348425136,-0.005479215288828125,0.011296349856419368,0.03902339442502994,0.026951938674744914,0.02491693152171856,0.016795631610732237,0.02446102142590514,0.023837623231512367,0.06596810395179215,-0.0026859632933515084,0.0030257554422265373,0.013521854655114242,-0.032701649918307416,-0.01224509234453815,0.055170740203760116,0.03955421410491154,0.016575703149019426,0.023304657908237516,0.017368194759230317,0.010257709602928928
2015-06-19,0.06262537324654142,0.078262651982538,0.12781810934577112,0.040306569193057834,0.04877178161569881,0.03569321230798708,0.04483285099506923,0.05619317471967782,0.11454591966703295,0.04075816977911107,0.07472286056251595,0.0315211800674905,0.027076024119261126,0.07654224304333401,0.07868937397343141,0.029076587673525684,0.06857892923609112,0.04032766191504117,0.1234794986855088,0.13053312125234265,0.08978901328788713,0.0605382754482427,0.09443157548031941,0.06364323229199313
2015-06-23,-0.07488097628080827,-0.11259984811211,-0.1238232070867179,-0.071504839461989,-0.06789719455658133,-0.12500917354209812,-0.09310506326225047,-0.050625105999681494,-0.041816045642352646,-0.10722814985269816,-0.03239664578401802,-0.12861982504603292,-0.04356069276949994,-0.11657757796349251,-0.06535935207255147,-0.0709784113926038,-0.0983302581752498,-0.0691924918674933,-0.09515419682205359,-0.15062785293742767,-0.015628572471119376,-0.07028498044139393,-0.07234012719825128,-0.11272475861455497
2015-06-24,0.08205392440728759,0.09287022417217321,0.04707007871199521,0.04370800832943997,0.03645358979667446,0.043465556587218304,0.0310633436223664,0.032458192822543586,0.05108597611528801,0.11107323857268261,0.07502829066396913,0.08873159753296436,0.0368174040795347,-0.04462150745289522,0.050033074073531685,0.04011195971538334,0.01678137797289397,-0.011173280571358551,0.037457290808442165,0.02174384852535659,0.016172105218201647,0.02153173741829457,0.11353356341116874,-0.0016099670368496188
2015-06-25,-0.2986984153944192,-0.23886614057426422,-0.31854317279272554,-0.3173262836697116,-0.30653626302584946,-0.3141369524881946,-0.2906977750403101,-0.27369242559570295,-0.3060170570000302,-0.29297200560132064,-0.19180822692789948,-0.319751949321586,-0.2855127456970502,-0.3273269489024453,-0.2792070966813971,-0.2797830908662904,-0.25060236011622095,-0.34463733188722134,-0.25967142912033625,-0.23045365085696626,-0.29922573401439184,-0.2897353509539087,-0.24153166859327502,-0.2587357765946411
2015-06-26,0.08249143811794457,-0.03682226430370807,-0.03212027917425919,0.05017624613358409,0.0670493002594061,-0.023232555143003146,0.07193878737695072,0.02576476895225859,0.06183219210579416,0.09066683865820611,0.029997301692602042,0.09377923850084557,0.0024189162906851254,0.06200285184409403,0.11815589881248446,0.0220967261155224,0.027943106381092896,0.13896382998124732,0.03906852316684902,-0.018166415219425712,0.05501322256242107,0.012557474589750692,-0.009257577342323593,0.024210852104360938
2015-06-29,-0.07041139116328193,-0.02889371283139723,-0.07772949554508371,0.010217321416264344,-0.12519714690103678,-0.026635183093161485,-0.06422426395517596,-0.042304767669521084,-0.053874238934125206,-0.05907422255307813,-0.09975230087360454,-0.05433370732919212,-0.020712606942339357,-0.02811632655303557,-0.1061363431081678,0.010731583557823708,-0.022952015946122,-0.08353192499135728,-0.07668327744799347,-0.08205506229292792,-0.08004568429265688,-0.02725047120481631,-0.08063670333424311,-0.028634584071943345
2015-06-30,0.27155672517249035,0.21024620368760435,0.19818420939920053,0.1916774605189295,0.3371790172429148,0.309979808681413,0.2623400090048347,0.290495337186308,0.3237832447399279,0.2366121975651961,0.20307703759325524,0.3039641025269089,0.24447840198237294,0.22747626398462314,0.22311256173596006,0.16286029214185727,0.15896714846295082,0.3561115705627013,0.24044475430379053,0.24084318556365192,0.30554546574531805,0.2610437369913971,0.19476912553027984,0.2592959480180152
2015-07-01,-0.19021165444937718,-0.16759428756372322,-0.19434049759329658,-0.15716852365327927,-0.21190216225344136,-0.12257453319759475,-0.20467484364968616,-0.12338697251346488,-0.24138029163772293,-0.1699614201911242,-0.2330559587853155,-0.29566568785671526,-0.3258804682068928,-0.164532969038116,-0.16979155992036515,-0.16085679171991735,-0.14017689354760887,-0.09893299145022862,-0.21918728053266318,-0.09402591696163362,-0.15297067477436402,-0.16103254991674443,-0.2881343311641535,0.016841527887239204
2015-07-02,-0.26062089871998223,-0.17141008966897925,-0.28268369520138464,-0.13526997554759715,-0.3288297399034226,-0.14601639681830744,-0.21836821696506026,-0.19901053344894973,-0.2716888772577124,-0.1631947646278911,-0.21420172113346128,-0.22573457427926788,-0.2064320660445093,-0.26153662548894063,-0.24210917147443617,-0.1859705720655498,-0.24799673337947817,-0.20723628608057024,-0.2698537656900927,-0.15051120218591904,-0.2921799848435613,-0.21259157839256973,-0.2694647951983514,-0.2412300616362979
2015-07-03,-0.08631274334892258,-0.03034476940154917,-0.07504559241816666,-0.09159046136612523,-0.14477631961979578,-0.03429657894770516,-0.05505477585577226,-0.10044639053086923,-0.1040178522468393,-0.056880834567395996,-0.07921537858008897,-0.08989804139961384,-0.08216116798939659,-0.06417055813601254,-0.04063461530362257,-0.07981540304678034,-0.0524991035912876,-0.03846838524080373,-0.06710318615375607,-0.09040763873821633,-0.12182420261832601,-0.10309756725208824,-0.09124286564020163,-0.132299657888611
2015-07-06,-0.23160640257452952,-0.15662963014114187,-0.21539987495049392,-0.24413447088745038,-0.18453216445962212,-0.21749625389211452,-0.17973816705515677,-0.15681024690159107,-0.1775762762716105,-0.18282763204914557,-0.19596857282718388,-0.20480348758407219,-0.22073694715671674,-0.2580713499318751,-0.188437829991053,-0.16787256428395128,-0.2042671476445688,-0.20532329649804296,-0.16243385688371295,-0.25704152826721216,-0.19157438133652643,-0.2741829772241492,-0.16186200585232466,-0.25043217935518103
2015-07-07,-0.07856098624824692,-0.06987804654355213,-0.07769646072237738,-0.014631909797665401,-0.035474364078179894,-0.024275442388312373,-0.07807921646801876,-0.11334742445926053,-0.08447448862733571,-0.021493434612387192,-0.007438614076007352,-0.013881915431205934,-0.029529827449444504,-0.0015406288217418625,-0.09167369563464073,-0.06239288109307488,-0.08816460869245746,-0.03813370370861105,-0.05485155842895141,-0.035595545433942805,0.03458619340972247,-0.020040736164644028,-0.06372735382787863,0.01574175367788424
2015-07-08,0.17346540255241852,0.09228583205093976,0.2859582612354569,0.17945835064768398,0.2544075555537118,0.20727918019282035,0.12082972757927872,0.27643645665853267,0.22140724030134795,0.04010849478963835,0.23375151576416273,0.16230964913735996,0.2013988984050541,0.149715098944872,0.18445976944922415,0.13534380365885645,0.10127330425349916,0.17767944758311763,0.12605721622384547,0.03628686203740842,0.266761872844329,0.13895235766896366,0.2703539781039325,0.16652590170914508
2015-07-09,0.3095860028649945,0.34309393935304583,0.3540808397083744,0.29613632148809177,0.4015480024345508,0.42044376489561897,0.25482530658488806,0.3869338569341147,0.3792097074187971,0.373391511995653,0.33762284459250846,0.42208224022824337,0.3273084959411686,0.33658620600684375,0.33160955225038485,0.3402481892122921,0.30422007302446286,0.3936820442561586,0.380890967279175,0.35785429490291937,0.36787948478122123,0.2947332824728353,0.35792786064439214,0.31707893046537067
2015-07-10,-0.3398607168904257,-0.2888239681013859,-0.31613233315438827,-0.2589221736943326,-0.30462101669172553,-0.3207077153861837,-0.26870266109436225,-0.3694247749965015,-0.34623152564843046,-0.37125964243119003,-0.3329098969682486,-0.31594393536748555,-0.37105261654850363,-0.37457094503612337,-0.3262741993434878,-0.37760843616690504,-0.31228774820413296,-0.2729784635804046,-0.31350746511214816,-0.3252597455739839,-0.2657712762033186,-0.41077478924850847,-0.3533017347299482,-0.33746234955828214
2015-07-13,0.024683042122089417,0.12609613148850116,0.1440234829506385,0.13823701209184086,0.18929706778803518,0.15626943443425775,0.15785034386730443,0.2248582381469613,0.16358954798552136,0.09806888193895184,0.1463545216480716,0.1696240487907763,0.11347805467662632,0.15944968099638607,0.191026574671267,0.23036142722171118,0.26088490113558377,0.2821797209663449,0.18865419739761022,0.15524380410154226,0.20978402771767432,0.20093438986334178,0.0765893041102586,0.14512416457279212
2015-07-14,0.03000934015365525,-0.0699337176815826,-0.10634529619486803,0.006826914936327416,-0.031227047532893924,-0.15796073103164318,-0.01699593894489432,-0.02294687309681249,-0.09893122474323125,-0.0735636225532756,-0.010067292802895063,-0.035108872872870116,-0.07142863238928493,-0.057389040850384966,-0.06430094958230256,-0.09980686429721847,-0.027499178554515582,-0.020878793754664702,-0.009861782112242543,-0.071087581692223,-0.051226782754046365,-0.03379695574436207,-0.017243097981493035,-0.17557648404264434
2015-07-15,0.17905963429304092,0.1340298729085252,0.18459243660612443,0.20399467538601465,0.20726709457954523,0.15118389832139492,0.15254959132295273,0.10450995876107748,0.13671883964066117,0.07233684977828175,0.05185710139645386,0.1451880049405714,0.1271684181397264,0.12252887062047368,0.16916397857128274,0.12440655773111682,0.03538617372084704,0.23605646427079466,0.14961967049358468,0.11665822989855631,0.14843312342654277,0.04289995342904004,0.13918237592888819,0.07464447459182916
2015-07-16,-0.26321725302646215,-0.32728689175506487,-0.4025260148211987,-0.3464574991717057,-0.3902957360030536,-0.3197199084268637,-0.3976306423210522,-0.37471969900135504,-0.41268557585517573,-0.34536344276762954,-0.34713219446232674,-0.4031244033462299,-0.3551267955956595,-0.345849114410811,-0.35363979195852474,-0.33122908187991634,-0.34691273098693376,-0.41004092684263993,-0.3275242905813443,-0.35796748744470996,-0.41496303932047174,-0.4038157295985821,-0.36912745659494606,-0.39360177449338907
2015-07-17,0.13534165129343534,0.08207218372427409,-0.02514865925767291,0.0691889393219584,0.10397962884163363,0.04516022286565214,0.056437677082924825,0.121475873008908,0.12499029660316534,0.11209780707346997,0.1482370100005934,0.030064516643689646,0.18870739570634348,0.07188789038060653,0.08070262968209979,0.11389933172252188,0.07580558134833824,0.15245087530074705,0.10652522684600092,0.0839585486556705,-0.007045424658298955,0.00470576983625117,0.14792299446718052,0.12701912386675876
2015-07-20,-0.06015995945919868,-0.023376647396020838,-0.12565972922213137,-0.05957797687217997,-0.039440097283298,-0.06652744105909783,-0.035327753006621526,0.026056560531574798,-0.09841174920290899,-0.0111228416820024,-0.04158396614202561,-0.09501361688103796,-0.11865229385537818,-0.08242813569728683,-0.14050987397273584,-0.06316568206940938,-0.07881885309961013,-0.0074235504996027,-0.04416215724689946,-0.09692292351020049,-0.05663112046823521,-0.07452649165348765,-0.04028747262372104,-0.15521333113467783
2015-07-21,0.024152035445345426,-0.09676773810243715,-0.16794678833394555,-0.028095186737046977,-0.05934676477684257,-0.06918936913943294,-0.09171863417967178,0.015462763871632187,-0.07602769744278066,0.0684543532701972,-1.371530884070105e-05,0.018892837928065696,-0.031722885925412406,-0.118347529717022,-0.04456727265472894,-0.16966834512953796,-0.07639801078147959,-0.05471348408120211,-0.011406772993559413,-0.026886369289677917,0.01678442090537247,-0.10407862113765991,-0.0019301180077641114,-0.02571807434570184
2015-07-22,0.0010203018490584027,0.036173553652779966,0.008404081453996464,0.049521321226171804,-0.0005425169952697249,0.028733056361972802,0.03728078152039863,-0.01598945544240407,0.02986186161008515,-0.01559613062083352,0.051929356889266746,0.03842068370705059,0.0021805484230329733,0.02082032268664676,0.033307461026633435,0.030195386262858923,0.0030806334379122895,0.02841432762725184,0.036356653138683505,0.036659352962180584,0.010140135838859584,0.03950571769759004,-0.012429804157532037,0.06190242215344668
2015-07-23,0.08955747749847907,0.09851306939047993,0.13421137411222447,0.11048388719168106,0.09069025233090271,0.11957258168507016,0.10861265787989266,0.11670448558349342,0.12110902834137617,0.12369471002408232,0.1297610091473064,0.10712483887186898,0.08819340962102012,0.11594701644678745,0.10934051402565743,0.12081695073598792,0.10416229291497456,0.1144470405266932,0.11708041471059934,0.11009114257543527,0.11386226188452843,0.1069720981817513,0.10238177287017441,0.0798889918140311
2015-07-24,0.12311265530463808,0.04800218389479423,0.08898299474770029,0.08346273414297974,0.11972648357006133,0.18782756057569286,0.13767615690000637,0.13554143757524803,0.14391198349220496,0.1397207212148886,0.07007566085830223,0.07465465272354725,0.059513654701280366,0.17212230567343223,0.1404734840246232,0.09441625261561734,0.10341536178324882,0.21470321033798526,0.20356055548099222,0.17480047687590516,0.10852645734314713,0.0750915577714083,0.08226550083000984,0.13193775899866256
2015-07-27,0.4614376587199825,0.4466858951322224,0.5056253080104989,0.5415915570975884,0.5095731386674239,0.3696769729029518,0.545474013280028,0.41453063519725014,0.48280644158805874,0.46730438756277654,0.4633693370919496,0.43023623706453573,0.5211002431043044,0.47764418153994703,0.510437827356118,0.46044336966193705,0.5172680575459754,0.49620942797467277,0.4802784584354601,0.41482347348693455,0.575004886083595,0.489877625042646,0.5104615174571782,0.5279900925489834
2015-07-28,0.20851566208609987,0.1275197741157903,0.19334184098096874,0.21558998927142567,0.2560234761755041,0.15329363097770132,0.23295542115938273,0.23431232930761312,0.19252560000493196,0.20744789065823302,0.18554562996664753,0.15803633628635017,0.16446269273212624,0.18981397070009082,0.20342032094792456,0.13738617938806585,0.12402300763838799,0.1095655551240082,0.20725184486489484,0.22952646926458165,0.1657049325861399,0.22085606663090987,0.20454357703428336,0.1785114082622821
2015-07-29,0.25858963858884904,0.26045302278137683,0.2134646076634338,0.20158117937457742,0.25638101199836744,0.2837514235705751,0.27119437688771614,0.2864436103044816,0.31860324792602446,0.2331702422830733,0.19971902819061382,0.21112096663518098,0.2516252979665531,0.2840885639470107,0.20030594026713536,0.2470061396332151,0.29897221032451426,0.20418470842749567,0.24915404055191379,0.22528145348982762,0.27806624186770307,0.2577897242828756,0.28145115862835607,0.2583285490253965
2015-07-30,0.048133883878385055,0.10479089839495143,0.1494713293113202,0.17626044876809446,0.11353846139459603,0.16639511385736014,0.06380986090336908,0.033436681318671446,0.08484665425119414,0.022638679327769244,0.10935248614169264,0.07965696760396887,0.09678209191845678,0.10853455486880423,0.08530019464831785,0.17069172079928674,0.10067974962072485,0.0026897595098148187,0.09413503689964262,0.07427526660304723,0.10178101105843829,0.050991655947684185,0.15171160067498216,0.08481953534085067
2015-07-31,0.35528055138274045,0.34605700473361295,0.35848262885580395,0.42282143752726253,0.3583921586613987,0.44128744445501,0.4834594793613747,0.4141066675114806,0.3904630545101883,0.46246408971617675,0.4124573990197432,0.4257328755604594,0.3665937388636201,0.46964275779001763,0.3542614219802582,0.37485395131726806,0.4327945943586056,0.4494742089807958,0.44335186711410557,0.4443508219784626,0.45193739399502286,0.3471322445702559,0.402624203046644,0.3510101690705145
2015-08-03,0.14392515498537445,0.15276916813602115,0.15169298261790354,0.15016602226355036,0.10709023109460714,0.15307115575358315,0.16411734583146173,0.1481665363990454,0.1459659356076045,0.14882725252264659,0.132064733157848,0.12524132609130617,0.14675085123153916,0.14910276105891923,0.16180231758159183,0.12656559538293244,0.1872628999227874,0.15965246836262229,0.1610025862812215,0.18133978162008385,0.15465927017662842,0.16029332517525646,0.16919470966869676,0.17332040271530583
2015-08-04,0.1014225427033233,0.1277503289726453,0.13720516562251237,0.13198274925590703,0.07886459668335821,0.12760195424478898,0.11910095513114087,0.07916041100423135,0.10014857734040603,0.12016794398293089,0.15225335545862548,0.09927983707457524,0.13793457079726804,0.12343031772609021,0.12326479885951105,0.1136207532604659,0.13522361489775947,0.09059087585820161,0.10464470564838715,0.09907474627450016,0.13061121815807586,0.14840652244082217,0.089587787887106,0.13271683010485985
2015-08-05,0.29656881596915313,0.39588616014293654,0.25421048848853645,0.4284919913400809,0.3607641861655648,0.13637670396013513,0.39534964360423114,0.33005476125329253,0.23974219466156588,0.3493517039286124,0.39522229185238794,0.3427666096315751,0.3413896976215484,0.21453222188457896,0.31560159832753104,0.23128023816038504,0.3413455658263552,0.39199247489846534,0.35375353527202213,0.23278134965116964,0.4168607414898137,0.30005838006049834,0.3824978343897644,0.4092694422623724
2015-08-06,0.45163732888103353,0.4385830469121953,0.4429866496227067,0.40233093543947973,0.4616615252170169,0.46257850765347713,0.42301391126270954,0.4531654155443523,0.45930384989140993,0.4787978790704954,0.3737336055149384,0.4446530010630734,0.42844667349294646,0.39655251126662266,0.4611834682284499,0.39786015691747806,0.44237424101115896,0.43688995558570126,0.4248543980590755,0.4740766586881802,0.4394635065773597,0.4073984699567596,0.45258235558831006,0.43585753510425285
2015-08-07,0.06848221117070673,0.027968311655225533,0.036794503953119936,0.07269223412404031,0.09698514409601712,0.02055024228515745,-0.028497194593252215,0.05442202244332341,0.03701957408828982,0.06769095893913214,0.05326479214492867,0.09473986228015097,0.03029010456520043,0.0274241264983771,0.07024770466726599,0.13400471818430695,0.018459257842410596,0.05080846722781257,0.07194083142064737,0.030179482274968205,0.04150918133134577,0.08251338944157384,-0.004041698546294346,0.08276810762571087
2015-08-10,0.12500862742441865,0.10690131772863247,0.12534782666236857,0.10362664237880032,0.1525650587488093,0.13746814228982848,0.09037332478548145,0.07727366699732406,0.09893906193254529,0.14005581166430156,0.10721533206075713,0.13581613998620407,0.09005516610176527,0.053918333001602425,0.17579478701168105,0.129637230559564,0.12177157003518622,0.13592389312758288,0.16025283095102913,0.10241011578855895,0.1565879489590441,0.1172886567982957,0.13568766508686775,0.07703138182735983
2015-08-11,0.19888394782305355,0.2337025832989508,0.2021555299233381,0.23045421534188298,0.09608333877417936,0.2018618065279149,0.21438390228142346,0.16205599928428324,0.19507263689297927,0.22893788040371027,0.1529973247312533,0.08799417711910507,0.1885233467379502,0.20264463902416907,0.1484083400034175,0.14165786060717647,0.16722179098732445,0.19647064418447763,0.14954486576507148,0.18273722154117217,0.11750451184610262,0.1289958351570558,0.1649751777937911,0.10196103086920129
2015-08-12,0.08332204859099665,-0.01864111026497745,0.04212369887053365,0.03245170451380207,0.050950304561242506,-0.015819278989221905,0.03294629879819523,0.038269474570901366,0.038026368905691166,0.08478326195271102,0.10078761077194705,0.06072482889348715,0.03879824551379889,0.0775939116571446,0.10086370220031524,0.0922860057583362,0.0752686091936221,-0.027294253292711377,0.13346178598733405,0.05958152294012458,0.0969114618234629,0.037541447260497345,0.07994307329735884,0.07862759436624794
2015-08-13,-0.16482074493409593,-0.06416268285842859,-0.07906723450880132,-0.11533108544371905,-0.16227328163622012,-0.07556822258020335,-0.17841112901016767,-0.1299356286155913,-0.10873155110905305,-0.08949383352138211,-0.11495216169152606,-0.21289384265207492,-0.11974968857815543,-0.14342883603232262,-0.098592568920426,-0.1299832386567446,-0.16505683856282893,-0.11093726561837616,-0.13328398411259446,-0.11520912547528515,-0.16185326976631947,-0.14343796672514655,-0.07347794611586848,-0.13166850367510383
2015-08-14,-0.074941649023686,-0.17569550369398126,-0.25157174663318976,-0.20205326957111014,-0.13085749643982006,-0.17816340556162752,-0.1554527081950372,-0.1570900410805356,-0.14310308985074133,-0.23534809628735617,-0.17909082534381385,-0.0809790083230521,-0.13345518490145725,-0.16993695730381675,-0.21613674550397302,-0.14999645369590173,-0.12871569154200022,-0.13985646841914962,-0.08106444572914663,-0.10626848052702967,-0.11536462940336747,-0.1669753446238533,-0.1625234687917832,-0.1440119221056475
2015-08-17,-0.030672009143803042,0.03199037902732167,-0.036623535111000485,-0.04948352561577526,-0.0342814859953538,-0.01671837455859414,-0.04269371114352806,-0.007953100982331623,-0.07862920484307617,-0.04941098141822287,-0.007188968768113195,-0.012234498312545335,-0.013564797686328135,-0.005003937537835439,-0.01412032503025149,0.010194877896028133,0.0008963238630916574,-0.04123895816861095,-0.04311543474529924,-0.020503569577549556,-0.05619080091214063,-0.042933268204778816,-0.0001367055100542672,-0.05377749727356471
2015-08-18,-0.06694934287425393,-0.023726693837630285,-0.020951261220018846,-0.047958041376184556,-0.10564126645444566,-0.03578004303424119,0.00013261903953529946,-0.007755982242438221,-0.08330962289808093,-0.013012924458633146,-0.10081055418021875,-0.04985200703454804,-0.06566523352029195,-0.1175218658102124,-0.07557181201442519,0.03528559079789684,-0.06098531164438282,-0.010270326102619097,-0.024314553234031946,-0.0295676699010095,-0.04999929067941658,-0.09153136575773327,-0.08195410329206147,-0.09568049267973308
2015-08-19,0.0879590809994969,0.05744572734872567,0.12686945436709332,0.11824042749839549,0.17624284592077208,0.1629150437724363,0.15779890780111439,0.2066042601052354,0.12195569419944294,0.1716834010231011,0.17125027897599104,0.1635215407292338,0.18224224825017432,0.1788812968191063,0.09383113157705601,0.06613653873069392,0.1461109170713132,0.1404790695504483,0.12307979406843453,0.20662947827391723,0.12211709047900648,0.16345534303644402,0.15879943864356513,0.102239499469788
2015-08-20,-0.07652658819007092,-0.05456934501015413,-0.0606568544384685,-0.10068428445535482,-0.015042209021245218,-0.01368946630071366,-0.05481587141599326,-0.07055919901343567,-0.0884739765896759,-0.024229258278232076,-0.006620274325603051,-0.017988231096138577,-0.06902361062105412,-0.034718925321570934,-0.0913664059676477,-0.10188759812682276,-0.029117857990952387,-0.06513088931759954,-0.005078065658895902,-0.05418915211316951,-0.06123533075371968,-0.06935998360702644,-0.05271692920361872,-0.02467092515109731
2015-08-21,-0.15210608983662424,-0.11769533087183494,-0.05649691336105866,-0.11956307524363259,-0.06641390489735112,-0.10982196680544191,-0.12046874988515552,-0.08441033981385954,-0.061575206282442625,-0.11496154083979947,-0.020580549334613327,-0.04838576679581465,-0.09086225665442212,-0.09179260935063513,-0.08740446176910625,-0.05404600467659465,-0.05472701347806291,-0.09548330141491015,-0.06623709867315615,-0.052318790769200235,-0.06806277535712811,-0.06749181318830536,-0.10118681178342258,-0.008671740907043755
2015-08-24,0.019560097474313913,0.18970605897843068,0.09127102855879063,0.001303173280283826,0.050783214762349274,-0.01250284831132305,0.07243143784366768,0.16971919130706475,0.06675844258142628,0.0818182483278267,0.17189571931203002,0.1834572287860241,0.15630549917786493,-0.17255873729673582,0.13715388174930082,0.17568635316941703,0.22493654841678443,0.09950727849061228,0.20210525738206686,0.004995345917873913,-0.005663546213961031,0.12698000444146057,0.03202392107921796,0.16574108339882992
2015-08-25,0.3260247361829173,0.28979797502785104,0.3330389214396027,0.3261313415379973,0.3563318281820919,0.288891607707727,0.30343001171412054,0.3374464713315756,0.3711985995422827,0.27631235244353813,0.2906267709113261,0.2763229506367332,0.3541012202260906,0.3118923572688331,0.24802577480585042,0.2940406817943465,0.3215554157702361,0.31497082068044135,0.31296215135840777,0.2884208780730624,0.303823391708597,0.25612750999932204,0.26738056927259607,0.30425079568286023
2015-08-26,0.015590930783366272,-0.08070645304423918,-0.1226926244409938,-0.1000401174165028,0.052981484581601894,-0.18862728925765238,0.033405312986986464,-0.10678744907847268,0.012334157189895834,-0.2078752326557387,-0.16279472819221635,-0.14042778818461,-0.22377413552087647,-0.047475704338352624,-0.15342404691981465,-0.09937587328309282,-0.11545680083781415,-0.12468102051681726,-0.13346412795507998,-0.07238124331317655,-0.11797512720282637,-0.25830009047598945,-0.163194967213466,-0.18436368385839044
2015-08-27,-0.010535920151411467,-0.08607704969575912,-0.026072857521561955,-0.002408650674755097,0.011128989501069619,0.00010511263543270378,-0.013135068153655515,0.06928554254748562,-0.0014031453636402867,-0.012059898771323062,0.043238577866553225,0.07134340688133065,-0.0020785172770776596,0.06479221993998795,0.012839149975031904,0.020602070194257954,0.1176330244687344,0.06714198524108084,0.04385014210237536,0.017091740800335372,-0.10840839174634881,0.028089416609640764,0.13528947579327646,-0.009120447675022991
2015-08-28,0.10740766980161645,0.04625305430909662,0.08755771343996369,0.11400301775544414,0.08684261697580137,0.05443626612327128,-0.003984884090766307,0.047564767932861504,0.11952662543520054,0.07766182750567681,0.09838816895220304,0.11459782607070228,0.16989841831655086,0.08216434255300582,0.10100375787424028,0.07002036457265717,0.11233074115902403,0.08222252704608479,0.11883745573997495,0.09045909976841997,0.04502695931763448,0.07868352308621902,0.08817965442038818,0.08269704721243872
2015-08-31,-0.22665933479219302,-0.1393622260230853,-0.19550096442216786,-0.2133528206959194,-0.16831965540422117,-0.14836178256559354,-0.2010885065006566,-0.1550245973670272,-0.22694875102157414,-0.15667276249830472,-0.1433882560944736,-0.17730753670269886,-0.17639466967919262,-0.14121291720024978,-0.12176404015588284,-0.18432376993851782,-0.1098346649510809,-0.1350853265388645,-0.1146902251494266,-0.1698948891370897,-0.1544713903035748,-0.1502739505518321,-0.1515525070401709,-0.04513988752628248
2015-09-01,0.3278262545747213,0.26613083204292143,0.31512907900678827,0.3158440684869316,0.3470865445867389,0.33662900497154963,0.23265632456348403,0.18366433897538156,0.23987986507033657,0.21110973791521168,0.2741516543971063,0.27836824373329766,0.28734556577568104,0.31368125716517664,0.22203404965957,0.3528768263650472,0.18276955856257504,0.42660214070474645,0.18723183235733104,0.34177600345628323,0.3693567673769245,0.1993604153737072,0.2628617975724079,0.19693547398838376
2015-09-02,0.30889607387031176,0.23027970312212476,0.2553777266100151,0.21552250883508933,0.2924025309169148,0.24973223427495647,0.2401705207630497,0.23701395212773488,0.23940205663570566,0.2786373673557014,0.2923500393981287,0.21051045347953892,0.35604997192588433,0.16667413736971487,0.21751895592599757,0.3180136737457476,0.21044616611383465,0.3395888675515124,0.23611098004614536,0.28578800975752455,0.2487077649701093,0.27808060338116153,0.29950363076168146,0.26802936222214885
2015-09-07,-0.1971217391545321,-0.24828343164622962,-0.28188078809960965,-0.25207117730024653,-0.15505489474830367,-0.2694611284951919,-0.25892534602993567,-0.22480209203965498,-0.31365602480089944,-0.15139227945664413,-0.3040947817284619,-0.32594650983272694,-0.32001375558948775,-0.3247552921174177,-0.18346473722842857,-0.12933404250261443,-0.317946917016843,-0.31569952904023746,-0.22109047464805132,-0.32535294272923665,-0.26456554606934163,-0.3054268804811105,-0.18628789987937805,-0.3289333044959899
2015-09-08,0.25915626726578744,0.26072702200430725,0.2640015205271591,0.31112587498806454,0.2848488376872014,0.25408930672317703,0.3062144125880053,0.35666063935203046,0.26333828760340905,0.33434473500368456,0.29919909772930364,0.28567074423642685,0.3258779560097881,0.3348327420172872,0.16177403962505435,0.380489650826763,0.27934206380739063,0.256961091857231,0.23190549901146687,0.2951255233947048,0.33896910087995186,0.32003557028904367,0.27908236416857285,0.15430724693271558
2015-09-09,0.05453754672184759,0.15038749912610197,-0.03819283517891899,0.03768598702100167,0.07990934952777339,-0.00627281672917954,0.06584060310837557,0.06599899315772474,0.03846224095655073,0.06102383328330313,0.04954098278670313,0.032928292403524316,0.004915799279350208,0.0039688836329708765,0.04687603453296889,0.03650391209414718,0.06784830400417985,-0.050616893572372236,0.12604879898439958,0.05343052870126127,-0.022015646084581314,0.03423080084537944,0.05252927505109071,-0.014535640330632465
2015-09-10,-0.28945503208192574,-0.5217333222108262,-0.2939492279539642,-0.3655722661914082,-0.37547069759804746,-0.31576951667124004,-0.34544668071796697,-0.31536899483214553,-0.3258131583569432,-0.344098246948728,-0.3047547822293756,-0.22537248915107183,-0.3694498518561849,-0.41755192586453577,-0.2798777396715945,-0.372779080288392,-0.4338412832494278,-0.4139510830348607,-0.4672140710801102,-0.4050688625847494,-0.34957802744249655,-0.340715932869538,-0.34576927811117014,-0.2946419664791519
2015-09-11,-0.032948078629119935,-0.08452249714118047,-0.04825335952417845,-0.047308027346089056,-2.9459595799761985e-05,-0.06304791019898565,-0.1479659242897154,-0.08236290459364148,0.01773846850061906,-0.11487200607742831,-0.018418664316510593,0.06716029476513263,-0.09331108210199857,-0.08033923453761427,-0.047403406433480365,-0.04986022005151399,0.037983336077548564,-0.1821903909507141,-0.09272480697766666,-0.03660048514995775,-0.020645343072306463,-0.07794950712783753,0.0032078874713443784,-0.03757615196134591
2015-09-14,0.26593089624695243,0.24332138566855094,0.266632968000319,0.3288568845544103,0.1876252488570207,0.30868406173156543,0.32402405244741767,0.30290123057982205,0.2860132985282337,0.2272804899159973,0.23870381278631295,0.19216815187267708,0.266330205025664,0.3429592805675063,0.27585061301481484,0.2558947994917226,0.2176174508145091,0.36135402719237747,0.39404601151345586,0.3508057418210647,0.30616512045110256,0.30841542521937154,0.2804629356720587,0.3227228716864005
2015-09-15,0.01244403894576361,0.03643256571836787,0.003306901378844744,0.008200614509399136,-0.002021828351811938,0.005624803400225957,0.04092644522264593,0.02165213878192466,0.06241638453201703,0.04055404238952204,0.028870015310558106,0.029903738787291922,0.03567046672600224,0.0194371022348651,0.05218112075661514,-0.01160620711143364,0.0009058124956208035,-0.024938168905109942,0.02226456105513241,0.05273659431795207,0.037656217621602824,0.010679821520948506,0.05216084582254595,0.0278109481662378
2015-09-16,0.2773022525418901,0.23030381641546413,0.20795119620236485,0.23412600802659597,0.2910909451900523,0.3336702612625547,0.32150210137897345,0.3169356871091798,0.23766732714395405,0.2654933829920909,0.26022508565399216,0.22220890417187117,0.22875663237067412,0.3260899836100745,0.2748086892027923,0.2919845490794791,0.31137608146278273,0.2733193493870809,0.3141370998198372,0.26292323015446123,0.20058679097548715,0.15862050461277696,0.2243011359009696,0.2827864221575815
2015-09-17,0.01519129041333526,0.15025499687117588,0.007041534970874312,0.2367427872777409,0.15111078606983058,-0.045374521309512805,0.06498630796262551,0.023736796753313305,0.15188872263290817,0.11954036275791502,0.10043343865066613,0.03570251092444138,0.0827732760212257,0.19168498464478054,0.12178039540883892,0.08598233806800744,0.07129060206629212,0.1740383872472967,0.17274261269909244,-0.01885685200509201,0.07685057779042581,0.06834281818284879,0.16524929652479325,0.21320003232067666
2015-09-18,0.14189940377859053,0.21650758974731737,0.11601104327841824,0.2235178657054221,0.12801686335272242,0.0623316602386687,0.15550120288222596,0.16700216041066626,0.15087840774848674,0.15151243489428537,0.2035610503264562,0.2226597173359923,0.21810651774011744,0.19851891258744916,0.23205983328923752,0.19292295950899574,0.11412193728028519,0.20718945497850563,0.19648235841587458,0.1758626160491155,0.1713365469171539,0.17679625788334732,0.110676958155997,0.18113595252407882
2015-09-21,0.09692557219689844,0.08242469189397776,0.000989436364951885,0.08934351108216965,0.13841316354340014,0.1308106022236693,0.013399898704869401,0.20413983551600223,0.13664351349395848,0.0030780454863372163,0.11755782263704989,0.04185358030050889,-0.03430226949328317,0.09793008224199891,0.09123254467838797,0.12891131852494994,0.013349251139570218,0.0026547769479380932,0.1086752043991028,0.09265188240117696,-0.01807273955092492,0.1563719460724019,0.1866242191833683,0.04555688203940863
2015-09-22,0.07075527300101406,0.14828707169256145,0.04031065055310054,0.06250212915796571,0.0776964033283937,0.006871791377792373,0.10939123718473506,0.04711189708653021,0.08263785864441522,0.044643430481223385,0.08702852152175873,0.15137386084397042,0.07136364691521889,0.050600249198157636,0.07352943393189258,0.047038337505228935,0.051485375963323844,0.10753596807273483,0.05501322112884662,0.013449042956685775,0.04037667329205538,0.01863529491211976,0.008124716049464967,0.05556401356752464
2015-09-23,0.07489440264313625,-0.007398560867504749,0.11438370694614793,0.04197328151697081,0.05519760529211541,0.15139559357171553,-0.030005705305964695,-0.05138472561235193,0.05083342638433484,0.04944936417965373,0.08074222944632682,0.017185687508749346,0.03612306942777477,0.05048129853777551,0.018655918170378503,0.138311405349393,0.1735909780134791,0.04855935433885815,0.13315113723728272,0.021696561505867077,-0.07461204441223729,0.1278960540064545,0.05685448458367355,0.08826065093560705
2015-09-24,-0.026280136146008975,-0.05457834267426665,-0.04717654045960125,-0.029879138868340167,-0.08037792844840462,-0.08868778526124248,0.00468370801592708,0.01713098766072608,-0.018611830462878103,-0.02064859226486081,0.06824418229591794,-0.0025770041271977783,-0.061230076303477196,-0.12816344742192018,-0.07685007371086737,-0.09765784451797907,-0.0718311260377756,-0.037064482383505334,-0.023566865539460073,-0.06762857134274318,0.042834704540099335,-0.12098533929503914,-0.06522401063631718,-0.09602686740893134
2015-09-25,-0.08686520649809613,-0.0856242834022997,-0.20300121733140195,-0.12306430152072056,-0.14104589056285063,-0.17123323220360573,-0.15893193324494312,-0.1517459033023653,-0.15175357060286215,-0.10975268827351266,-0.13292091120558272,-0.16143796092271834,-0.1698879158625831,-0.16923796469738933,-0.09459797394533331,-0.10911984108635034,-0.13778728785169317,-0.2091167741661516,-0.21194659784183187,-0.1212011474999882,-0.13878403691628252,-0.11633771981560731,-0.11812066207729582,-0.1515235515879569
2015-09-28,0.10590032225645343,0.06537073856394104,0.0822432602946136,0.0411728270691183,0.12101989639074277,0.07371306547586821,0.08236461596112973,0.10611619531708308,0.053906128722393414,0.12303830950763002,0.10353738740361537,0.07263078296919792,0.146037833795606,0.08799831940285918,0.13677687949459402,0.10356101675214374,0.08780140816512269,0.1285734114703151,0.13297226266117254,0.06916310314257003,0.07854687171185915,0.10754912568710044,0.08131704817637153,0.10294373648688382
2015-09-29,0.1740778929100097,0.17045698826720726,0.24935794132874425,0.17960287887295187,0.17387488423984776,0.20247810583577006,0.21141107068114368,0.24145927065635095,0.2327030633599977,0.16507025820894436,0.1786181701510169,0.19850076930368904,0.1523092965428732,0.15702283118341512,0.2138570918132962,0.16622997440515688,0.12910213873717524,0.1707667514966785,0.20423868102700224,0.24109933861758684,0.1357961746282914,0.14536791675477806,0.13065445503401707,0.2988453881884539
2015-09-30,0.2694364151868654,0.19027403646515137,0.2587794996186698,0.23676290003075834,0.20348769342994696,0.2723273964791609,0.2408590531860342,0.2199674198126267,0.18513848966456378,0.15760767720333213,0.16659667307793236,0.19375478271167132,0.2442345481540702,0.2612205540576161,0.16867874015343762,0.22794445297001872,0.1461528794220401,0.24433055640243234,0.20036623270912998,0.167178387651083,0.162932855202548,0.18694028421379455,0.1347794799382725,0.23562481467672655
2015-10-08,-0.010837008797010463,-0.07082069079434783,0.07128130177303368,0.07106669546661751,-0.00011187573075957355,0.008785750507415995,0.025737819683273995,0.12763405235599154,-0.03596941921246834,-0.027750058644429153,0.030951777445976297,0.017090161017912733,-0.03720553934388543,-0.12007588650189653,-0.13907890912884555,0.03846116913952217,-0.06867066482964135,0.053199501103456406,-0.0003904981228964952,-0.01692128048701136,-0.0546200485294499,-0.03874924152526549,-0.003694642661596816,0.08257617800219913
2015-10-09,-0.07401395553311585,-0.023282076588541215,-0.02915350710889152,0.03770274168689296,-0.0019207675915141516,-0.019384188553169514,-0.035911973267980506,-0.09619193364426233,-0.04158661604998879,-0.0489267986901464,-0.05452004290765866,-0.026421735504816284,-0.05295915834671849,-0.008139558286362127,-0.03519190904359264,-0.030488980260458095,-0.0019285198357518675,-0.013803467191733565,0.027180262787152826,-0.05476692207030592,0.03786225902024596,-0.056156660931536526,0.034201708923844346,0.027059804838228313
2015-10-12,-0.0054581380253622865,-0.0042323975346890445,0.06198501978753365,-0.020567752500029565,0.02196940806963669,0.006835644579880766,0.033886312942229276,0.05376203341140197,0.035680944908505666,0.025484131714505618,0.028353038306881666,0.01020933596233093,0.0324977764632545,0.013286955360221762,0.03957761298746665,-0.04005675795669844,0.013472709757129917,-0.018508651593050873,-0.0004931585433163564,-0.01301592687420328,0.0251639066386158,-0.01189692807549331,0.038838769655944315,0.061928667330044665
2015-10-13,-0.007096381505999367,0.05450742902438909,0.06515082169869632,0.04203509028541231,0.009218454366586613,-0.03921824204134208,-0.013961564412401681,0.007549931820004813,-0.03148901334818037,0.027371672981376716,-0.01830066670126782,0.052915579482775706,0.04083604244617556,0.11941171752249469,0.049286587178386236,0.0765957421710964,0.043506032396113975,0.057898735013376494,0.10801987836122656,0.058152935514464064,0.02609241338309608,0.04007521031995055,0.023597591759893177,0.09214797654041965
2015-10-14,-0.15273466370511476,-0.06150645732485328,-0.12780433081800632,-0.05424379084045603,-0.12780488935576564,-0.04662645287889257,-0.10584095050838908,-0.09181662590970181,-0.06252411312232861,-0.08127031593828069,-0.09147535933875921,-0.033334371282669716,-0.061475737748090856,-0.09780917752941248,-0.13113042317473828,-0.056042282425456356,-0.102994083549151,-0.10687256974984735,-0.06577647849483075,-0.06809469897324255,-0.13119577209257835,-0.09238912711300161,-0.13335452053233804,-0.04644213541831801
2015-10-26,0.013173233969392538,-0.0014959382552302907,-0.01490461523365511,-0.12743479901467067,0.04187102663507195,-0.031204385563997915,-0.04805041755198756,-0.029961393275305906,-0.032920804622650526,-0.09160624499989482,0.08211286669325506,0.048326230285590126,0.01639857734852182,-0.052797106705307455,-0.03021264540724683,0.07617823487565717,0.019978496770030656,-0.051913489657020834,-0.012414960681310152,0.06909461858952044,-0.01569450676755478,0.009888606379355845,0.0508435508030252,0.01739596362059742
2015-10-27,-0.03493682567108091,-0.07036773141816059,-0.04167607790770411,-0.07704007109591995,-0.06483770487611037,-0.09169194516679544,-0.06060075647581694,-0.09313042401663185,-0.06910599206979573,-0.07017264037100908,-0.06934738547835514,-0.06796339660261458,-0.04937779813237291,-0.07766854095259039,-0.06792528185389468,-0.08791096209378087,-0.06310729528422669,-0.10197615136584179,-0.08559527936044264,-0.04882386378431029,-0.05988109355369073,-0.09480408498264369,-0.07122460743567845,-0.12835071048560007
2015-10-28,0.08126760181923835,0.11822097154492932,0.16662808476945706,0.1739474726197332,0.1243306510480799,0.2017143925123347,0.13577310228279477,0.09745506243797296,0.09823084098314704,0.12953130328941803,0.10085629239148734,0.14724152572499,0.11696583638778084,0.13606049040469695,0.1298023176283435,0.11169009059003211,0.1060947737176338,0.12009153509672102,0.1026427285755709,0.17180220019010875,0.10106294082491796,0.09252203685632368,0.04588667987252107,0.10582545321832663
2015-10-29,-0.06883826604041327,-0.013483429006341014,-0.05341427568845046,-0.05251993493446008,-0.03388896511111764,-0.027655116459092553,-0.02974360537892235,-0.04742829041458305,-0.040649029408798686,-0.10069746157413483,-0.07296951054606199,-0.02344934355727796,-0.06865759114061723,-0.06444617214818402,-0.11637665522205952,-0.014408258649671973,-0.042806965243237585,-0.029500823482321428,-0.03059108358077813,-0.07169914015687112,-0.05170407484006861,-0.03051768440273599,-0.042647180878730456,-0.0642756602115015
2015-10-30,0.17002010613418486,0.16042441828125703,0.2227939028231953,0.21377674112378672,0.1474244327857006,0.2001907699684336,0.16037082034726338,0.15001674935612624,0.19355926888776376,0.19413033553500553,0.17091082643931665,0.15394431755021876,0.11665010149899742,0.15391558463714997,0.20907200288678604,0.17694529073977877,0.18684405556998002,0.2056635610740033,0.1850079119136816,0.09306922076586677,0.18271176537027253,0.15832746818325744,0.15394984311042428,0.15558872426738524
2015-11-02,0.4824022809402248,0.4395501110632231,0.47886317673971424,0.5160594105360873,0.47301826741371883,0.4340566256672082,0.4444523643757805,0.4598232934389815,0.49621666721922,0.4773889644045132,0.41716562234083704,0.44607576611521843,0.47894495463537007,0.45052382057487655,0.4410392423388478,0.45880493761672697,0.4697344428604582,0.5143807534617467,0.45747604681231974,0.506455480776669,0.4827514946568091,0.42300224336659703,0.4425466078749903,0.4483511808065069
2015-11-03,-0.0869435357380396,-0.12840896643852706,-0.06826740773446224,-0.015955278470678173,-0.03644210671331088,-0.02420082455460839,-0.0018270738926046417,0.03500574207091711,-0.03633821870458428,-0.10741003806592145,-0.015761053063058892,-0.11239440404982556,-0.02131341544250081,-0.017543522864960266,-0.08818059349412635,-0.014133850665504325,-0.04380686315803737,-0.05136245735792467,-0.04247833878557176,-0.06064688352912082,-0.04435961511751201,-0.03879652517195159,-0.03807947206824087,-0.008240464605242503
2015-11-04,0.14833496058396703,0.04700512255760078,0.0888875463738411,0.08489321900188534,0.08072668584175424,0.0748832741011329,0.04593208288406881,0.023006693300226616,0.1076585418940957,0.08208033625864078,0.08258396761291098,0.06265862870274,0.06658943754627042,0.18641022495867823,0.10257254274693653,0.061303002153857984,0.005159680640132546,0.04310903717627621,0.04775887576158141,0.09697387849924223,0.1661966530817416,0.08745061610857466,0.028231021687067613,0.10558615894372333
2015-11-05,0.13087775279606909,0.05303693145264064,0.09816355090243761,0.07249588007520516,0.12457910577357531,0.013315854778732147,-0.031496307078295135,0.10896458274787384,0.06377819959927339,0.04415839167525651,0.012733856889449668,0.09868746071064008,0.08475860911474141,-0.020057423419461037,0.030379787135228275,0.0929356236052361,0.09738550573951009,0.04581613614300162,0.11826817088777618,0.08420621380524011,0.06144294703200848,-0.027418412078629713,0.07286507451360795,0.01582537158923711
2015-11-06,0.1257471472458348,0.1059411924452455,0.1410222087852017,0.20240625996434705,0.09493641072979703,0.07406075123776781,0.1393495127554349,0.1907113310123754,0.14864964737346634,0.1404828129813028,0.1190321638256205,0.06392371359330351,0.11578891386183134,0.0835152867137662,0.0773650079103924,0.08914364967768293,0.1485518442823017,0.15795892104899392,0.13297241967560003,0.11089463042362355,0.09195258760952078,0.12407123325994629,0.06884840314135206,0.10990829579562023
2015-11-09,0.03060635425645501,0.04417851151129431,0.048374352335718504,0.09395137645268004,0.016147344588627738,0.010721798503906858,0.0334528465963351,0.032107372686287924,0.03319286898866479,0.005906271303693731,0.037708633066636264,0.045169520734156574,0.029228003263184917,0.027802147814321377,0.012755755734471866,-0.037508884065206256,0.05078127967889542,-0.005100092069706534,-0.020182661206728153,0.04287530813681946,0.030036116443244054,0.05618085711174181,0.03451845088197205,0.049086314085848314
2015-11-10,0.015825689213989316,0.003270012526391843,0.06902279228569845,0.034532393181714194,-0.022123143212517172,0.05527359970472376,-0.00033540006818517216,0.06515988968819839,-0.015274240666956694,0.020595884911917803,0.01022887324916624,-0.032801242582662885,0.024053765680785693,0.04605645219665645,-0.049062896629927494,0.05001218380808586,0.02231708954519097,-0.010870940595510834,0.05228870486397203,0.027246420695569748,0.006840614240745357,-0.016581030059473884,0.022462411156282728,0.03289462415024657
2015-11-11,0.053672560374524066,0.08352885481872525,0.06980882263107765,0.09220104346422855,0.06504196149966132,0.09337963894580352,0.0778020615603861,0.06733410011480223,0.13531325712582823,0.09005158268799816,0.10591014248414357,0.09380876577930831,0.09018660730949585,0.05638617260575695,0.09395253693499207,0.12198408568462128,0.14441129265451655,0.1198291583245246,0.09422641278669386,0.08839466111812169,0.08838208797522919,0.09148546763612947,0.0744838451535401,0.0986056931219893
2015-11-12,-0.04694527365937584,-0.03123367375274249,-0.01635062873752615,0.00018482935056951427,-0.027599249078987698,-0.014973940166692231,0.009474921640928986,-0.0707357672421732,-0.007966448914307839,-0.013381755492055296,-0.03689873478925653,-0.029169055312075854,-0.023944379903077222,0.04036435418169896,-0.04194189617235954,-0.017322295144032846,-0.050906810367621375,0.008262617918508915,-0.025681333755140805,-0.009495918697196973,0.033916600245090106,-0.08293284671742421,0.0001127210389123495,0.03992203461479046
2015-11-13,0.0008916373610914012,0.06695699101723711,-0.011732876176421613,-0.02751010133957173,-0.0003323822903394064,-0.00015033738461075127,0.002444759214470108,0.03304689054443605,0.02992151298872818,-0.003771554968834811,0.024088969147229612,0.047365569736162585,0.001883317418123775,0.018431910034676688,0.03672660303830866,0.005299529477878628,-0.025490113571801813,0.010561066041868513,-0.007036882962580328,0.0057133672966071325,0.017210623790238803,0.05785146564241283,0.0022916884228664338,0.0029504395081608164
2015-11-16,0.18179236902574925,0.15567144543417272,0.0937896756451382,0.17551484536739723,0.14384788349249417,0.16903099145353886,0.11215631342198029,0.20632836256814846,0.09849822401850022,0.07045650907061826,0.19676280538856342,0.11550978851835418,0.11589594789563197,0.14757345614008252,0.16166692131206206,0.1909541895454773,0.1566982291565283,0.11001783418142512,0.10824685535664061,0.10649372423416725,0.15448781826726454,0.20225394846629655,0.135027603094266,0.14836957183105298
2015-11-17,0.31320791164769735,0.29082791048115925,0.33065637693725675,0.3474504077240444,0.27148142460179475,0.28890768299694286,0.3546687186194982,0.2944139225991684,0.25128064216995677,0.2837168883165359,0.2591924502981107,0.23169309108740446,0.3371298204346253,0.24575487120276712,0.2590008823896951,0.27308888269363973,0.32425624294673994,0.3084082793724629,0.3390928563899959,0.2904506608291117,0.356242732593254,0.3260178115347405,0.2760886863097793,0.2955256050844573
2015-11-18,-0.01516977197818611,0.009244685986741564,0.04305473300904411,0.037812456656351724,-0.008504618799912229,0.045008178609565075,0.040596136703991786,0.013181543755001444,-0.006383949051969603,0.02330890568149354,0.02227746714019669,0.023057668122407227,0.02594649871394603,0.018343017399659683,-0.026255261379745393,0.011787830820730292,0.026282017243332862,0.07088350672636844,0.022605494027779036,-0.050612461796595884,0.04479065343859896,0.028433456234401078,0.024793588551962075,0.059405241247345135
2015-11-19,0.13227504734083323,0.08651890689150743,0.08078788448176472,0.14372264420466382,0.12896860593375573,0.0747925179944858,0.09213220521813684,0.15783294578472967,0.12630536610805174,0.16388717431356528,0.1294378969378028,0.10218477169707488,0.1248578949952269,0.09228203586937193,0.1504473648977765,0.12700047330788888,0.16601958554632198,0.14703229626855352,0.05847917073179521,0.13387234910489315,0.13133325467592685,0.09474139898750242,0.11376400549020489,0.08025009946572444
2015-11-20,0.24015618731557042,0.2475088383140889,0.2056184463510584,0.19914524529366756,0.21837595535405532,0.25994635275377925,0.2822756054877903,0.20503972708648305,0.18174085871917514,0.2735854521297654,0.19965279519884532,0.2613823149789184,0.27348057096854794,0.2504762795361903,0.20077652192617615,0.2338250574229922,0.19422653287575106,0.2384695270086434,0.23130255847411726,0.2181578988581566,0.2877436062321854,0.24521429535847253,0.27933598987988945,0.1982877347791211
2015-11-23,0.06649906716875753,0.12255748639841746,0.09481856687830112,0.1311854427930517,0.06095747823802774,0.15437502807918851,0.0829671064314709,0.16301225045951814,0.08812217138747942,0.12433046657561495,0.14013982662661154,0.11525456595822156,0.07360846087914441,0.14681477797910963,0.13981339918768598,0.12629670874017304,0.11429222715814498,0.11259284538161358,0.08300311140445864,0.13360148237750807,0.10342428490726646,0.13057944732857435,0.06582556237992816,0.13190792493484235
2015-11-24,0.2648518719086611,0.28041677279630917,0.29479293531448886,0.2812675916157801,0.33477339323698563,0.24150652722534813,0.2991428134173059,0.3426049396724363,0.2887542621209484,0.23905413562180397,0.32457480463302574,0.3338332116861615,0.2638707547353907,0.24929178697659496,0.30910354732613704,0.3098336997029723,0.30876857086010634,0.3096231354228076,0.323393825303106,0.3035935590342552,0.3021776680931734,0.32538174474608367,0.3164639327738242,0.30476437134683537
2015-11-25,0.12978228536747383,0.14715878489140644,0.12721601686100573,0.11640538186603008,0.212948627207614,0.128310692052017,0.20005250614337097,0.19815452249134047,0.1703484060039602,0.14948233889859416,0.16420592521304977,0.19088347394420396,0.1134958144731924,0.14831249874440483,0.18387317948751059,0.20436861499262413,0.1782281540892695,0.12342524277258246,0.18848311501100523,0.1627898173067753,0.18440698738964417,0.13922983792110788,0.22596856546574678,0.1725525160514795
2015-11-26,0.1954606445647606,0.18465741911967937,0.1466225434205106,0.18403011919061188,0.16842306095539547,0.14062151076575,0.1622798949833734,0.14409421037307102,0.17374540702023258,0.1845778791286734,0.15697312891677456,0.14811521658505844,0.1514742095385703,0.1565081889693481,0.1294041853674935,0.18974278521131321,0.1599368819149786,0.12671868567115904,0.20913386968531375,0.15786310214947327,0.20532305678289187,0.16304468156356106,0.151812869500276,0.17164648059090412
2015-11-27,-0.1686712937313295,-0.12059222345918404,-0.14219492958886115,-0.133950305825861,-0.17914109121502525,-0.10697097825313126,-0.19436623490995553,-0.1469762224489678,-0.18507666417301863,-0.18910359345972505,-0.16886207610030537,-0.1233025357382162,-0.11443853541459649,-0.16319383942327018,-0.1516941228370652,-0.15010117205426982,-0.12275697469455463,-0.14044889615453787,-0.1627767198497636,-0.10815365032544104,-0.1651032807734346,-0.1393400078007628,-0.14624397894397312,-0.13995827387328913
2015-11-30,0.19382226085245255,0.1535425925622229,0.13198692403146542,0.17418042868622596,0.23930115726694762,0.19691140375332777,0.20416605168068833,0.16757301933515917,0.21979270872624104,0.2548168435093013,0.21431086037905,0.25143578726405036,0.21521338646812188,0.15641034051090302,0.1817947750791282,0.10525280023615462,0.11904160585138658,0.15637808791292893,0.26235028508016683,0.196597077586631,0.14666732265171023,0.18568913962094996,0.22795753590151477,0.1564906986787368
2015-12-01,0.13186240841131064,0.1653738608617047,0.18824467943741863,0.21932394064381366,0.05078179507956372,0.11840179562931218,0.12428297143256883,0.1244917385707017,0.08084047703814329,0.07782795641793551,0.0980686335616799,0.14061169855010802,0.12073338923680155,0.1885010411562658,0.15604856812676346,0.15798263881578734,0.20735065850913506,0.17420752321176822,0.09527677872478356,0.1303507396261256,0.184865464206708,0.17423240219714153,0.06445496093225189,0.17905405773199837
2015-12-02,-0.07284823239363476,-0.043742176011720264,-0.10586942617708316,-0.08953649190131797,-0.13787001656362236,-0.05423793670837638,-0.07339761986760035,-0.15293088650912093,-0.11667076657318878,-0.10510903018077855,-0.029343850960198106,-0.015924583586160904,-0.1410575572210287,-0.12343725229731428,-0.13374168402293762,-0.1278673379580279,-0.04430194991554193,-0.017592972213566864,-0.12261016448824967,-0.13649463458899805,-0.06109352706758286,-0.060186627744887415,-0.04631254407399511,-0.11207340472637223
2015-12-03,-0.11287658845414356,-0.00162200370960036,-0.07650314159932052,-0.06259010000534372,-0.06481673334177859,-0.04579932752921785,-0.04489566317735759,-0.07839356587562588,-0.06757747440463056,0.0007948747535419357,-0.09390018374647666,-0.08310541285002614,-0.043833461219907804,-0.03790470145225836,-0.07020373184343075,-0.04253727962386385,0.0021364309056684213,-0.08791511579477301,0.03704258488669053,-0.047822595385379266,-0.12616641325373396,-0.04003839895093386,-0.0642115570335455,0.02414418396848665
2015-12-04,0.027157419281308715,-0.061278972297316735,0.0234849885447271,0.055449530297561514,-0.00641565034478293,-0.03122957401034646,0.030934195638411002,0.00593298496165651,-0.03708309576868338,-0.006678922371942795,0.01051402525538741,0.014454008865098969,0.01329122407847623,0.04925461107311079,0.046394470859351694,0.024026515559942112,-0.03085928083393462,0.004857957517420394,0.03774395136531434,0.0063059536667996515,0.012193722192897202,0.030423704756479073,0.04564746323757289,0.01627925456559145
2015-12-07,0.14758892178466265,0.07909760663834864,0.11125667424305663,0.017777930419363333,0.06199357230521845,0.11534899746655831,0.0673295745417965,0.016700291613729663,0.0980061789263078,0.09952866486751673,0.07960356955060477,0.09060359808178685,0.1079039600869095,0.08509695843332553,0.1252394771848132,0.1044649807415536,0.10422971204371136,0.14905651169637504,0.10501448188410006,0.06224614812566057,0.035231352289978764,0.0808299414410812,0.0995075718118481,0.055924451172260775
2015-12-08,0.1827816465507471,0.19010649349290937,0.20726076758052792,0.21555202235244106,0.20615870948231535,0.19410536708744336,0.18606026270406034,0.19817942357238708,0.1810928408416143,0.1952224082527839,0.2072728075451843,0.1927560883816201,0.23059127598209156,0.166888090540035,0.19705114510670063,0.19863292890777687,0.18907587251832453,0.23614624811976817,0.1732789037796335,0.18587190414588076,0.220513558009944,0.22500633771015907,0.2445078697962285,0.2170345433337948
2015-12-09,0.08590210357142251,0.0931683504017533,0.11770806001757853,0.09375382665478402,0.0630734496717375,0.10779487012732736,0.06410390974359828,0.08116636054620768,0.062478680144849155,0.09446120879430012,0.06908893117346485,0.15131253828677002,0.07192119304736974,0.07368254177497474,0.06557607365528056,0.10630302634159362,0.11823832329063154,0.08822870201483869,0.08608632905907083,0.12730418527033402,0.1109513032599131,0.061106008929760335,0.09479467332683862,0.06735382227792844
2015-12-10,0.09792203528741997,0.08692506679807586,0.13092765617725444,0.17217846167942208,0.0951036306826136,0.17102156197264567,0.0430035460153712,0.15848295238467863,0.054937217990706104,0.09504102325167335,0.0697147121175966,0.13977108957412784,0.11601986367913358,0.16503532838351168,0.09708914241341558,0.08983363680556115,0.07940682402277129,0.09939009927703195,0.09265070364474912,0.08098699277120361,0.11083869743914165,0.1181958732339931,0.09477694831860484,0.0964957095851015
2015-12-11,0.3031735604039322,0.37187623439235545,0.30714509485899794,0.3049081271603921,0.26080947845651764,0.3010523701904298,0.3038079791118974,0.3326475743831507,0.3254222211046562,0.2992077886291204,0.34196478059385443,0.28064043285066875,0.34578543760226954,0.29396951227821644,0.3378098881307062,0.3349589330450357,0.34373968611209255,0.3690362807871699,0.36709844858174995,0.3325087461770312,0.29176554902106544,0.31589441512466915,0.2975413262756625,0.31388638299615484
2015-12-14,0.2494384688125624,0.18330536276424905,0.22984328443165475,0.228736252443226,0.2519131316078265,0.23740221957966054,0.22326675519548433,0.26874689189526263,0.21582532515649155,0.27133595141592975,0.2174971589147349,0.25991936341663396,0.18342642835705217,0.22291535718247524,0.21567553213488766,0.22881627885202813,0.24914914256535486,0.22390132357810077,0.2279924172332068,0.20224392020113965,0.2070296020454637,0.22649807794576807,0.2727317966617659,0.2350111436769886
2015-12-15,0.023971426608990525,0.07402358911760211,-0.032542407147522164,0.10187772071229495,-0.007078808802704658,0.057711181401309736,0.09449669335062306,0.045840282934668825,0.032246927595873255,0.06647564172850752,0.05800108083314553,-0.004762145440741558,0.05949066064308084,0.019101716243745195,0.0795858620810982,0.029996876729325744,0.00761922535111516,0.043994054122041486,0.04636514792772939,0.06511850933163586,0.06475823163269553,0.05867446317979804,0.01770648253626619,0.06478933474339543
2015-12-16,-0.03382822544265091,-0.018706714222807116,0.003800854311412231,0.005515696927635862,0.04146051922701021,-0.03491477626598972,-0.00958507858947247,-0.043369759056378895,-0.02008563845471608,-0.013941131341626996,0.014778335339571723,0.027416746156842614,0.03109940696266265,-0.0446133828279389,-0.04243613404071422,0.02490668934071359,0.00027163770583469844,-0.013922987601733454,0.050188694900939246,0.002517832704654829,-0.0350412640526761,-0.019458901839536403,0.0042109028330062125,-0.0481083855240029
2015-12-17,0.19724575388804683,0.14098760264444574,0.20339165076910196,0.22876341558161012,0.18563552785745027,0.215537805922941,0.16011498115735573,0.17448500642670248,0.1444706180656361,0.15679070134158318,0.16935962756331735,0.21536780689997698,0.11164011337808873,0.16729658857277097,0.16806931140442558,0.1625782643807049,0.18456995616959568,0.14938670691461717,0.1368025881761928,0.21504562077016842,0.18512055392964247,0.1505355755043247,0.254559785041614,0.1641755956547839
2015-12-18,0.23029541965793376,0.20934656530897824,0.24769272387355343,0.24050370323191966,0.2259700622452149,0.2475329329323132,0.20667674682845313,0.22892750441997242,0.2288405362355597,0.20074038238519756,0.18989712628405384,0.16194366575679747,0.252364382309747,0.2656726101437932,0.24818571822013394,0.24539016260551816,0.2215069178897217,0.2566902636271913,0.21693480135134988,0.2413377595547211,0.1863230482475267,0.26837386290784093,0.24725473952313762,0.19989532406316324
2015-12-21,0.052857154089842096,0.10649804460125935,0.005273456430197539,-0.06413489068559636,-0.10869575468716026,0.10008617958544495,0.01963113047410711,-0.002077215849963565,0.054387430886246535,-0.03359222131538808,-0.04989090033385377,-0.0007570181344760029,-0.00943627033784205,0.0041277134128279765,0.00794004626028948,0.036015727121675965,-0.0667077045668501,0.07806297658399014,0.06739137838379901,-0.0028567611676800298,0.10554614013735422,0.038181480040654366,0.025073802722599285,-0.01653757193841106
2015-12-22,0.1956918692448501,0.16454351023480027,0.2230224495865222,0.16762759435428431,0.20824116311951987,0.11167166317640903,0.18396061466907188,0.15140196952862436,0.16243331984355144,0.2044317665380984,0.19517532313616806,0.19188011520147216,0.20618676599457392,0.15632015905023403,0.1811135864463207,0.2020491583207698,0.21499057670086397,0.1779328463866218,0.20664620913586618,0.23001468174938164,0.15832504947409431,0.16548099427281907,0.1952719790763829,0.15824175248496608
2015-12-23,0.006336261300253516,-0.0006655629309338873,0.006994159398969354,-0.01057108110072537,-0.006226398705128152,-0.021768123499258045,0.024241309361615063,0.008537345618869808,0.0012365929311785088,-0.014460983451385039,0.003501550851611872,0.02892068943073374,-0.0420288299956332,-0.003929503983786253,-0.023041763119490456,-0.02931798323403592,0.001251922595614606,0.02822702211500034,-0.0010743539825631464,-0.0247727377287331,-0.022632972067861197,-0.00028743120817682283,0.0017207548329519122,-0.031455193950835146
2015-12-24,0.1682206771402123,0.12222943641445219,0.20029699615118168,0.14504873253173828,0.1720875658040022,0.15630532134941433,0.2005161769842464,0.18077888174307158,0.17160757202432975,0.15331638049181104,0.15847508914936234,0.17499936480415818,0.17630220506326916,0.1417855095143221,0.16164647662219825,0.13977737227283524,0.15970078755102593,0.15160579041476394,0.18952897243067227,0.16487296542178234,0.16231136596495888,0.15698367990538,0.15575430808193316,0.192914642840862
2015-12-25,-0.03552297465389566,-0.06737666863653488,-0.06544879416536256,-0.024989247289967455,-0.03875952747899879,-0.05156193948675041,-0.09461337653182647,-0.05398725181814939,-0.04313343158012957,-0.01816775905175642,-0.02873972991782651,-0.09920416843962487,-0.05344450841788931,-0.02939877547528519,-0.03354164691279174,-0.04322825451009779,-0.03800775452593582,-0.03379494905515546,-0.07900793212357592,-0.07648518070844935,-0.02832010287053015,-0.03421431344361602,-0.04884481048904414,0.010654220589854678
2015-12-28,0.21369804486438793,0.17695070177293407,0.23557725138629834,0.15320262853905547,0.19060980559041124,0.19656453665477167,0.21431731526118108,0.24085562078943165,0.17486032615406458,0.200453771085636,0.22928418835328346,0.17177262773022864,0.18946699480576148,0.19081316425346295,0.17252981424159144,0.1899050812873357,0.22567078615155844,0.20200005411134053,0.20276048570775204,0.17870280143782766,0.18227210040529032,0.1849157630249628,0.17578463454543533,0.1858443981963985
2015-12-29,-0.11193578512690681,-0.05642841680662049,-0.05914423887011255,-0.1333402921259696,-0.09571711101757692,-0.06227677723349919,-0.1029102671351602,-0.058944669350760065,-0.07843974494582827,-0.11069131503468431,-0.10383699442895562,-0.10296732562917561,-0.1311087912131013,-0.010130181252661187,-0.03957858381088309,-0.15051111295296907,-0.036309754068426445,-0.10569964327624559,-0.09673794426358731,-0.0835760910848274,-0.10235563693977813,-0.05895061857762423,-0.06525057940737378,-0.054079824292289254
