datetime,s0,s1,s2,s3,s4,s5,s6,s7,s8,s9,s10,s11,s12,s13,s14,s15,s16,s17,s18,s19,s20,s21,s22,s23
2015-01-05,-0.0018053001501444398,-0.002337178061153488,-0.007055154438056131,0.0030196783982525473,0.06189906923830583,-0.012564802286487873,-0.017276512770465175,-0.009535243057083823,-0.046355316857580146,0.005613999065226903,0.04146623340463925,-0.022504677429019904,-0.0036019244485460955,-0.007337119619696632,0.01986962845803081,-0.04245937743330635,-0.020573095436841594,0.00576197053661773,0.0029189421196835477,-0.0015389997008173,0.00340310284610728,0.0270915520462538,0.00507585526129251,0.09166591656779996
2015-01-06,0.21024131795074863,0.2047116092839758,0.22050551501146376,0.21408378075361204,0.12161652131542913,0.23950863509415143,0.3141016189046356,0.13524836289852604,0.24217833688301563,0.19588933924409677,0.08080221858925413,0.19529953513437864,0.15525684162780284,0.22790521909415634,0.1811333754166572,0.25544397103049493,0.16735632585618773,0.21132364863087186,0.16737781191462822,0.0150248937237442,0.21070385848354997,0.05175094258291785,0.18153476332158944,0.02885459593291948
2015-01-07,0.19362755037106932,0.17366349302116038,0.23261726325457366,0.2511052579610286,0.1311782691523337,0.211412817128653,0.23472592417379362,0.3009865384431284,0.21889188437539767,0.23216595256914785,0.2551303195391867,0.2350632145063476,0.22548168828426304,0.24788215543382275,0.2330680968673933,0.17192551751692547,0.2443961859006236,0.25700092122793367,0.21296521138909233,0.2696113814265176,0.27814859571372147,0.21360687404437534,0.21945626126848294,0.2913429927822433
2015-01-08,-0.17520087828179443,-0.1572585673986215,-0.12823772121975804,-0.16929578038424592,-0.3336297168876353,-0.22020667481149236,-0.0584957267387816,-0.18885974591185437,-0.19980211909220744,-0.198428930183901,-0.3103775654960884,-0.17424147760717743,-0.18058952412063806,-0.1619717045484545,-0.18074713478157742,-0.08947272847551153,-0.21933571926312115,-0.12262037122612629,-0.1988848925241109,-0.2928690454228403,-0.1502979118635893,-0.29245332922999573,-0.10287806947665984,-0.27552825779609647
2015-01-09,-0.12167591161532759,-0.08237126932751099,-0.088811083058184,-0.15000326797982524,-0.25302382854004507,-0.135971262841964,-0.08927122309916886,-0.19541472477736366,-0.17662674652537275,-0.17401332284002796,-0.23654084417920848,-0.09861356872134201,-0.08465145525378069,-0.1502525403192909,-0.16642136997096363,-0.05631193344496461,-0.2090669772219912,-0.10983559475977266,-0.1163782184218425,-0.23246685156128183,-0.1594770481082621,-0.21153489265176276,-0.1519344726308431,-0.1972221281420823
2015-01-12,0.23873905893679775,0.18997222006268397,0.20647416150970166,0.25110287259799785,0.2235543149553833,0.2102692740916914,0.23502218626221796,0.2111652164460568,0.20680620404358788,0.23330711024307865,0.26998540634974577,0.24271832154476464,0.22000203232992813,0.24702247059752536,0.22381575074355808,0.24507028949312534,0.22235018369743959,0.23790847552947605,0.231699375560325,0.24166208279473003,0.22501558834804636,0.2532492222531043,0.18917360051997487,0.25609639156665737
2015-01-13,0.3175934358635009,0.30287717718133395,0.3124019317632856,0.3359826765404811,0.3468809231555627,0.31479826746401907,0.19592799447796488,0.42647094604096203,0.3623070658756933,0.34082734885601923,0.35979384738645104,0.33724501065637613,0.2407446721730875,0.38282691281177667,0.26857708801636626,0.2390820741406256,0.38479197487654304,0.31945640439054934,0.34309535202569613,0.36937585068114176,0.3103729419692941,0.47426646508893744,0.37398580327444997,0.3518004958702677
2015-01-14,-0.14127074013561383,-0.13722134785454168,-0.13120784765391552,-0.13075176624242812,-0.16095189343007085,-0.16814185467748352,-0.15789958289586964,-0.21201249739459407,-0.15027071485079133,-0.18152040177198242,-0.19537077367397193,-0.181410675072566,-0.15281494305943383,-0.17602357120382578,-0.1524681112747567,-0.1337768836380783,-0.20165048038883446,-0.1688226372864715,-0.15735905963309224,-0.15769921240128312,-0.23778348250666254,-0.22141655260718765,-0.19528967133092504,-0.1647565474641838
2015-01-15,0.33692158794489174,0.11608270369379178,0.2620160097786428,0.16592841870662814,-0.16567175905130876,0.16169244991644172,0.13437783771592302,0.07200014266903743,0.2774148661128603,0.051904535139966276,0.00483508231424645,0.029428861173398345,0.23330675962006478,0.0684375138572194,-0.04404376083272954,0.26242473726730164,0.2343138776478391,0.18204977799544417,0.22616728329251898,0.24259639317273674,0.07123450161274669,0.026584156411529974,0.0803824301162846,0.039652109284480874
2015-01-16,-0.05010891776068048,-0.00577472592223843,-0.024089634774268898,0.007390116451274579,-0.19192396313655632,-0.05519512052292244,0.10717319671165072,-0.07728786943659256,-0.045125137939635046,-0.10179996871890269,-0.08717710565306258,-0.09188687398201281,0.00983910922407263,-0.0713020317579114,0.07278318798519116,0.026961333050263932,-0.0881292775134567,-0.04846581278873232,-0.12253519192019617,-0.13618491654709136,-0.05216653440052989,-0.12543821956643958,-0.07293140000598143,-0.23227378206487534
2015-01-19,0.31289056992987746,0.27424586295669723,0.27415747682177904,0.2694644895919927,0.38999541999120213,0.2343211396990412,0.09585561552664663,0.24917950639631473,0.3299408153779311,0.2504880107738633,0.3243776021255622,0.15923918773385967,0.17817476057219228,0.25038063257689663,0.27328846823907144,0.16633929708430947,0.22804182831225284,0.2745526578051734,0.3685660433131128,0.3274786649749219,0.2488189007053677,0.2921405247019854,0.26587888567242063,0.23688945085914215
2015-01-20,-0.039342722473777215,0.0011006780954588213,0.09180747629658943,0.10275029294522788,-0.02146371489456971,0.03276030335842267,0.05134906871711134,0.10661595117364639,0.026191661170503467,-0.018124040074307415,0.008966073578229044,0.1062754642527445,0.051451165590069625,0.048495030588944645,0.12063766508752112,0.04554086372031041,0.08900362554693718,0.021012028487939757,0.028399167775454738,-0.044928036465999306,0.0767579051894141,0.03570364549835771,0.052417272626472576,0.04712988469003964
2015-01-21,0.10626588502344621,0.09713520390256233,0.10852284650975835,0.12061213007607383,0.2088717726595079,0.15381608298228747,0.06113649598386716,-0.02999465896802506,0.19848000754267506,0.219943037190467,0.17870908396670068,0.10386770968351043,0.0027005304376769472,0.1466235250998129,0.18291646954975174,0.06818242763505307,0.14220456475349302,0.12664594710390153,0.035945322193544786,0.03694661206157295,0.17651215066903692,0.04223745724629377,0.14141780185473282,0.052887540388047896
2015-01-22,0.10140732684965731,0.0479716620576451,0.183784979647782,0.14296467078903624,-0.09039853338726181,0.0514681664233067,0.03366696703231013,0.06776695771064489,0.09412795575311002,0.031920206320131546,0.037842339123168776,0.13444539042361936,0.11483777149435585,0.04423378802476772,0.04077631047450559,0.10540894260953361,0.04784438989532329,0.10700034179544045,0.04673125563189143,-0.03139197713080758,-0.013135879190887318,0.08760600316944281,0.04081036572106436,-0.06788503247061142
2015-01-23,0.2096580872767148,0.21554204655618825,0.15149331575152059,0.1419835759869997,0.045172186440628745,0.14877459542717134,0.1908920039954406,0.15918770511577246,0.17250503102271966,0.20700849738500893,0.1367933811917055,0.21298225242218644,0.2187099916848323,0.24946835991142627,0.19507599427290034,0.16200827597077783,0.09642170055951282,0.24236465442182487,0.12172073273347496,0.21417395283401774,0.1521196719134782,0.16416312813990053,0.19126644000427778,0.15872544147542747
2015-01-26,0.22322730476519667,0.2374917738576579,0.22206561970682337,0.1956588109826227,0.16313408950288885,0.2133965265075521,0.27865655871097733,0.22733969939369486,0.2168358228048962,0.24274125199733815,0.1622046430500014,0.1731690606022213,0.1879811601351609,0.21799996801798865,0.19622661469179797,0.27987777951355364,0.22292273761096834,0.21041285086419084,0.19692333050825567,0.1706582266958769,0.22329274488072554,0.16041807869296898,0.22107909766445213,0.2514777534359136
2015-01-27,0.04408592738288598,0.03971166644489003,0.005107403141408463,0.08242310437634338,0.04943852288524974,0.044770128509285564,0.053563452167219645,0.021328813547766837,0.059174388379586954,0.03423075279533318,0.05380353128132285,0.0358343644033288,0.027517303166475715,0.04444312419869672,0.05848799586167931,0.06304000299977196,0.0938073832606184,0.0436617713821073,0.03345816554477592,0.024300583920616292,0.05178696411803409,0.09719770941150377,0.055819124492830254,0.03198043720452001
2015-01-28,-0.02183426086819192,-0.04661717607422359,0.011729986586914707,-0.0381734152794385,-0.056321733935399104,-0.04127817777139757,-0.01183737308783755,-0.03357319633018353,-0.04286014002110354,-0.011061306754779406,-0.0974791018932585,-0.06921209132395231,0.028241158263528437,-0.0847349094642947,-0.06559227135534479,-0.004342690210930744,0.011208466033821822,-0.05329999711776465,-0.024569136523638974,-0.023628013161384607,-0.057647658925960334,-0.02160755603291036,-0.056547444451227676,-0.13028965520299923
2015-01-29,0.12802166950266017,0.046378995010001596,0.10249183456458062,0.07793932755267328,0.04985427364955915,0.13640569130880295,0.11724694936670325,0.12556666997801175,0.08126616085571894,0.08906418778862611,0.07136026037965142,0.20019674658560188,0.2230070930999687,0.09952920724790086,0.04003502908059245,0.06795330175960526,0.10636723743605601,0.13297562444686323,0.08516190902712234,0.1643719387073991,0.08875599417119787,0.06255802963054367,0.03664163399383165,0.12312498281010638
2015-01-30,0.2946954891498441,0.28117034620491593,0.33012037650661147,0.2902359952253447,0.33002740823862026,0.26796238911548725,0.29132377367649354,0.3493762425806037,0.3026112151549588,0.29562517182975645,0.36894134000588225,0.32288674923777466,0.3253188389009464,0.3433338023176867,0.277163761864053,0.35698522301699864,0.30367463293695485,0.30344345515826004,0.31381861443477926,0.32892372077904514,0.30972403339105836,0.34584145977088343,0.33723916062087084,0.3107809881383812
2015-02-02,-0.08194239798231212,-0.11139306899110771,-0.10394936441500469,-0.06802022191973729,-0.09475441927324305,-0.1104464793425587,-0.06779277193853393,-0.14052033844193001,-0.07205292251543338,-0.09239913121651985,-0.09793548748030236,-0.07605007628346601,-0.0841786165953234,-0.11226061044946804,-0.06301831096697905,-0.08103359237435644,-0.11395641785030874,-0.09159771182919789,-0.06568283156645303,-0.08994291999873812,-0.1016482666270272,-0.12521531620948173,-0.08407123037468969,-0.034363342023573516
2015-02-03,-0.05663167087986337,-0.14758037037765076,-0.13005024878415158,-0.10846283004627175,-0.09381601687698679,-0.11746062205200654,-0.08036090558542318,-0.1376127829957852,-0.12734800819272074,-0.1560142935345546,-0.06498145653838143,-0.14724332835195336,-0.13627789976116175,-0.16954074948849213,-0.06766450787579444,-0.07999630975908482,-0.10260469521714292,-0.08179222712228994,-0.14550940704019039,-0.053084119047340374,-0.12846344508652513,-0.03135450301686703,-0.12775737894510067,-0.07417360124506582
2015-02-04,0.17138325537307209,0.19789560799594816,0.10858976656696151,0.09361406490307243,0.10375383984071067,0.14163875108262305,0.1658535649306882,0.10819614176348176,0.1477084455522807,0.1779240695293946,0.1338794221440286,0.1201692242233269,0.13104286340395266,0.12511511987904989,0.1893822415431878,0.141803335453578,0.15764673379363772,0.14693792499946912,0.08786566667925513,0.20899041511302907,0.0929298957915242,0.18224139557706087,0.1070105930585012,0.15707548579758776
2015-02-05,0.21145680407779896,0.24983009216767216,0.21184231814686622,0.27904600649952316,0.26298087011784443,0.24945860126512492,0.23682889466037976,0.24549890187671575,0.2657700041325319,0.24146441226686657,0.2795717522337904,0.26642220438594433,0.24743016252903086,0.23158177017724893,0.2690971849047497,0.2862241456145039,0.2635472092288801,0.23702521899165968,0.2764379435472693,0.25160020941524,0.21554640227186708,0.23774163058650574,0.25870306626785017,0.3123798113789475
2015-02-06,0.3273925280255999,0.3391612726988597,0.2995935259613579,0.31193559748840166,0.3022324200550671,0.29403401474238283,0.2903725793117231,0.3168109242021676,0.31868634647040917,0.32031258001783836,0.31756138230333747,0.30989196078386705,0.3337186440036699,0.343651971561159,0.33678626801452144,0.3330356644729327,0.3332568977859944,0.30772204275466547,0.33073970611395853,0.3410538056046038,0.33632813672026196,0.3599870874935605,0.30515689309864347,0.3605924666683
2015-02-09,0.04132806544086497,0.06641941657830637,0.01268377319816796,0.045271921650768834,0.05164875442135342,0.06407440796657547,0.07915693457816149,0.06127317106070205,0.04640465962354738,0.05870956812103282,0.08313887006459707,0.04478074718512571,0.04444598696295775,0.05771516878578083,0.0593868008239068,0.05162441260534265,0.09173321817295514,0.08744905855505908,0.05861051380043452,0.1277036740106569,0.058118857318632776,0.0760505814438758,0.05708758374724565,0.04466289423434088
2015-02-10,0.04837996792091713,0.09671173638089457,0.03669015265921219,0.091744540933754,0.05763209544559685,0.07858367812416946,0.10014257401058226,0.0945020320941141,0.07212278138250765,0.051008043528654165,0.042905232150081546,0.10487455608833712,0.06344109447804926,0.11725338264417504,0.03486580306264461,0.11220135614578061,0.0917100783191821,0.09189420025997176,0.07489810634341547,0.07620382974027189,0.16492023954048932,0.045921072421078436,0.050841514391107505,0.06304465391182024
2015-02-11,0.1240464935295409,0.09528660538731842,0.1431706683629911,0.1966428280944665,0.19667849628439443,0.1976343073739495,0.1133766437141421,0.22685474896855215,0.15008885120130877,0.13005561952726308,0.12502640474742566,0.17267814248600025,0.18401652986126435,0.27563364970910587,0.11654315957537864,0.1410995033343385,0.14641213562333297,0.1196537631388903,0.1199841758982902,0.098217662994774,0.18846975157402243,0.179688146813254,0.1358271182596546,0.15995062371381347
2015-02-12,0.02635774657276633,0.1676079973703121,0.030116251663733724,0.07434418517847202,0.14836988599188927,0.12620064710082943,0.1282162538087219,0.0909311820563472,0.062036274104474876,0.06365986259544212,0.10259871554617461,0.08632387230438521,0.11106095226109303,0.15541598733436238,0.1602667866620543,0.19011519979248506,0.17677830177145318,0.009111866902965927,0.01711683019466353,0.15970529970042105,0.23176214380448598,0.14750014122738192,0.08423862757783399,0.13383161040420585
2015-02-13,0.13452576105070388,-0.02329297253874517,0.1080824580787915,0.036447144486659214,-0.08400672289875755,0.00507494325746902,-0.07347364900708021,-0.003690648734204605,0.08620848382573242,0.08665240278670963,0.03823776222827736,-0.00030124793768811263,-0.0016421627579254396,-0.016624548190081107,0.006565759051499952,-0.03344960700748742,0.07371464735723071,0.0404708529407718,0.06055179946871123,-0.016796139015388258,-0.07639454901090416,-0.009151189351914411,0.015742976225230614,0.05446996510431347
2015-02-16,-0.029462205336989712,0.015865747511163427,0.06917188278746024,0.08374199506621367,-0.05240767393953631,0.017913313905239935,-0.0534160329076173,0.03742110747893681,0.01069091869600209,0.07476316578446764,-0.051160239422617756,0.022862563371901314,0.03139409001388675,0.012555322371211111,-0.06357481570459386,0.02458043687201635,0.06055745091482952,0.03602714278692427,0.012842598635540112,-0.003711455092841123,0.028297676050716442,0.014205714869638125,-0.043953268442337184,0.10194065720716294
2015-02-17,-0.10536899682531106,-0.282744286754772,-0.10710037153298575,-0.19174878485787378,-0.1925238546045166,-0.15280635017456276,-0.28578286864708297,-0.11162353975593099,-0.23912444111286532,-0.15888737002757605,-0.14478958398913808,-0.14991429888111948,-0.2640462111255636,-0.26993442755901403,-0.1859916747497261,-0.1589683474637925,-0.17617412462558413,-0.16451722987881223,-0.15053126982372073,-0.16154034508076132,-0.23201385099938623,-0.04086468477635301,-0.18333484362814959,-0.14052862841679836
2015-02-25,-0.13794365247740767,-0.160039654996909,-0.12000827260656381,-0.03224303647366897,-0.04007479675349482,-0.11171565216407277,-0.06706326404331865,-0.08951254497943857,-0.03543566194836406,-0.08989826489819097,-0.031036260302383677,-0.03371912482075603,-0.07718405854723101,-0.09122502691927989,-0.0031823682350498473,-0.08581993870715228,0.0020843665120954626,-0.07308569495781557,-0.08184108388662673,-0.09731448770215617,-0.13232507055638495,-0.1238218188904812,-0.09764486623491565,-0.12060033002050534
2015-02-26,-0.05757165187320278,-0.11725636098456642,-0.04409561005711273,-0.10895836978653337,-0.06499868175067093,-0.06435088318130776,-0.05057504172969397,-0.06857603367166312,-0.09598311867994355,-0.06062025749167161,-0.08319391686485239,-0.12987734724853572,-0.0996800048607587,-0.10370850221398595,-0.015529813917322567,-0.07351067783322576,-0.07676364847655319,-0.05509854587662359,-0.12410355330329653,-0.07125880661591567,-0.07288938887793622,-0.07918132528006933,-0.11272514494990628,-0.06929805916043248
2015-02-27,0.11552162561660134,0.17300011290610928,0.08171871774810574,0.2165481313195655,0.1467003400799463,0.1353044145083274,0.18825557171158688,0.1203070612347551,0.18286090100038319,0.13132486581705619,0.17921488924296525,0.11775251535408682,0.10076068833443803,0.15804589771863503,0.21062977870282484,0.23564046983882794,0.26287241091654046,0.11861696404030919,0.15798420302566793,0.1344182762816088,0.15306983513900876,0.10525138719673731,0.17352210784738545,0.17453717834260948
2015-03-02,0.06394088472683157,0.1199484950229702,0.006562161873484955,0.02152990208567812,0.08295994290555576,0.061839370873490875,0.12068462121495763,0.04386749156152782,0.10229530158025382,0.04584687430330093,0.03506832663280688,0.0242816686931853,0.020833850164673793,0.06723937888846551,0.12960353188197338,0.08380770456671045,0.1027599722937961,0.001193640785711331,0.03887395115223905,0.003856671507470184,0.06202590706342418,0.04845027069323967,-0.017362654978088803,0.017291093779904673
2015-03-03,0.011539317533788472,0.043702255145873926,0.04843129795873745,0.06989526723381653,0.10678242776087746,0.04223290927470087,0.0402112031055569,0.03619237224649803,0.026766338941726548,-0.002754812637916879,0.048810623922527246,-0.04531884889752701,0.021416734275776155,0.0177781933600847,0.05496515153578254,0.04055992271775755,0.09769113636443125,0.02598190056044587,-0.027269054291450507,0.027489564619828946,0.055069502325058896,0.007302145300400792,0.044166411312493464,0.004784471638576136
2015-03-04,0.25857971003748215,0.22322832477730287,0.27831772144651207,0.19767943047048614,0.1375816658358736,0.22245497029741745,0.11410509162021762,0.22954578016393948,0.2735387811734899,0.27485943637753235,0.17624240096136506,0.2615750427986214,0.2125536711992269,0.18442010042099502,0.11052847777291946,0.1757124519114217,0.17465544575723738,0.26648484361467195,0.3042589563869385,0.26775440777797405,0.19297784974499999,0.23748368912575515,0.22383635636120783,0.1850466886564896
2015-03-05,-0.0027291427151001414,0.07084833607810835,-0.04622216698260413,0.05933194543707781,0.05703483205423416,0.04160457384336557,0.11706752011940808,0.08271919957748053,0.1282617530995615,0.08044967840170276,0.08387633222515256,0.08360488456645056,0.0968481496442969,0.08629748625057158,0.06366541341707058,0.060369014697247016,0.08555945685617024,0.07820352359947626,0.07568418108945348,0.06113215051429387,0.04216959264211069,0.028189541062073168,0.11796762265801611,0.081165584314763
2015-03-06,0.27454729064452255,0.27904781732177564,0.3119502593021447,0.26094255023877466,0.32856355394013753,0.26863110534109114,0.2909468071581056,0.23894875850444688,0.27811663958452126,0.22269888667795057,0.2717696665024829,0.28166510787050797,0.2393889922932022,0.29606256739107273,0.3397605560749175,0.3600331853285327,0.2848551249292867,0.274162490020585,0.2665952415749103,0.23872926305810524,0.2414350478071746,0.34853888245329456,0.21666885209431028,0.3433838467044475
2015-03-09,0.05427692415182198,0.055902594590193325,0.06509348773594319,0.07058086351195302,0.08406817138768428,0.05277352341803153,0.05020290743580663,0.0761125220783543,0.05176535189011904,0.08345460872526023,0.07779526811323019,0.0650201751162951,0.05758706273358447,0.03662752601029677,0.026496361615234658,0.028334589447485067,0.05601945195372638,0.03331394321150384,0.04074434942369055,0.06561528661605603,0.08894592074930485,0.08997254343988045,0.07184243100710559,0.05751498019144723
2015-03-10,-0.040218462276631485,0.0246594214932692,-0.0018655399130389624,-0.028148913531584465,-0.04862581569720296,0.0057698150574314626,-0.12636099169118936,0.03495470228990042,-0.006330731713336623,-0.030913642206611747,-0.022566316708865213,0.006575271694025101,-0.031222638399513888,0.057003647188516256,-0.15748989796530863,-0.03589349964031011,-0.05977575634585808,0.03610310533804309,0.07100639026781888,0.017367504966502117,0.016733275519605843,-0.009527464619841736,0.038416148495420424,0.01295102434948043
2015-03-11,0.09587664753920681,0.08392961480058118,0.09536198190580611,0.06331149940667781,0.07866782294246734,0.12210196136354459,0.07126421511667352,0.09717905665164626,0.08765183804788167,0.0789295840485564,0.09184592013115851,0.03672355788461888,0.08345431173952472,0.09111426831771027,0.12524801495815652,0.14245880768351318,0.03713834099069613,0.07984082759832516,0.09375746505062478,0.0839665172121539,0.12003936257270738,0.08516018721849242,0.027139263550955178,0.05162967199922138
2015-03-12,0.18880662020905925,0.1643092679678046,0.14292567188908653,0.15860206866304427,0.07954697741283107,0.1723540686955321,0.12551219106097156,0.13171939848769118,0.21579690634568685,0.21307960332350576,0.2066226456470359,0.16573619469960932,0.14677700348432057,0.1413347831030758,0.14558409070604192,0.17747090308065916,0.18466391332244989,0.15562638580931265,0.17114897297824128,0.16777582173923639,0.16623011135206256,0.17803639449980913,0.14418609845439115,0.17214645110986573
2015-03-13,0.1371235471845228,0.026744596866548086,0.06496044605800702,0.08235260674285065,0.05794104269714026,0.03059542083932328,0.016228690009177815,0.0850201627640652,0.057854239256678285,0.04930181607010875,0.08319322953469295,0.005816845755870146,0.07116562299489129,0.0800540922492142,0.030671564208149576,0.07421744921744922,0.046555578567773696,0.08374247703515997,0.07688855859587566,0.13565804114584604,0.02813091380164551,0.02949540297101273,0.03676404895917091,0.09880058965424819
2015-03-16,0.12356499835213894,0.09078551940394591,0.1079545865546828,0.15507339017946725,0.1327326634491101,0.1085766781148344,0.08392829880801926,0.10067756202546738,0.08124576690298359,0.11245542279954963,0.14475570596415788,0.06457366232865507,0.09122740492260115,0.10954902930493673,0.054495068382485946,0.12913236617669646,0.072492068078802,0.13432101472753885,0.14385036096413306,0.07783175075626822,0.09633129687816576,0.16238518686035172,0.11495318005921999,0.14190667382923258
2015-03-17,-0.05868461903319539,-0.08442938261715763,-0.11386966396457214,-0.09860382526947598,0.06111665551735746,-0.10145414563235845,-0.026382849549437436,-0.07730028214051976,-0.12060535423974356,-0.07743429542205156,-0.09483013309179683,-0.08942290023241586,-0.09655555409151856,-0.04561933933597913,-0.04810213842678202,-0.08639084973775922,-0.04631529467302488,-0.08259939064775579,-0.08963661080637374,-0.11891140605613915,-0.11061984188742631,0.04174564482321756,-0.03779732927869398,-0.04984735684309369
2015-03-18,0.14742414728766157,0.18031416439521444,0.16195037264676782,0.16337796325267415,0.08739847402260369,0.1353066548157627,0.09260272910274553,0.14608679094780852,0.154898428036119,0.15552410199660416,0.16385076097728388,0.15694373806666,0.17183587207488593,0.14725685345555725,0.1269200882369594,0.13614212965930284,0.1308570863244301,0.16222380981662626,0.15532200707015423,0.12230372307201319,0.12446959403653726,0.10842529522622608,0.14490678527024675,0.18706855964920824
2015-03-19,-0.09251739083047748,-0.13165931402947048,-0.08135216468974299,-0.10826176710303073,-0.03989358083086453,-0.0766851483726813,-0.11677182745725076,-0.10280654704165136,-0.09680028417842411,-0.172242346343362,-0.09799049515964967,-0.07458698681061232,-0.0775998379529829,-0.1094600130451487,-0.05419036818134797,-0.10905774661595401,-0.12565616147368544,-0.13989592652106136,-0.12250723438071744,-0.0914956548357059,-0.09924524502030144,-0.09660148369440842,-0.09621917507130136,-0.09540816240574065
2015-03-20,0.17027262471451982,0.18205699077007745,0.15367253461205602,0.212520241314559,0.2371633805428712,0.14606242872178374,0.1248433370023231,0.20597300080830772,0.18492164894433688,0.2074559852799317,0.15352633932516124,0.1968075822518425,0.21142454611172648,0.19392907399777198,0.19954169059973448,0.15051856365952063,0.1849213924613774,0.19067687007176165,0.1810166958864893,0.21444411999350246,0.232539762232604,0.20691762754801563,0.18534946252072373,0.1828174627448898
2015-03-23,-0.12391587872974265,-0.10688592537116284,-0.08376245064306681,-0.00947165799540639,0.02489756713119999,-0.0713645789383915,-0.05395810864360286,-0.11134103380573214,-0.09405511048643268,-0.1070069853125052,-0.09336158065297988,-0.06226405173773594,-0.06491095553996709,-0.05196318444071974,-0.05673274094326725,-0.06789744273698059,-0.07105628646065103,-0.06639753058238296,-0.03683992515828202,-0.10018146167055024,0.007739885275186944,-0.02853449503000209,-0.05358056577568772,-0.05038889223741598
2015-03-24,0.3036680067166629,0.3325317394651562,0.25563802689399945,0.26453762487935095,0.22097147458934854,0.24548785775977525,0.3447748416017062,0.32362631748207493,0.31722256725107806,0.316599928948337,0.27587800736779433,0.2926770640920027,0.2846722439396719,0.36251262086907765,0.22668269854484777,0.27820019409893554,0.3241012380242167,0.3378982886459238,0.34633884971930556,0.29425324965940064,0.2166204188309085,0.2720246386880758,0.2883593639569238,0.3672729448316153
2015-03-25,0.0040937609987570026,-0.034849119997243314,-0.027801518774473722,-0.02373211279459189,-0.009652264600082712,-0.036579914708176654,-0.060819511972156626,-0.053857418043916166,-0.017526877550743974,-0.027391983837518404,0.012697700873343225,-0.024768260010650796,-0.031170188504762317,-0.07307935196267884,0.015260537153022904,-0.04127196204017155,-0.010361207432123017,-0.015414609120254963,-0.01893099733459079,0.030089566906409623,-0.005014221875158846,-0.05623123819884724,0.01969235640290592,-0.02089289999637223
2015-03-26,0.11028365886591118,0.05580082107461282,0.06197965353056618,0.025936008659002578,-0.0014606600302846428,0.09237472052303874,0.17589254964986797,0.11636628018214516,0.07549294542751091,0.14011293875832964,0.0027469373698279682,0.0943601685881562,0.06044847510810088,0.07347469811021641,0.15732653295504861,0.13919783962258994,0.12276049439406114,0.10006723846696296,0.06631899459358993,0.06936385850402611,0.11125069015093123,0.027418534857405252,0.10257802122111617,0.06371418731652918
2015-03-27,0.04104427201690311,0.015001567872308004,0.023539634015806166,0.0733443752064144,0.005448459824486384,0.09411654195068869,-0.04824985391855259,-0.02828496873237115,0.06457396005868758,0.02779347184946657,0.057920932269353555,0.03375746466074326,0.04122633859691104,0.04999233331173933,0.037305138338864535,-0.016691830901880932,0.01995438665804744,0.02913092907832609,0.05562009694567206,-0.017797491680624125,0.061997123955904544,0.03271203228024245,0.041953223531662004,0.03619008414021198
2015-03-30,0.1434262294835538,0.13787850854673595,0.1699955406677316,0.12742073888798885,0.09278226391129309,0.11772500529229782,0.09949271849669072,0.10872406928351083,0.17081005554144282,0.1293329355512385,0.1428834017858389,0.1456366260552662,0.1244376464948061,0.12495724138572058,0.20824986036399992,0.08989210274531229,0.11049030925462562,0.10395833729088352,0.11187935777415603,0.20285848255059236,0.11692962331830463,0.14282627641382353,0.136187706865938,0.17688174460339645
2015-03-31,0.022097952520069592,-0.0005381811363548514,-0.06341216953553168,0.050630025888180434,0.050702730907109014,-0.027390659236359763,-0.10773517169522649,-0.030345872261381933,0.02135258941248215,0.00583498775972746,0.029298482665388138,-0.02896365692032227,0.007829729218903542,-0.010046685641947828,0.0802657942428839,-0.023789300855145173,0.03712083205154328,-0.03177427988890375,0.0412368654351734,-0.08548907586591142,0.10669352196914811,-0.054600922561092204,-0.03255244225315071,0.023831393234524885
2015-04-01,-0.11989658064456811,-0.057841335962555675,-0.03767243890382641,-0.06181116248830806,-0.019942688160673735,-0.03835553392190522,-0.03980773919337286,-0.113087413542852,-0.04422858716401373,-0.09051539603008833,-0.11154500398240667,-0.05491542161079293,-0.08635008033317684,-0.05392149881057113,-0.059115646088268525,-0.055369794298615584,-0.09106276570933382,-0.09384345953394982,-0.06443462716526323,-0.11234064490902422,-0.10455682465395774,-0.04006494708856933,-0.06458319893534416,-0.08053734946388313
2015-04-02,0.07259175623401518,0.015365932296566385,0.01310636779124999,0.05994925405187785,0.09849562043561294,0.013280631572156854,0.08569952036966347,0.08385131892408394,0.022437578867277264,0.09135331883834846,0.003893845989077553,0.054031267223035966,0.03753541303937155,0.015191389246779863,-0.04031385912309332,0.058854520043616784,0.11370292800853334,0.046591265000055615,0.029594960984043284,0.0564530869474339,0.041728914536322596,0.06865322722419227,0.04173282430063782,0.1250088493326254
2015-04-03,0.1712290996695731,0.14485186044712617,0.14582601200145875,0.15012211429013472,0.15374410149299916,0.07417752433997503,0.15798163312667837,0.23792781443048328,0.14058670114599564,0.2063958050149742,0.06811214622771829,0.10361756677607223,0.15527798958989492,0.08330681077258009,0.11721148426880615,0.15416404203825881,0.17582579098011913,0.21153565626761264,0.1039203660113384,0.16789167744145697,0.11220921880007516,0.09473306147708561,0.20726276121959575,0.18724541104443634
2015-04-07,0.16040128639963114,0.1211782815008302,0.15409609926290901,0.19691153025665328,0.17318820149247607,0.1476232121615918,0.22996748637507075,0.19635455640389576,0.14213773803138335,0.17745750553347892,0.1256965108599553,0.12819101329871893,0.14389651558428726,0.14864875131905006,0.10093382910268596,0.1537819726405949,0.1392605923455616,0.14669464613028327,0.11291650268492723,0.08493685488524307,0.16636831084003614,0.14247645328112576,0.18289601262253222,0.09607329289655367
2015-04-08,0.3035811821274475,0.32171764571320544,0.25712966690141964,0.33229655877968717,0.2836881509598377,0.3047653042815553,0.28240235896142013,0.27895332000391165,0.316585528789569,0.30771759764105033,0.31651977492286865,0.25931860759833886,0.3306720514847377,0.31777517647869363,0.29803989933581443,0.2679635834089283,0.2836605232847535,0.2869614779038108,0.2944029921877335,0.2960344064014541,0.2962001724519592,0.30779799417554526,0.30936172058530964,0.3172524608661011
2015-04-09,-0.02343600098299277,0.016245899535565187,-0.008017826478608868,0.008206799750080164,0.04551078660262432,-0.002973289981833453,0.010236052204695171,0.02538927734162151,0.026157602879577167,-0.013838147984582234,0.012197340587991556,0.02237924255700197,0.05713706322551182,0.011876583324573173,0.008814608517970297,0.012630266196756937,0.006209871670848404,0.02450436303091601,0.02276464857118685,-0.0030556204422112986,0.022548323905160497,0.04698168382091844,-0.01810993851599915,0.030149801377764632
2015-04-10,0.031577684936787725,0.058241038064370886,0.06971953045997457,0.048548124986225946,0.05022472528430928,0.02218088110483653,0.04090417972398058,0.044379880309668475,0.03308283933342188,0.03758856742481935,0.00034208054468958123,0.06535360919988502,0.027942436903378998,0.058701832726940885,0.02648514674106109,0.08178239918528116,0.04581012853169472,0.03331972673037688,-0.0009394370057324942,0.040881464494135586,0.03270100713650355,0.05985138560873963,0.04120596777763558,0.0759786579598837
2015-04-13,0.005541552884279064,-0.06958485576431125,-0.019043603208011343,-0.028396712793209662,-0.019071963801181178,-0.002957260719869472,0.013019652687079365,-0.019310085762701476,-0.07141036828504493,-0.04396132738813291,-0.10784837945296527,-0.041330213489716515,-0.06508916664136122,-0.059454505394600066,-0.06572085872130438,0.0011074008974522522,-0.03632991985055606,-0.07442756082444311,-0.0864952607709728,-0.033738136208705374,-0.07886171281126994,-0.03687545993992671,-0.023321771932404076,-0.04667083424691497
2015-04-14,0.12190310059615847,0.09168869455934398,0.10834197274983125,0.09570496408617926,0.06274990645377629,0.0824611690914007,0.09397616969682081,0.09797303299414707,0.09500606649667893,0.07267960943733412,0.03472129784489851,0.10880143573299511,0.08583402644550081,0.09239524530977744,0.05490404986143884,0.11303582034642454,0.0901925015969174,0.08644081277662742,0.08775770311147785,0.07088904310615828,0.02439827705481312,0.07827898996862225,0.07656878182724422,0.03469533176316111
2015-04-15,-0.02933566718362399,-0.05117123460280029,-0.06350922670801781,-0.04829583192342748,-0.05719536721243685,-0.027488521622102944,-0.05333871970236553,-0.025882997350369502,-0.04580363404980379,-0.07169209794519112,-0.06875765657962586,-0.014513130367807717,-0.005795631027891726,-0.07057582945255247,-0.018061464738874045,-0.010962062724232483,-0.030936271564841404,-0.0360108653048828,-0.03341370976691698,-0.10333355381733117,-0.02220729248038799,-0.0674757517729473,-0.07315877197347195,-0.04170973848595913
2015-04-16,-0.0069449120447254665,-0.014199454347655535,-0.06427599657000217,-0.02667931147965772,-0.0004156346784807663,-0.026131171275831755,-0.01780495673424243,-0.0542504662707205,-0.022998362069455908,-0.05013062611024263,-0.060270002993545395,-0.029606331492589292,0.024404543154751927,-0.015088052625786828,-0.00980838348937923,-0.003993554282240701,-0.03428864408718556,-0.04905814261326494,-0.018081325401390996,-0.06610186862537117,-0.00392000019470214,-0.034521204805138365,-0.05038860625550656,-0.08075265301751883
2015-04-17,0.2792183938206209,0.3134170807572254,0.2835309488277,0.3409700925485566,0.3010823753218426,0.2605933384718828,0.26281056791905144,0.38011108013403966,0.37808845958312154,0.35506994440526757,0.39672936790374513,0.32206023036008113,0.31992281242654336,0.32190880714586373,0.26896097435645133,0.25374376130890886,0.36058185873362086,0.3466552962592453,0.33378158977975303,0.4369385178017941,0.20684793720036512,0.38114644319442853,0.3920893670290984,0.41696814645959407
2015-04-20,0.149038004619346,0.16935373360297937,0.14819646586877966,0.17116831880118025,0.06300821094276653,0.15816010785841375,0.19259854788979877,0.16113173976947476,0.1455436572401065,0.18122644741349778,0.16672634242836148,0.1830233509045298,0.17264032092298515,0.17272044115859386,0.15400822199383352,0.1343224038280896,0.09754640032854921,0.16559581827625455,0.1513106565438893,0.15761142238283107,0.20041109969167523,0.16671529136138094,0.16620473206688105,0.15884637911790386
2015-04-21,-0.07632607909802687,-0.070327392660453,-0.04857357932775181,-0.0448144137857153,-0.024335487174840256,-0.040874008811568,-0.023985147400308316,-0.05988664630969615,-0.04406913013965219,-0.07824433757340521,-0.0641886832348309,-0.020919603797051003,-0.05847822960128372,-0.04672109778022676,-0.036372664971993644,-0.05466457930784941,-0.045832685797590166,-0.06585569078407433,-0.04166079120610508,-0.15475165610354288,-0.03157405458722821,-0.05380242163547186,-0.08889822375475964,-0.09442348569443662
2015-04-22,0.11795245830984981,0.06648819193493133,0.16526207605344295,0.11452828520593664,0.07023616130137365,0.06673186796185172,0.09475184829095248,0.15809656422327573,0.15615157643470476,0.14455790206544442,0.15233011747284197,0.12806142183027772,0.08064460873697354,0.10743184254439765,0.10655107250605046,0.12424383074185813,0.15789819757097548,0.0954917172252981,0.12268618285095428,0.1442838356043276,0.12746853208677297,0.1406690315950005,0.1354192222259059,0.11915757716407518
2015-04-23,-0.01703749257039429,0.0553775363500537,-0.0105739528553299,0.034530627500866176,-0.0812560425119948,-0.00344260143694567,-0.03200305652279625,0.06409092727233626,0.023491132833125813,0.05281625372349887,0.010804583339409108,6.448021654650706e-05,-0.004166866773839424,0.016867596564141045,-0.052947354578717916,-0.002514728445313776,0.0100840637412359,0.00981758118654577,-0.001767453570565252,0.049526157363032494,0.05026513810204267,-0.019214836978093355,-0.0006683468088513471,0.06879049160279017
2015-04-24,0.053905186268872834,0.017988907798921285,0.02035086329901613,0.045867902260847325,0.059154035725245836,0.014104577265348897,0.05767982018316126,0.056039186843040996,0.042877732950804284,0.07686977218687703,0.034791219240465965,0.032344717077703464,0.05621523653935528,0.02969701526201038,0.05630566936208207,0.06148067426498584,0.048451391421349806,0.0996866689979428,0.05288848589502141,0.06808869158956021,0.011195208879754046,0.10587355832555873,-0.0037192504991865063,0.09060218360485031
2015-04-27,0.25509976487152763,0.24174102848592544,0.2439651707367568,0.22450792064442326,0.13919945285897353,0.24500848231196126,0.14522933798606547,0.2644366569373483,0.22608375856469196,0.24071605279077724,0.27972039878772026,0.24412102571723548,0.24761401086796406,0.23402267074679028,0.13743973225585432,0.15175900681526394,0.25372274027929814,0.2359379843892445,0.26793435702866275,0.28362305988713565,0.187972107985348,0.1628168521949419,0.2882486785430573,0.23580701381741367
2015-04-28,0.14829736608832236,0.15818606893477166,0.11078550804273561,0.15496016215067365,0.10403406822976874,0.16629049230976586,0.08490256963199883,0.14328303275671697,0.15018065700052355,0.1514564012710788,0.14159102572742305,0.16664299377420205,0.1326006832307796,0.1190273033119586,0.16983520556537607,0.15567034892461132,0.1004909101276781,0.15485596686486233,0.13052973712721674,0.16131037235559104,0.15740538186794673,0.15796005328992727,0.15221324265060363,0.12401260711119866
2015-04-29,0.0807766033040882,0.13518735544355176,0.040056405498604834,0.10790862786157998,0.15748958466860538,0.07562748266041436,0.11636893426096372,0.17958238625447193,0.16314801881599503,0.1591154999911547,0.13446705914491242,0.09418956233909657,0.1069698321819572,0.14552214289070806,0.0816148322460816,0.13120589756539444,0.12767750839181488,0.14590756232074648,0.12827313303890853,0.14521707317372406,0.16192644398494524,0.12403300092324053,0.0846961141454068,0.14774912590542894
2015-04-30,0.14119556826713228,0.17231045849565474,0.14224759125386102,0.15659576585896856,0.05137864250384647,0.13389547116546358,0.1896209222858389,0.15488775068272956,0.13371598661966536,0.15487239654754326,0.1408450704225352,0.17774529289865953,0.20685620375890407,0.13963262319575673,0.09021454491931666,0.12680133125646592,0.12482753070562311,0.13726385075357034,0.11048253281814031,0.152885359673264,0.2035121790059203,0.08473894264012766,0.17825886224799362,0.0924520130330135
2015-05-04,0.08502573809475841,0.11968688524179541,0.1561216141005518,0.09102898517277785,0.03567297358994852,0.0893551754474444,0.18788373101077546,0.10794815960448897,0.1245303150384851,0.1091764579150348,0.10879865807969674,0.11116574204462204,0.10859424092507051,0.1300993359649585,0.07723198141015715,0.12439643077911888,0.1917355965417374,0.11644673227517917,0.12194137305756023,0.13410714331525894,0.11960301521724989,0.049536662998996846,0.17897145084897848,0.039873656348378084
2015-05-05,0.05256970236285021,0.03828924922799955,0.08513499348091885,0.10899454838177262,-0.09361229930176367,0.10613333076146172,0.09388920770447448,0.000543918154912288,0.07263045977206972,0.1136471679327279,0.03591458835195691,0.08731244278142866,0.04738890097317703,0.05876524233550953,0.09272294362522952,0.0363788096796912,0.0895607055048132,0.08381847296317269,0.07310102638859206,0.024120473175818693,0.16300666179192405,-0.04609801542213461,0.17346522058395192,-0.046629242999470785
2015-05-06,0.10083653199644238,0.11919224795644094,0.12654176715989726,0.12528243582892637,0.10075189261981908,0.08861742732459234,0.018786607331898977,0.04786305451455573,0.08236411628988746,0.09165623742832818,0.08196990198119046,0.09925839234685709,0.0665550196344123,0.05785280930274001,0.11724554229410508,0.08116146769295825,0.03637903000453107,0.12187711157611571,0.0884325031108184,0.07829424468910418,0.058581733873538225,0.09576868520038259,0.08817884146390799,0.07736167264849111
2015-05-07,0.28536880321219216,0.2860920850651274,0.29125457341118444,0.3166694666052817,0.2424309964746421,0.30137385079618706,0.2601637130520314,0.2556485876126441,0.2786156077555307,0.30061825209450366,0.2664696022847499,0.30684360568827834,0.2496196999406242,0.25659347071413824,0.29586100677243166,0.2826500841905206,0.26878000048731754,0.2937788783745138,0.25736856211824116,0.28833631067263926,0.27458369614980654,0.3122143581707124,0.2788720906821035,0.33199637333141824
2015-05-08,0.18317667250265943,0.10982011373796002,0.1499593648015617,0.1443871902422917,0.12725340069150007,0.07083722722259712,0.1536238931921393,0.138262722167445,0.13531394180716447,0.1261330773561344,0.1463618426095651,0.07157175729340551,0.08961622199763893,0.11910047224142853,0.16241439577416336,0.08566742488580863,0.10419514641617167,0.07991402901674001,0.12413405909846789,0.17146429356433054,0.08703699097498695,0.20018304875160392,0.07678148923307827,0.17887253948926324
2015-05-11,0.12719440661326883,0.030017261323119198,0.17974423489777253,0.070236144133388,0.06106276401750133,0.08878373075421071,0.08887529527642096,0.022682353182591125,0.012447645355483202,0.019622251461329482,0.059715200993152265,0.12029526352381975,0.07723762404177796,0.039731051658325155,-0.01611689480853568,0.06721682324974941,0.053003547163467016,0.14380195388955858,0.11231889076130902,0.02600688914026386,0.03431745958467923,0.028761262820980387,-0.026213871127445002,-0.03198602679226717
2015-05-12,-0.04571757455863488,-0.056433689088022716,-0.07376244727832526,-0.03361209183782764,0.048302153341159025,-0.02816439377880086,0.0017628073803997659,-0.009157211101762382,-0.019590168443901376,-0.0347247149159848,-0.049125463641040194,0.011405284241469053,-0.02993925585829546,-0.01464671588318188,-0.0035415167042863334,-0.031189353802725615,-0.06134149051737664,-0.07165492680040515,-0.043051947160919944,-0.021677683250983244,-0.0368055611661206,-0.001422454493190325,-0.0863662763893721,0.0040655113904723835
2015-05-13,0.0417808870221356,0.08108254564065899,0.11965119733559186,0.033678977739610476,-0.012315176225600747,0.014153023571071266,0.05121505161696216,0.06326930986560618,0.040722494061134075,-0.012350455990967464,0.0599184935895529,0.03748208568389031,0.05746439250084217,0.06501476991184299,0.054099616605399185,0.05643823357006779,0.059800217541632825,0.04273267925325208,0.025418690229827574,0.0862019187877575,0.006974987280883208,-0.017769326426790633,0.08588033991927094,0.03151422148915915
2015-05-14,0.37325902506177816,0.26636150312412693,0.29740416061691166,0.2901692865129022,0.19987596479310984,0.2923114330144864,0.2707201762141559,0.28596758105445486,0.3041106796211529,0.26282562768461065,0.27592575636216266,0.2876937120357362,0.26525708707577667,0.24863595897608054,0.22509184017107303,0.2880558661138297,0.23333571862580474,0.3401763013245489,0.30056249299484605,0.3411432424537362,0.24170168301621103,0.1772859629643827,0.30223527550003426,0.3040055215673156
2015-05-15,0.13179043444237956,0.1847934074646046,0.18905615425090522,0.23208142718404087,0.13488592728015705,0.12925484390511313,0.08824065385713895,0.16362715123479366,0.19902154315794035,0.21454107055218008,0.22146123728149275,0.22021498658145455,0.12633683727528508,0.1819433688190347,0.21179567695407164,0.12218001795124334,0.17227190938354592,0.1811482716446946,0.18129908362485977,0.19475777043980186,0.248198046907914,0.20934575172526643,0.19676449311465244,0.20138323824868984
2015-05-18,0.07331197354537619,0.07528948860901838,0.06284898728514542,0.017082877208100342,0.01675824086277903,0.022751956780228195,0.05218548287573258,0.042644880101739224,0.021429806097836703,0.05062677154139467,0.024526923131152314,0.04181437961550674,0.0021120398979035545,0.007699643108148579,0.028054773454546315,0.027276813799808376,0.05564810134553192,0.03883808111258437,0.023043850288531176,0.059356164182747764,0.015857685934553837,0.019208877230314038,0.018025566329697963,0.054491187770884124
2015-05-19,-0.16470057651267858,-0.11348965721137788,-0.15846516019288895,-0.1955308573037171,-0.20936556576633047,-0.15732859700702714,-0.08536354146437494,-0.23563948527019354,-0.17145593485090346,-0.1786467381497322,-0.20500463632456886,-0.19796390602109107,-0.1551373757588457,-0.2323980122479842,-0.09974203774088528,-0.17310907054062447,-0.18122804550845462,-0.18981849332350997,-0.1596387880390879,-0.11363428714472129,-0.18441975339230918,-0.22046967145515728,-0.2416960581240208,-0.16308631983729718
2015-05-20,-0.03783828242791668,-0.010576089906195494,-0.046764150261370166,-0.05051827450685247,-0.03631169604062454,-0.056536084332118354,0.015457080081350211,-0.020756650394955996,-0.02969875850912535,-0.07902206268330336,0.007980788271794242,-0.030218447492033312,-0.12104719425577694,0.02488849213708815,-0.11555378833362684,-0.08162207923791245,-0.011985851048337959,-0.0655290088085277,-0.05885582507437284,-0.10257518464152822,-0.0364657167674138,0.0019655978466438227,-0.11785990819528093,-0.044602097406066576
2015-05-21,-0.04933882174153096,-0.06257550661178259,-0.042446605550726775,-0.04321410805166976,-0.06433955972470494,-0.027991975116300683,-0.060905478021767774,-0.0497531856273677,-0.033327866791303826,-0.03556477578977866,-0.07612050445249847,-0.04105591725841984,-0.09127157234148395,-0.02408394421940513,-0.062242594202185524,-0.059765704008615264,-0.05586204634534333,-0.057033526302266976,-0.04307963111774385,-0.026941852392432117,-0.0997031667677977,0.005877625990127425,-0.0275803445014787,-0.01894703467427609
2015-05-22,-0.07874158678743937,-0.08685305088935777,-0.11309808214829525,-0.12674102669475446,-0.15429087078489875,-0.06338307591141631,-0.18881674903167509,-0.04134664475798123,-0.1528590207892516,-0.08099353225575118,-0.13830423170692088,-0.05969899814264745,-0.07032410427162473,-0.10002087644081022,-0.08787527660588745,-0.07708756290642658,-0.10203258051592493,-0.09972135103754098,-0.0915912548181713,0.05124058142940206,-0.12408594995795207,-0.10584200162027488,-0.08510473720184933,-0.09648275025874278
2015-05-25,0.015126878135578765,-0.021037324704669874,-0.010370929114995623,-0.008655101118374203,0.01991075404412775,-0.002839326699487304,-0.009043284861099427,-0.0006498586829651772,-0.017081481024308145,-0.002940701302803316,0.0023425073625749485,-0.013654293333139838,-0.004033480428906769,0.012743038978814368,0.008837463696791161,-0.014635085638500262,0.00026893593111107245,0.00016197595020189202,0.019046137592705233,-0.004656529299424737,-0.00258491275011847,0.030524367815546554,-0.0391428847106855,-0.02136239368059229
2015-05-26,0.21300319526248243,0.23686299950413464,0.24536996063688685,0.22986523775466025,0.19700161661621376,0.24385652668743824,0.24196000565173673,0.22157988558484729,0.25645774869854393,0.2430940224722805,0.253800417274153,0.23132475156153384,0.2600737859040069,0.2635427425111371,0.25041925733896436,0.21521815567422908,0.28346552943157866,0.2651665574854382,0.24310841999726127,0.2317922476667916,0.2308809690268326,0.2445233297071356,0.2481608220478641,0.2897312758423251
2015-05-27,-0.002172343741148656,-0.02446112704743494,0.011656513413980146,0.020073346566594086,-0.013517217721952983,0.0024017925545857977,0.03347526911363587,0.047743903161185854,0.034512640303740356,-0.03345300915412331,-0.04306274782933334,-0.05087428131366347,0.009068650428597063,-0.0036046865205529,-0.024733383475319306,0.0531576394682786,0.07038656274690255,0.0184980263549361,-0.0063121254422919045,0.029443077216803316,-0.01872576286379535,-0.019658968858744918,0.007137456248834459,-0.06401992894221452
2015-05-28,0.07807229267083282,0.03779957269008364,0.16059240030042948,0.10997265508214414,0.0931853547911942,0.09028548094241524,0.08424538964684951,0.1252006387772811,0.054564122009377485,0.03667719142171697,0.1088479403807871,0.06205677534144688,0.06792185916273508,0.1228753728023801,0.03823009107680641,0.09695326571238981,0.1071783690761793,0.13012709917819407,0.09473767108803606,0.0707884815914013,0.10458650838212884,0.0044355644355644356,0.11549355753735317,0.06258121440603193
2015-05-29,0.145466106786607,0.15723178171890498,0.185978215570559,0.09392863649759718,0.1459262782271557,0.0552075899725331,0.12387440118207928,0.13579038916799843,0.08500765774323647,0.16398086667737202,0.15210180781019284,0.136781416690434,0.08524394640142416,0.14120281313332322,0.15430572607624377,0.14807768790249826,0.15638356602284662,0.133269111287776,0.08724533153188567,0.1338213170164344,0.16452182056516435,0.16541879423830907,0.1513043696524019,0.13384641727682797
2015-06-01,0.14427297594651745,0.11919624319905286,0.11767600016564281,0.14506834244438002,0.1535879248127658,0.1300046089592068,0.1726396207813016,0.17682307162169172,0.19380544485036336,0.12114884369362613,0.15056056643123508,0.13153626737112945,0.15989748990112013,0.12924434475027036,0.12672068994560634,0.14638767481596904,0.14722870282788186,0.15042729188710097,0.14128300292961538,0.10476634860578952,0.1303944441354107,0.09997474347514278,0.1414593705276344,0.05401129266324853
2015-06-02,0.2120396148435857,0.18213383177236014,0.20419383603400262,0.19732493962905837,0.1642583918192103,0.22370746700648098,0.18033645751385383,0.16479793921937097,0.2333411249339878,0.185833585373462,0.13107008279483318,0.18859667128298058,0.21211725158128994,0.24383604796609895,0.16600773183712259,0.1688518057104334,0.2020607806290195,0.23568642465787473,0.15201357023150547,0.23075565400713083,0.1748957419600595,0.16255596896652935,0.18165181375337602,0.10939491099562414
2015-06-03,0.15205227918546674,0.22390208823522842,0.18619963555387198,0.18058520850944373,0.16760589537191656,0.1841174047518795,0.21804581410462462,0.19277698263656073,0.20456046526253588,0.28224811667882804,0.17258247167174298,0.25214625325538836,0.10901578568892027,0.2436508856324523,0.23765050861909248,0.21395061125049128,0.17546788055669288,0.22176400360271042,0.17976639135393915,0.20677618671948442,0.2427371169650543,0.20071716318407282,0.24318059637942716,0.27276916310033705
2015-06-04,0.11222132295672396,0.11603237965465153,0.09828118355532996,0.13858717769333825,0.06407190465956702,0.12651385249911976,0.09779161732137767,0.10478698839032999,0.13143634038570867,0.12610293389179245,0.08211025604679838,0.12749298496702438,0.16913598875765706,0.09169856010827765,0.13192346793356408,0.10300674753959434,0.11947336573737483,0.10818895549550289,0.10033577659196666,0.07521730979391578,0.12322894232659798,0.14172820538614306,0.109682650729853,0.10389869697953484
2015-06-05,-0.08042485964653338,-0.08735752824835592,-0.04969086704823131,-0.08830925321569334,-0.0796185446971809,-0.05420841738141703,-0.011751425400834195,-0.10048324231540853,-0.09245945192449612,-0.11602899453892451,-0.10912256533884362,-0.08176798902318361,-0.11186622278345387,-0.07823988279733889,-0.03238598159961953,-0.06265477147121046,-0.08454389906576797,-0.06472112435836463,-0.08034231486188782,-0.10158475053435448,-0.07733681005406409,-0.07715969409230802,-0.12632741306831538,-0.10831133050166455
2015-06-17,0.1267040751299785,0.13238053314918496,0.106487159979332,0.10407860123196838,0.14461246926607288,0.1008823136704988,0.14880968080993529,0.13257076883781013,0.09772483856274296,0.09837754377026728,0.14490301601464842,0.13333745146222628,0.10311238979620689,0.17475990602466476,0.08680487271223558,0.16622444613330403,0.1725451362187311,0.09302197181204636,0.16137070280197366,0.11383009356398059,0.09792272741125536,0.11570593771776594,0.1260256771714042,0.16121189973431385
2015-06-18,0.0063284281081425675,-0.02563771896193063,-0.02962318656007428,-0.016495972392826703,-0.01644513734693201,-0.005394668580919063,-0.014291336718235964,-0.004817824586450903,-0.030005252062903838,-0.02871350679143247,-0.03556714118952911,-0.03497745465715072,-0.00022822260077984228,0.017002717534534816,0.02272085753906798,-0.0107569632641894,-0.043236811850672095,-0.02228635167310495,0.008444236228854164,-0.04237636181068619,-0.01220121367334484,-0.014709254306064935,0.008861618710936877,-0.035984523671611826
2015-06-19,0.144745829995927,0.1251317619075359,0.07357628182906342,0.039875520489962714,0.07017981275072294,-0.03370725140740328,-0.018130546642230603,0.08551097659844871,0.10456040874451696,0.03463208614051828,0.03856019998064359,0.04661816061729884,0.0424515367670544,0.06223921418253901,0.003467859829668664,0.028567117311774616,0.008412210198170055,0.10600336726378648,0.05793629889794079,0.11981369177261199,0.01956755593222275,0.10783248484705836,-0.0003153091516994434,0.12519936678568755
2015-06-23,0.04014437686127278,-0.025831054582199895,-0.07724361606884855,0.06923048433979057,-0.05369921633009441,0.006443140643622607,-0.017859195251105124,0.02221958309684862,0.09730664804033416,-0.055376898308228534,-0.060894826586914017,-0.0380889567772766,-0.010537854510424044,-0.07704162731325372,0.0035849587528848305,0.05767530621864394,-0.04625105179699654,0.07147641343955075,0.04226102222436671,-0.04436290792196387,-0.052318367624728884,-0.11235084708863653,-0.03634130305160218,-0.04025042779113854
2015-06-24,-0.010371577121599649,-0.04019259473675357,-0.07244906333634384,0.03635163432897583,0.026414666305608937,-0.017197126676297754,-0.030252073305665268,-0.02171706129791835,0.007881731665120332,-0.11059708193801503,-0.10684851013099368,-0.026428606597439036,0.022775430120784514,-0.048300104461710534,-0.06385883683938748,0.006680679855287188,-0.05138200231238616,0.03383308827166982,0.004980510930125111,-0.15261913497317853,-0.04758832956120859,-0.13392657032428243,-0.11830989006684113,-0.06264029133000282
2015-06-25,-0.3126212494805294,-0.39851036546207436,-0.33401821656019137,-0.32830018978105135,-0.375795913091896,-0.370522997311974,-0.2983011687007064,-0.37051028758113363,-0.39326313956363823,-0.43904223795161784,-0.440145821176289,-0.35911074069654403,-0.29861512609444396,-0.40000632782396617,-0.4076267579320847,-0.3115303759866987,-0.38959624700628953,-0.3119727827878655,-0.33689548328660657,-0.3821286040880606,-0.4008965498224022,-0.40387982111242215,-0.4509680217769597,-0.36740667947783784
2015-06-26,0.047776735966986575,0.11492278146265297,0.0906334487094083,0.10369491175708137,0.07801804113157254,0.14389298549950041,0.12551395906764426,0.0953742506703405,0.06069836076755772,0.0864500020476394,0.1303018494179067,0.11370390563944434,0.07617074934893865,0.023306184260864962,0.13753291371396378,0.14645973079426472,0.1132270286784091,0.08500481657146793,0.07340851589240947,0.07975859923172456,0.09505176654947287,0.029500162454945897,0.18358906847324147,0.11488025922016687
2015-06-29,-0.08626305079309043,-0.1187143617691486,-0.18438495232444824,-0.10776959629137771,-0.12107819823892453,-0.10965512901572994,-0.07024158762597461,-0.1823998205504821,-0.14840201315649373,-0.13797921519088271,-0.13685080647405376,-0.10477078020730124,-0.13945950249846786,-0.15770353700768372,-0.08411753315699536,-0.10641972951580846,-0.13684595494441643,-0.13742813850089874,-0.1476788498564319,-0.07651975236080505,-0.1142834882897642,-0.0899867424818066,-0.15382259868189804,-0.2030590606668106
2015-06-30,0.2764310887752119,0.04778290025941055,0.13782432585873405,0.3383679638192283,0.23794020559498763,0.2588649152140811,0.11997599026129308,0.32069850395032756,0.30343613061847563,0.10986922308952994,0.24179468903579024,0.1879328990984073,0.19410151514988935,0.08830863910639983,0.13316201654710458,0.326558992133937,0.03887315792266911,0.32421629710853905,0.19354180722510217,0.05150928559783916,0.2913848111719363,0.08666038582067338,0.09900050301603329,0.24652768311111706
2015-07-01,-0.1955100563325855,-0.24384267577112242,-0.20104437525851476,-0.08203926691728741,-0.238204553346396,-0.23795654555523565,-0.24494234408650528,-0.3327736692988945,-0.23016096177482645,-0.24888068421842752,-0.2661969951541425,-0.18792384892759112,-0.26653199735480626,-0.2995984249588729,-0.15998596293597378,-0.06538824204204535,-0.14008606548616134,-0.1338758442328367,-0.16179603644624999,-0.18288141703573502,-0.19743307512706432,-0.12191131141124557,-0.2224199338105465,-0.13831019994707966
2015-07-02,-0.345193021271904,-0.4163907775584193,-0.3689699095049219,-0.35121383332706285,-0.2753563568706746,-0.3775742050377514,-0.3794300454403542,-0.41045775821613,-0.4302629406992282,-0.40844401286468557,-0.4055096633713454,-0.4127967633753237,-0.38886105568603824,-0.4261558878503013,-0.3775559148892369,-0.3779012938603521,-0.3970968047263009,-0.36344323629546266,-0.3649134594002184,-0.3053692712397052,-0.39784578630796896,-0.41220416256345443,-0.35793637741356066,-0.36578254629046486
2015-07-03,-0.13362052164712057,-0.210509033692993,-0.14673028005969624,-0.13271137321446222,-0.21210662414592713,-0.12815955656275627,-0.15192093040962873,-0.14390530547551547,-0.19608212370927197,-0.18769629245347122,-0.19310528691473622,-0.16055446580409738,-0.1369577780875654,-0.13642491046500882,-0.20039973508545275,-0.14834069443261594,-0.18501103110281697,-0.17348975141055414,-0.18337193164571913,-0.17259815149998128,-0.18575718076302766,-0.1842284345121211,-0.1288095268230755,-0.14231716422678117
2015-07-06,-0.0550826015951637,-0.1736480147968915,0.028509896441753526,-0.149808439198211,-0.21927915560881994,-0.11105910308949975,-0.1302424398298202,-0.15228870528831182,-0.06349015872902303,-0.2104815887244313,-0.20158483568684687,-0.14250111365257956,-0.07031073741174898,-0.17287350563767712,-0.21555232774151717,-0.05377052797603608,-0.1861050609260425,-0.08777056167524055,-0.1363105507207086,-0.20913400401341878,-0.14761164958298473,-0.14179027955467607,-0.17526070817663117,-0.15682800244753353
2015-07-07,-0.014561713280607617,-0.05548258817176558,-0.021539985986857087,0.034543336588781934,0.04332529032806348,-0.11712990836261622,-0.14612772010383332,-0.007311521434597472,-0.07074996117648039,0.06102220173368344,0.03885340273612979,-0.03130690769706521,-0.09091409542900494,-0.05405575159872791,0.048612196428573326,-0.10447162906033332,0.0818476610679629,-0.040000192151642196,-0.08850302979574656,0.03879872334389531,-0.037943803657202096,-0.06532118422044322,0.06352858684799921,0.05835916754972293
2015-07-08,0.31545541313160996,0.41681834024251024,0.42395592798977755,0.3904621286282669,0.37407745202181264,0.38943212400510585,0.4298963864083151,0.4844055795400181,0.3918400108574399,0.45335050978766317,0.39639469703924546,0.3919798791732591,0.41021942482950063,0.34429267348646214,0.3902469466039296,0.3884731294499761,0.3932372594688032,0.40225697265560717,0.3925250069682469,0.3322173755540689,0.33623123758137347,0.3404803652886201,0.4785641048526757,0.40624644738682014
2015-07-09,0.3119777176325498,0.36897521508547254,0.46515325740615654,0.24492783923321162,0.36468675337745465,0.07401784151229227,0.4031046951426595,0.3670507600223738,0.2608732340803071,0.43648038831812885,0.3864118107144455,0.44506675768506326,0.24757081629467284,0.11139169083815885,0.4652407898844847,0.3156018141273578,0.355232615987958,0.4374167969172217,0.292248274855428,0.29056311721509676,0.3362682952336324,0.4236074464333563,0.45133257178121267,0.38756043834372955
2015-07-10,-0.34904690830663965,-0.1997727795735101,-0.2752284217400218,-0.2891419158271476,-0.13368071909897014,-0.3650971296533114,-0.3185057219035492,-0.2163585586739616,-0.30437250095933926,-0.2002113865560522,-0.18610314419482477,-0.06779399104386342,-0.21100890825755086,-0.16951016787554782,-0.06250445857293631,-0.19618009728214725,-0.0973203695925587,-0.21716083689009788,-0.3353158848850309,0.01210360523541982,-0.3465410060579268,-0.08982933489265599,-0.04491191556854178,-0.1348352376717425
2015-07-13,0.045893254880757836,0.23697058945933247,-0.05388664349576182,-0.2244643857274865,-0.42329094265160705,0.14001249731679213,0.06913647579412789,0.1964475104655621,0.09168647198798961,0.07235695108112217,-0.13756712951948863,0.07622470781385726,-0.07207906837688313,0.1262198819194556,0.13523995449905477,0.1631690188264396,0.18021879002773,0.2062823351339901,0.06225906411934787,0.42179408115143946,0.11319311125500185,0.09968060162353824,0.30484140216321964,0.08444707177715421
2015-07-14,0.13398545994797761,-0.1044499550744315,0.1255963906587832,0.023164673463317985,0.22587468354089943,0.19468894830420666,-0.13715346527896663,0.05420498086908389,0.17155773006959954,0.08654048355779939,0.17293485652490231,0.07661452202721354,0.005210822561661249,0.1444979121206582,0.03190809507293984,0.09035096583199115,0.09661392119862094,0.08556755088610557,0.12960555602593138,-0.14782431771819668,-0.003125674225273218,0.19100477658739273,-0.018929514612429,0.1332303276427893
2015-07-15,0.22342384298162138,0.13153528931365205,0.2879563447870897,0.22632136662144564,0.2357287005352286,0.25064220678856114,0.13744575158105035,0.16360850696202106,0.16332165684626862,0.3232800804530207,0.28076011905967163,0.31917778632703614,0.0836893649475908,0.19834774333326582,0.24650481570723742,0.24727289907600516,0.2035063208266683,0.2797355579403487,0.2632055669170699,0.027984422351361025,0.11672774886778572,0.12980946402899549,0.16239766200282127,0.4111675812123299
2015-07-16,-0.09533323800478473,-0.33002056532745544,-0.2255670383482438,-0.20868106853725354,-0.034384350330432134,-0.3851897046543129,-0.2616073107114327,-0.200055469150005,-0.1839805032963731,-0.13492438374621069,-0.14761804681180504,-0.0819006384826668,-0.1892368654952714,-0.07296002911439364,-0.10158387083737253,-0.11766372815033709,-0.118863766173288,-0.18608643958773644,-0.21895932898437034,-0.40134782531660035,-0.2752707871140531,-0.1902663546361562,-0.282423731144876,-0.15030704505562384
2015-07-17,0.18394328592835166,0.19359232973526275,0.12760666765161147,0.12892266371448288,0.2188101680495352,0.04383306169198256,0.11645800042421905,0.14221046213903304,0.1634296234628511,0.2192083461218526,0.22205648294978217,0.15247319112545657,0.1468990169105083,0.19398285666767975,0.09423112021601718,0.25550248463195946,0.19862486700476079,0.1569462387897368,0.10556245840853204,0.10053023993652979,0.11033262533894501,0.2341771637420232,0.2172598558272136,0.14580267232227798
2015-07-20,0.03609097648530011,0.03627469263767993,0.051645199722021126,0.05208044671390084,-0.014386577623944574,0.08042791067582264,0.011338923935053162,-0.013353636639674813,0.10186721576025427,0.09380158347305566,0.10833550391719746,-0.031228046921635604,-0.0576714594183726,-0.0023688903205350974,0.02281347724434646,0.024474012333054667,-0.03840006658173842,0.05249843178542271,0.13151887945492613,-0.15135097645461212,-0.0001985120841151077,0.08899814588491013,0.08397893429229165,0.07772087166542066
2015-07-21,0.04241521601299712,0.016733923631913526,0.08928728397609297,0.03309566365574076,0.01301894520547091,0.037208386038563704,0.06751672488399653,-0.00564571985733585,0.14593088606505916,0.09533199463606738,0.12676872934521244,-0.00633335556875827,0.02271504513271743,0.1378594268123066,-0.06507041252531875,0.11520298345372672,-0.006264779024554766,0.10744136549614816,0.09035209068063466,-0.18987411216753622,-0.06867566848103578,-0.024976824245174858,0.09086953187780657,0.1365452508561158
2015-07-22,0.03442147035669297,0.002911713373476034,-0.0008544642675498165,-0.03969991412203318,0.051468833939873004,0.039788073133764514,0.03001660225305413,0.010101296553970955,0.05313892319008401,0.017027635692442953,0.0286017425892541,0.040003846938701335,0.015686139122321453,-0.009875042307080058,-0.029376678797270066,0.0872885185525566,-0.021818430658625945,-3.822278830309425e-05,-0.014618367036176947,0.06960369749993463,-0.008973107802444142,-0.04157221425229926,-0.12098930440076058,-0.0038315262790924315
2015-07-23,0.07338940787598341,0.07289377992233631,-0.0712603896851597,-0.006755814238612405,0.021245918279672604,0.01417184231736605,0.021818228294072654,0.04257194749273345,0.06844653211435943,0.04048033518520383,0.021485627648449093,0.04059691685480385,0.07228811632866566,0.032174982231132465,0.06937669174560658,0.02919591534244983,0.06408344754379432,0.02764575319560262,-0.01629961364541331,0.1596950672534269,0.054236660482311023,0.027537587849743785,0.034460481700403264,0.03685508166261526
2015-07-24,0.10389765956335519,0.12487603686144523,0.08568571711377058,0.11048338846661133,0.21908802218195872,0.1320197180985499,0.15383660003394903,0.13797120965960083,0.014664374333691192,0.09464636854991645,0.1521753521246938,0.17040431684887042,0.15276167491619566,0.05481550691389142,0.04932866040374033,0.09433051078804289,0.16333629016550788,0.055599792454351954,0.10253146441369443,0.18076016434694486,0.06375346198391464,0.03560177208183756,0.06512028758818991,0.05893868009283985
2015-07-27,0.5195765955519119,0.41778864751672756,0.45911291169753105,0.36672868693578653,0.3606830354876174,0.3573034555442789,0.34104238314950486,0.3791095701463991,0.33912566694662827,0.4590751945629485,0.41350479147897606,0.3358816816606733,0.2625252837280389,0.3626758093833712,0.27700149403504715,0.4352653961501125,0.2473754641000978,0.4605841916581064,0.48034454134894355,0.2708648227249102,0.4509806610849357,0.41233743057805355,0.281967375613845,0.5189413267892737
2015-07-28,0.07878574907371445,0.11201551104452952,0.07697694920687763,-0.013926649281473672,0.0679804200805144,0.17359608401610285,0.05406671721935551,0.17704106481224607,0.14768351550796205,0.11579216679921336,0.11673602248978156,0.07235384416208918,0.02920342525291757,0.22784528411227628,0.1317507875739025,0.12546067678953435,0.051926242393978056,0.11732970833564521,0.1518423989100347,0.20526364460226745,0.193544668232567,0.14351846714383473,0.07969693046539299,0.11563804274784688
2015-07-29,0.12657973443623027,0.0680414198460256,0.12718544989335467,0.12958642581983912,0.22134908092670502,0.12472097402581798,0.18114252116356805,0.07251230889952806,0.09567437477653948,0.07560746864761259,0.04898126520970344,0.14425891948073702,0.1316723680581907,0.0598684225787501,0.16785407961589593,0.11426845217562394,0.1628206304050133,0.15535260578427393,0.0783099151680246,0.17515379856763275,0.16051367138154307,0.1809347592205137,0.14418062343691534,-0.03303384069350452
2015-07-30,-0.043963805917751994,-0.08688400135469973,-0.09523195006629442,-0.2179057437072855,0.04813326045515876,-0.08731946247826114,-0.2755097381045816,-0.04226653618418592,-0.0868967815308386,-0.04683342302835058,-0.14332686999303654,-0.007719226387884361,-0.04991095178491585,0.023564774530418428,-0.11061211277040534,-0.1655896251153548,-0.03298563461445288,0.018878502138419823,-0.06291587199687368,-0.012962215720957168,-0.08932314472754721,-0.11598415071131951,-0.04009920533799952,-0.17093610270399123
2015-07-31,0.5514136283103057,0.4328582702445633,0.26362132013666684,0.25091861134241217,0.3318840764734822,0.34970828090712097,0.2233551486288198,0.33213499729141477,0.4334635063883201,0.3852911225254913,0.4595958378036542,0.4660308850112854,0.2652734256728281,0.4378174238974709,0.38570217873979284,0.45265705759720865,0.3835665147429425,0.39084290323582743,0.37529589979307376,0.480502648617396,0.3322667622435452,0.4792631754313273,0.4363122142170339,0.4767243358991307
2015-08-03,0.14892371203305782,0.13152727085310562,0.14111711146006933,0.11847592082187432,0.216045346057165,0.144809051936986,0.05023806743055727,0.11120363028204615,0.14682524484087595,0.12111689395332992,0.15432481416177113,0.1446911569798167,0.11556259142572815,0.13690977457948475,0.1958938195144864,0.09666756033566139,0.1454413976163486,0.16588766155195048,0.16748586324405834,0.22714417907046414,0.16907523857573648,0.11819064024369727,0.12389372998997257,0.16315117459155826
2015-08-04,0.1147616177645709,0.12187986416231471,0.1280081144767149,0.12162893631373423,0.11650720279817423,0.1238333608418847,0.061434930122829155,0.11191662587141066,0.10776992628176336,0.10270554770302175,0.11869541832244122,0.13395089638129476,0.09029537324894162,0.1320637942753243,0.10452376154248749,0.11043163174639528,0.08953448520125848,0.11067320824658143,0.11464784302577356,0.07817820771121634,0.10756762544483327,0.1234876726629086,0.09828641216348706,0.10449633092053086
2015-08-05,0.541234858065842,0.4679533816933748,0.42870697622809334,0.42715668930837913,0.40737997097388784,0.40068139491778243,0.383983184525123,0.405388366102242,0.4841043578256391,0.4007847894093779,0.5018308390462993,0.4658836004988154,0.38767827669122495,0.42175810984782097,0.5594783117444795,0.5396152211822529,0.4861363117671758,0.4643667276526046,0.3926613868227503,0.42466324287996526,0.43458911407312506,0.48492016558249557,0.5233810250933387,0.5453416368356746
2015-08-06,0.44414168226493345,0.43139523508273053,0.4656483770193504,0.526615969581749,0.6198507783915631,0.38606591055834183,0.3937813459945606,0.4297191007571952,0.4166817757893157,0.46452334522497374,0.4115985886557663,0.40299747601562647,0.30769130431946984,0.5390787130940655,0.42696424029374735,0.42400328704941653,0.5039346764147682,0.47989421440171126,0.41626502488113787,0.4609649837930201,0.39154041309863097,0.43351616458726,0.37069634576629334,0.4723079130497166
2015-08-07,0.026014728385648965,0.033359155827637384,0.07523080846732332,0.04821888548845707,0.06077499362415269,0.06015557255809733,0.09248692935487393,0.09092705942373194,0.059128729915912906,0.03753283601126931,0.13383416220368952,0.009787681713860942,-0.011788128028579117,0.1576820326449338,0.09361833715900697,0.09464039785780959,0.04368496557006315,0.056018553940392506,0.08198641928089988,0.09597742922735987,0.06498724815106445,0.10158664881420709,0.04407389696511592,0.046172213721048204
2015-08-10,0.24605557352364613,0.17437550598973275,0.20178178426800086,0.20864259892957965,0.20684171876493773,0.2155767367347003,0.1745728408847431,0.20938029351286547,0.19234573328672344,0.2061180512178078,0.21375226564561448,0.2534911778713374,0.1733996705880743,0.2175590119805391,0.1940414106801967,0.18227464012311878,0.23418423778795208,0.2418426807327552,0.1592773143456469,0.17422120859201873,0.24550883790984532,0.16485114843992896,0.1362178232943026,0.19853229382399393
2015-08-11,-0.0450702590553441,0.1912526206591987,0.1243694498651485,0.11450311657936872,-0.033286179604935115,0.11411041065661849,0.0857733574180348,0.11448409387867722,0.18721626150738419,0.11998842517029618,0.11201243246340359,0.09287366105580618,0.14580448693927067,0.09518024411931615,0.15336713892944256,0.15105281781819369,0.15338874097938038,0.13315310130479094,0.13811931585989914,0.14891099068779157,0.1800014992468079,-0.020100868676469888,0.2505086557319194,0.2242982759469157
2015-08-12,0.15324168830738102,0.1025112750772703,0.1380614483479292,0.07752168928445617,0.09518392846245992,0.14887803834324992,0.06156763818905673,0.0979348270507536,0.10323736785983448,0.07162847264160198,0.1118711656091697,0.13234749795156953,0.11304477916535688,0.12315526649912545,0.13991085696284394,0.09970427518162044,0.12112401226726302,0.17687581492706034,0.136705344332181,-0.0033905824606770252,0.09611056729775716,0.09921032573984054,0.09066680595636586,0.04287171630194966
2015-08-13,-0.226689667316685,-0.07079156584860005,-0.24258881229252124,-0.11848052227562951,-0.22709272218562693,-0.108957209660273,-0.13846304352079514,-0.11736201240469839,-0.08225841165076404,-0.13113892349131603,-0.15466450486609146,-0.083020824501562,0.05205929732796795,-0.07889505572983582,0.0022494113964090286,-0.14989988847510904,-0.14475278649179213,-0.058752095167906915,-0.11925467458862965,-0.201063073521643,-0.07926419659686033,-0.22023100652844535,-0.06338135642963821,-0.1442779904649479
2015-08-14,0.05942823787813431,-0.05693750922260021,-0.03167053770954069,-0.03412506960142406,0.2645660586868324,-0.12378282267943616,-0.06322791977055162,-0.05504223363396914,-0.11214018256572394,-0.030426151672683116,-0.0025833401949648,-0.009201804294561565,-0.19341463474343876,-0.15217967290888954,-0.0682648135664903,0.003480759055927073,-0.13981309752216273,-0.09650448505648737,-0.11017740490433882,-0.22737274269631172,-0.08919991293237584,0.15526226756465858,-0.15221456528466099,-0.12996529513037502
2015-08-17,-0.09224429983970728,0.012295757857145127,-0.02406500604938785,0.011426839579795478,-0.0704916803896336,-0.007184454906932159,0.05579680531476725,-0.09607011960929204,-0.0064451489292094355,-0.026737534287217615,-0.09783890835494702,0.0465559642212169,-0.011622225285203227,0.008310018434289345,0.06843916322688487,0.02195832255246667,-0.0072083138874604975,-0.010381235879073808,-0.05411700411810986,-0.06281489219531261,-0.018246638987030998,0.013763085159637978,-0.007114490058626083,-0.04717533045898634
2015-08-18,-0.08602767561701834,-0.16056882091313193,-0.09034831466226331,-0.09215014834364196,-0.14531795016234061,-0.11776443192427345,-0.0834766718805725,-0.11014967620710962,-0.04146576555854904,-0.059907144356622276,-0.1207113800047165,-0.06869857525389379,-0.098130756953455,-0.1674321750048518,-0.04826663567971861,-0.03452430650364132,-0.039172667598507196,-0.08330994169384905,-0.10690497287924837,-0.17506127653158074,-0.06772050983732097,-0.10655015318933782,-0.11874441011545497,-0.10515605929537661
2015-08-19,0.10170109156843138,0.11129975702294476,0.13901074167895,0.12190021422834296,0.09406250827471159,0.17466671037815903,0.10080962930552946,0.19351035647142337,0.11227570015093075,0.1559932869234969,0.11153302508325147,0.03184487295717072,0.21840068896036838,0.15411831608200446,0.15311589387690255,0.10897085914517975,0.1276108685263385,0.23641591821243538,0.15310643706364688,0.27394433593626866,0.1010599196296964,0.20611754944967653,0.15967892227634323,0.21831999082058662
2015-08-20,0.06547766559179778,0.037475166199130334,0.048089042198863834,0.14461138086152286,0.053055508947699566,0.07796035045830152,-0.005815753369463099,0.08891186044864079,0.14250424211903093,0.04225342800642393,0.0758156968279645,0.029449817460707628,0.060127222932077076,0.1827126358611602,0.020963571528759602,0.11629489131512682,0.03242295113522012,0.11859433326421961,0.07691340136138115,0.029464634265150644,0.06827930263616133,-0.06130468600855934,0.025103449740370043,0.0682994787102965
2015-08-21,0.08937097375579905,-0.05647709025927563,-0.05607500851839085,0.07249969706946939,-0.08451733806332924,0.04937130907654288,-0.07015610008393316,-0.0072856357901035125,0.10553350135376088,-0.016138750209190804,-0.13168801932527976,-0.14649678228361057,-0.044549681407418724,-0.027921056021880792,-0.003196229759800641,0.15129371878014988,-0.107927701500015,0.04078645237692384,-0.033816629083830665,-0.05308576397622536,-0.10570085759011097,-0.14485429109977185,-0.09453341066397491,0.02955498940409648
2015-08-24,0.06943246270181216,0.05838765000210607,-0.17282394449061816,0.010003798254754228,-0.37200430184360356,0.17913191283890195,-0.10923000292033255,-0.25147982565828947,-0.047002030816468435,-0.014694612392065928,-0.1607835378883607,-0.1215206797595755,-0.3350146046858304,-0.13276272125749064,0.10064003336124064,0.14030009260913928,-0.2274541877435363,-0.17274499200416354,-0.21979854008013322,-0.15296266919152754,-0.2823505526979018,-0.15939074286669597,0.1429927077166824,0.17615945841643468
2015-08-25,0.39267677318682054,0.3655678418400458,0.329125642827174,0.3855473062821725,0.06782843644855792,0.30162021437027714,0.2451948103765039,0.27248640470011165,0.31123963325264153,0.3585518379448981,0.3626028414379378,0.3323518575203843,0.30706145144126074,0.39447846602998543,0.31372709153784145,0.3389233607244675,0.3230703339740044,0.3056618665163801,0.3129715027053446,0.3748425077320053,0.2995292531951994,0.35913224487811135,0.41855132673793216,0.4442650371217301
2015-08-26,-0.2752142011304539,0.013863107656585391,-0.31337530855838513,-0.2706454290631209,-0.10114108643757264,-0.3720028440682536,-0.31219422939053865,-0.35181571050581756,-0.24113808776286258,-0.14460598432232802,0.0012961011295606884,-0.3038955039522765,-0.05857485607482868,-0.07409409295251938,-0.2288874695587104,-0.13399528628234586,-0.30696618510362383,-0.32347448616700386,-0.24974478528289626,-0.3517331066579739,-0.3103470203251763,-0.3358077082189995,-0.24789383566593345,-0.05822324422438508
2015-08-27,0.1195719050349245,0.07212882304709414,0.2192815353221501,0.10572416726775045,0.1385229983909449,0.08531321089718692,0.14210977331434524,0.12147379582878667,0.07462255019820353,0.1469276911600609,0.20319283384810766,0.18892156318777859,0.007335071852632747,0.06943350163679743,0.059618882045781,0.13045059707657497,0.15296442200398255,0.1924288101006738,0.14127010548250077,0.00016522098306484922,0.03384502518386999,0.12753457002472146,0.029744092425111123,0.11155067290560826
2015-08-28,0.2426854103140047,0.1700352875386123,0.28351374043417343,0.155188896107694,0.1541756418007591,0.21740047964547232,0.21178190763763366,0.2953447883429367,0.11894990556338667,0.21525579320110017,0.1817725770155229,0.1841584427058183,0.15482350955012036,0.09428028344601588,0.21653132993797652,0.20273256085653724,0.33579175378048937,0.25115472100865577,0.2675980205216431,0.2693414449956106,0.10323104821034118,0.3335617501778718,0.2556325151832776,0.1697054749198123
2015-08-31,-0.10897304871819424,-0.1981117399913765,-0.09636927340388655,-0.15938875292590293,-0.17664278380083917,-0.10538066977100143,-0.19996641566132697,-0.17163196385444004,-0.1540438984147598,-0.14474579909541427,-0.2154103892016756,-0.1863623455042209,-0.09350375125777478,-0.09797945265505782,-0.15463810611070786,-0.14005906503087417,-0.18906175479367746,-0.13754928366671,-0.16429194621200097,-0.15701945902308417,-0.21062024913017957,-0.06986869547546333,-0.13096204969590072,-0.2577830355097403
2015-09-01,0.2572897694636012,0.5129140129738744,0.3315780113005943,0.45214348509070035,0.5093542717714427,0.3543235023273722,0.26325268631655635,0.39456894229412176,0.2741477783073475,0.4882337568358997,0.4417979033634221,0.2724133772206111,0.40966094501155903,0.34984512785207916,0.5171642944748932,0.368576480692381,0.41022417066960354,0.43365960567346723,0.24129046358182862,0.5408534642775902,0.3360271660223202,0.4475780476762071,0.44656370480237584,0.42529351316998876
2015-09-02,0.21264137322531482,0.297409278141352,0.26520189771585223,0.3479314802844214,0.3156763266789029,0.16846120817782473,0.20639075394335166,0.3356207446482243,0.155631455277226,0.35859315652145196,0.2801525438923464,0.21967110819622626,0.16963607453087917,0.2952942827889157,0.34724378240908943,0.203596317808426,0.30353722061536575,0.3259552276834372,0.15809560769844153,0.3622722811752438,0.25263755137091337,0.34440806080995,0.31922805618597805,0.27685855364043427
2015-09-07,-0.11849320292746837,-0.028971908233651072,-0.24872036703739836,-0.14228897267535134,-0.031138501081182077,-0.12442887396237093,-0.192868765230212,-0.2682421619609852,-0.08807514938713196,-0.13297419849846623,-0.12387293347133779,-0.241202919883465,-0.29353657926549376,-0.06163501631726241,-0.09149887944156371,-0.2160453001079673,-0.1441869290106885,-0.18727552553658594,-0.20521321090781128,-0.2128207869241419,-0.20092465212519842,0.019402498144556107,-0.0842640693998083,-0.18697538767442795
2015-09-08,0.3095328602805032,0.24689844431358846,0.31664406423661456,0.2976877029082278,0.021816481966004022,0.28111601210946896,0.21630354378710667,0.30744099395903696,0.2585501111857337,0.323166805934218,0.2809327954412041,0.22884332634716495,0.18253745382486322,0.21427902814120195,0.27829984064149776,0.22998315091577837,0.29292920644927445,0.30355577320863564,0.23799673977072686,0.2719277818112524,0.23152993337994576,0.13057869070288836,0.3317774185742289,0.22838157468166256
2015-09-09,0.0686416811883072,0.10056740738757276,0.08167504184367119,0.11758477721215177,0.11525858389279132,0.10407710257116921,0.09516388091121764,0.01974567409805292,0.14706958432658238,0.10766470853579686,0.11494522844380865,0.08672269013707422,0.031515053620862946,0.14267319025410688,0.06490938377319301,0.03908039023022693,0.058929945369654804,-0.0008393245678124217,0.12519862969248757,0.05447276376472641,0.16324705880839632,0.09476205534458049,0.06936485305326358,0.11378255986534289
2015-09-10,-0.2154212637768288,-0.20435698989222106,-0.3441781670985812,-0.40934634067817127,-0.3768173812910122,-0.18062012202705416,-0.30619246988859655,-0.3474432260674025,-0.39217955082557365,-0.44590164221341055,-0.42726595500803605,-0.28976333718555664,-0.29397722917435076,-0.39308638201496665,-0.3675195177257883,-0.20679397110398648,-0.48008296528275407,-0.2678783416978282,-0.39345098123874966,-0.293460081635337,-0.42751884102965193,-0.38746338694609606,-0.4914835454913791,-0.4032770761593904
2015-09-11,0.12612848846460073,0.027898820580707265,0.13634863477378747,-0.1283779181953707,-0.20258197314830978,0.0627921075701105,-0.13649826618611693,-0.08607510534357782,-0.17486545204656145,-0.12957671956900457,-0.2595556647083841,0.031821613688736955,0.07641264960042224,0.023123740948648816,0.17492670467149163,-0.010970636804164827,-0.05840671130427463,0.038118966889893996,-0.040577238903759284,0.18215305601742332,-0.05396035409267492,-0.2092109655615889,-0.14222917844625282,0.06194740470440642
2015-09-14,0.10364585832355466,0.26363188105790564,0.18876775615155206,0.30162075903961455,0.30601140553044437,0.20711320899731275,0.19774272409965776,0.23628550081823546,0.01783209751301236,0.4588434133521146,0.390886542783723,0.15224544101817192,0.1182263164902725,0.28003066714755137,0.37385102107396956,0.09454663505059056,0.048546497086344405,0.23359971905462945,0.2634621237830991,0.29853858528896027,0.281785117333052,0.2187494576590524,0.21583412439154132,0.37614595275468765
2015-09-15,-0.008915007774543127,0.06552769242925308,-0.0605054719959954,0.02200665196734044,-0.03426702386330076,0.07288033763728764,0.03579241449121255,-0.002492624247330453,0.010893304650265324,0.09234516882610032,0.011691481098842311,0.011229033705587584,0.07114891789993741,0.06802955966123271,0.1709597348754285,0.03088230251692572,0.021884107880539867,0.011407930182668717,0.1193746375482887,0.02549125718008578,0.07763123174697226,-0.0001994695719454633,0.08651493263802619,0.11454592347107379
2015-09-16,0.24829038999764033,0.15613707892207432,0.18054674726101794,0.2784722564331516,0.27525116773863123,0.14330371055209812,0.263030530764308,0.23850010514300943,0.27510297917238324,0.3017286181840729,0.1892385880954125,0.2580923033313128,0.1651020399308816,0.13422097392222856,0.30807687324239325,0.2649972345529831,0.154443495307812,0.26845953964608416,0.10187680671724009,0.1376534624024025,0.33052192495556665,0.17674691810958149,0.2271253654774296,0.01394016104183215
2015-09-17,0.2964068059718205,0.18534117443063158,0.3193603580278124,0.5210069412703034,0.1990709585488143,0.264619338948599,0.372763727277564,0.18378235234100762,0.3164562188037078,0.5533729949261097,0.4944951698928204,0.3207823482124826,0.1667980921386232,0.19990964375934978,0.29698303343363003,0.3290783722429975,0.24538796858296547,0.21678302293530616,0.1047542599251971,0.2537936940545209,0.45339900478388734,0.2910261272265917,0.41919987543585596,0.321490099445002
2015-09-18,0.0754734118504818,0.2289796747086611,0.3012696467319226,0.23549891448658805,0.20805409106756684,0.18515715911017658,0.1319973742429503,0.19745905511675135,0.1856095301062952,0.11224993527027138,0.1947330332861641,0.23085901536472958,0.14675103847751106,0.23723762334781073,0.11014437535352614,0.19438859435300468,0.22074112170317098,0.17942850267562574,0.26497852269910255,0.26472609142617065,0.18568679294917856,0.1467781689414243,0.23768350662429796,0.27939246634205406
2015-09-21,0.2686196126667149,0.03181450932156381,0.01092600631888672,-0.050177869425753086,-0.1286231097605094,0.05471504715047151,0.05257940814702266,-0.13721691628680993,0.03229324940308227,0.02225779610737284,-0.016537033017389,0.026913151484456024,0.1791338060439428,-0.0008815088150881511,0.1395051009333623,-0.14800906832597738,0.026192026626148616,-0.0004630634541639534,-0.11258652292405277,-0.011255818440537345,-0.06482466295251188,0.011030316185514796,0.11961749029254999,0.012095723898415454
2015-09-22,0.09893010000787295,0.01698472643824886,0.14145326600019512,0.15314652616385369,0.16279187552513688,0.18285253806181584,0.03601555483670992,0.11565555906940418,0.11091940733889977,0.1428334125706757,0.16377859892513313,0.11360734679333499,0.1545091872600905,0.14515988506617555,-0.013168672421398115,0.05664720854955534,0.13736588565887248,0.124858947995492,0.12618302045891502,-0.0786761928334312,0.10202231568577136,0.12994933131627925,0.14238029760880755,0.03403215940482012
2015-09-23,0.026082506148447673,-0.07557301651169597,-0.05751222719968531,-0.15662682394248892,-0.051651579484215275,0.07143693057818964,0.09849024813086861,-0.025019563072254617,-0.1696633064447018,-0.019684274599492065,-0.22515937064825317,-0.02720329241027367,-0.014215111949671816,-0.05603185907253285,0.024402072157585386,-0.06269962794010796,-0.07570718884950434,-0.09685543273486119,0.059141079380679036,0.261897247543941,-0.002176275319251921,-0.10394957147591626,-0.13900134932647878,-0.0055899177538477895
2015-09-24,0.07104548345992377,0.13123125205439146,0.11145030343460263,0.12202482341185922,0.03766984320327758,0.1387445998384372,0.16788271435667773,0.0632210139796604,0.13116311881471593,0.11042468714532717,0.17400988233528883,0.13954411024383362,0.0433990648262615,0.13986849681857216,0.09276973678302529,0.08566157074289084,0.07586666385324932,0.1130022942215486,0.016679981791015288,-0.15261001558692577,0.0700488087237848,0.09346734880342021,0.25946705335915293,-0.01964166739531933
2015-09-25,-0.12026219808529812,-0.09056615346868674,-0.13218190139615643,-0.15704282836099065,-0.22679992828125073,-0.1019992780941686,-0.0066693718475599115,-0.08799524863286134,-0.05494033660628765,-0.24481336611005997,-0.23360731153775377,-0.13394538051042987,-0.10984233671009111,-0.12308317487578972,-0.10582172228801683,-0.19875353285615197,-0.05065490542089941,-0.10599865999179009,-0.15852084797984325,-0.028704013890789335,-0.15405494033660627,-0.14538912139813814,-0.2084727209244169,-0.22841536951670055
2015-09-28,0.19224167005880397,0.17333789951574724,0.17374368252566055,0.24711572690980435,0.16859306798717796,0.15315055942300076,0.1597113501440289,0.19142397791158108,0.2226797716075846,0.2497931363023164,0.22218092980531876,0.20603829239585617,0.2156656474592342,0.2273481724038769,0.09796173631197413,0.24027400948960545,0.08273626768983536,0.20207585485189328,0.21796236179212233,0.09682256833662445,0.16057863475112613,0.1413536801002948,0.19260836254152214,0.06068687658898204
2015-09-29,-0.01681850995719609,0.11256918264217536,0.04485879084419231,0.1505895564289725,0.07112274586727141,0.14940008896213275,0.06602127799208092,0.024177574250566953,0.14934525328685916,0.21095138438204133,0.23718500477624568,0.10430474634854198,0.05113339215528997,0.20444518984664972,-0.02151337713381509,0.13934182605715453,0.12247810583577007,0.18593348257581832,0.020735177231527596,-0.11744839102503336,0.0972665290913466,0.08936494162771537,0.2254140020563378,0.10064942356913159
2015-09-30,0.0016437685503738577,0.12490046971161967,0.20991458098723131,0.28249890388482995,0.2364984301043695,0.18580875842952668,0.15340657093183427,0.14118907408436115,0.18355405540432676,0.1973547938629889,0.20624122191946315,0.2174062059820968,0.10662908629661697,0.28119474215086754,-0.017286255301373985,0.17699776542533696,0.188808867109712,0.19434037339422783,0.17871040945823147,-0.02702035866869764,0.13998151692328478,0.17044505339349109,0.18827992725693435,0.20605665947928875
2015-10-08,-0.08380772555606475,0.034816519992488214,0.10912181971956815,0.03965766026549309,0.13319247762757208,0.06898586784219012,0.21584638944814644,0.06545431377992947,0.1517275731517529,0.048862868553631617,0.18883403998202286,0.1122019079582459,0.03961711674453662,0.026902302766384542,-0.0752856603541175,0.0814013304099719,0.12754382015897564,0.06467331753413648,0.09783974670754683,-0.151266962173067,0.043158425638907094,0.08233200236095004,0.18356216290366847,0.02600577272779079
2015-10-09,-0.05122295380070996,-0.01613122760572782,-0.11599891767162729,-0.04346206282903629,-0.06674592839701697,-0.0965029179034907,0.010684977865492258,-0.14417146772120779,0.03622146671100933,-0.03152927180451163,-0.03582073531656739,0.017588947685658385,-0.07944440262163606,-0.062231438781506915,-0.0638856484365396,-0.11451645004278403,-0.04951388210953345,-0.03833604040846639,-0.1488711167087033,-0.11788599281703135,-0.02564680924428457,-0.1943398181423484,0.047416601879991305,-0.04776306756476924
2015-10-12,0.15987699063583038,0.10846834318718296,0.12005607814936368,0.1363732452845093,0.10363187116110399,0.10894092861109858,0.1381231530781754,0.11240824463300057,0.13444265183349757,0.07242721960858892,0.1178732403648298,0.10630727116665276,0.08593213076999827,0.09756995680550253,0.12258836080255944,0.12262771807445653,0.13303175326821767,0.09990038435965043,0.09913738997491853,0.03318772136605622,0.0369108596552892,0.14676952828835135,0.10017320181257333,0.08390075885003798
2015-10-13,-0.0034709279556853624,0.03327903311801981,0.07920970184817329,-0.01368495180216949,-0.0013134675543434668,0.03777089162447685,0.04670683545737216,0.017605301525438922,-0.029627038912139813,-0.023035519654240135,0.07983842048891426,0.005370649101864216,0.06406678336691217,0.015853618258083693,0.03765470253233241,0.03388887840369163,0.055244669456777654,0.058889586154506714,-0.013332845771660712,0.013533964961616313,0.002413430279467205,-0.15357602895172667,0.04889791402243098,-0.09725911701008308
2015-10-14,-0.10395700264621328,-0.13095783500710936,-0.1206422011302861,-0.05027761421154695,-0.15684159184937171,-0.1233840629907726,-0.10698316022619209,-0.13836125300685445,-0.13296130994977898,-0.12421069887456158,-0.12272666404805667,-0.07954610987526951,-0.11832259381584316,-0.08358601348840843,-0.06246993495967488,-0.13588748927084005,-0.09853862784308033,-0.09434680195940723,-0.08898148824340937,-0.04401864008064211,-0.09090285813545942,-0.15137965110101204,-0.09659547497841693,-0.13184535150666385
2015-10-26,0.0035243051855623608,0.07156394712669716,-0.08625683303568295,-0.05229093246646467,-0.020214786696361616,-0.041152276154261175,-0.15282425040595043,-0.1404434487223536,-0.06884929487867027,-0.08039305996540774,-0.06299822556787522,-0.0739855659893817,-0.15460080059280912,-0.05983329562271823,-0.09972140655582047,-0.028355073465481342,-0.08063979520508906,-0.08764323665361765,-0.09389997935047911,-0.1031500100866323,-0.17629232875229767,-0.06849387191899203,-0.05604983374376064,0.018720824581494905
2015-10-27,-0.0545173602486481,-0.011217311714004037,-0.05478190483791144,-0.06083650325493636,-0.1180650926291937,-0.07915868646180269,0.05191652272859058,-0.06256550118946004,-0.015603613462985104,-0.051397879814527876,-0.04449148734648109,-0.033185805881741276,0.010661118714165425,0.0012332238696929258,-0.0783907448579646,-0.0679148355894307,-0.07342284027666497,-0.005434316173042453,-0.03400202616729124,-0.10587599598856808,-0.07065401553076787,-0.0456555400055342,-0.051718608366719085,-0.054034573431529315
2015-10-28,0.0679314378912819,0.12776519318075386,0.0064264275117696945,0.07631142709613922,-0.05992804569488976,0.05033639654975327,-0.07312926706658958,-0.015665758016303103,-0.03598788114326906,0.02794327218283201,0.013580641446195437,0.04154536893085904,0.050350511879905635,0.12274070025971728,0.03692683290500453,0.021098466285346156,0.028293332370610717,-0.01717609834260638,0.07516018076891215,0.11118532638378348,0.015034520451889247,0.030893376184676736,-0.0559509102711588,0.008599059128822039
2015-10-29,0.063176366368055,0.06595424295241904,0.00589677704209311,0.09624664833947186,0.0718143204054911,-0.017717432361248737,-0.04213282202337363,0.029416696732103897,0.034506082815733474,-0.03383476264117883,-0.005141894726382799,0.059234265898130245,-0.04781956449445384,-0.04698394308289718,0.030032685218596006,0.03199865397200162,-0.04948741966319599,-0.012353646273553929,-0.04923391019441969,-0.1174161005049486,0.05218963863327045,0.08361464979841966,-0.1152384033533445,-0.004511226404282262
2015-10-30,0.1091776101550455,0.1326667665887643,0.17985587957804303,0.11394976022655369,0.1962013155000391,0.18654595159689155,0.16678489063384552,0.22170011818051014,0.17181204530883903,0.15943727695053866,0.11516068674559615,0.1354115886208626,0.19005578743944582,0.18514328813871714,0.1932155790429796,0.1629001455313459,0.17668337918603655,0.1994155338715974,0.19424581974330116,0.14797173952405862,0.1474153156113615,0.18496840415821203,0.222082486946733,0.18694931749189542
2015-11-02,0.32954336991236505,0.2639083203483297,0.31261645061830723,0.380120235608748,0.4051669263667408,0.42004774060935585,0.4577230381593343,0.34259578512305366,0.3742874824564312,0.43119218910585816,0.4409265214556466,0.34032092298511424,0.3377830454530385,0.37871896031561847,0.3708898319132712,0.3895567417034115,0.37388964404513253,0.37356253246250926,0.3845119296268055,0.3532678005061389,0.3306225066030125,0.40733790847506335,0.5101388014012753,0.39108786703356213
2015-11-03,-0.11376301564304984,-0.20287126130205552,-0.10376718245557376,-0.10484614976359831,-0.09948067287811564,-0.1309948744818303,-0.18977798455004635,-0.17505581157425337,-0.13850981685221592,-0.14207757949973407,-0.09869699594272156,-0.14860671500470318,-0.14815164035778125,-0.12127908723092157,-0.1960677259479498,-0.08811509887992917,-0.10812596195214602,-0.12679644386829259,-0.08847531925801377,-0.0880162923498903,-0.077734202529673,-0.1824363770637861,-0.05723608211217871,-0.10509118995809473
2015-11-04,0.06699228616877242,0.027329340887998658,-0.05098110013245589,0.035534240933127084,0.04385657967969968,0.05531701603505455,0.051014129767237064,0.10319869428492492,0.04793616303203078,0.03382968593476191,0.05936300514346291,0.0998858501468303,0.062188873896963315,0.07115232632377562,-0.029720460602498992,0.0593291285949694,0.0399034687750777,0.07070628510194439,-0.014165196447990957,-0.09896920720551006,0.0603880530399624,-0.019976718342052818,0.05424990475750894,-0.03435194939070354
2015-11-05,-0.10460127419597873,-0.11277214475482074,-0.05739297899440076,-0.049554997823286547,-0.05378704965351048,-0.0829589956797432,-0.061183226284871856,-0.0860158809465791,-0.07926034882482134,-0.06920329124860228,-0.13809072855633195,-0.13484393994750368,-0.08014786767901508,-0.05858713589198802,-0.10444823444390255,-0.09749777212698205,-0.04345519077064362,-0.056236244225970795,-0.05112896140485854,-0.05253871444953127,-0.10411366943845128,-0.03533626436122895,0.04014528722756497,-0.04563070111493848
2015-11-06,0.005343529904561393,0.013066106187706011,0.028278631062581123,0.041796731197025275,0.041014306467708386,0.018916609742795822,0.07346421174046829,0.015321102882862937,0.06781622136567131,0.08209906431464552,0.08146610702126099,0.004236476270955194,0.036298484538079184,0.03669052574249326,0.03772740427678926,0.10305158077719281,0.05885839756671603,-0.00977975655662397,0.03902122313533127,-0.007995264562747644,0.028594142729558476,-0.023508934548835812,0.03874963997540242,0.016017880837431154
2015-11-09,-0.0055620289028890536,-0.061317694156815136,-0.04532589408797314,-0.011528252534812813,-0.0034106520368649596,-0.04220450512786781,-0.0569978111881298,-0.012016435778971612,-0.023157070265366318,-0.024230962891311568,0.012824548959030745,-0.023119496455968697,-0.02369166821525159,-0.0435875528473126,-0.01799923609151197,-0.012578937807894826,-0.05269616256812273,-0.026727410992171168,-0.04840142089837255,-0.024967243788698777,-0.03574982197377497,0.00721196118026107,-0.02429947983786017,-0.0036222809927368557
2015-11-10,0.14423418550001954,0.09997353267997232,0.033022816598053756,0.050569710445316225,-0.027472415140195345,0.06953777229154456,0.11920737283393881,0.028367552060228257,0.10763026866817978,0.04540720165280543,0.008741951365333787,0.06130085496627872,0.0034860610052392933,0.01429787835973561,0.0395716825093069,0.05942217254151828,0.026036328192562293,0.03336982029298009,0.03494957119074188,-0.02366366280082073,0.06270378869465129,0.03991537088230719,-0.0298677352317649,0.051521207838091956
2015-11-11,0.06882811748546287,0.05610245690309581,0.07863243564967755,0.07860838268066582,0.1008814319855313,0.07222669267514353,0.043991240347301216,0.07532624572733741,0.1043149933119563,0.09310193648539532,0.03797909141114103,0.0960828646676904,0.025989779675564997,0.06681258801395691,0.1119397844886759,0.08201187779582615,0.11138656620140602,0.08623426717415869,0.07629711102199285,0.10595059520475421,0.0784892111523804,0.07583682466045012,0.07296850810580087,0.03347353298853398
2015-11-12,-0.18078990373143225,-0.11367143198553206,-0.11798107778453633,-0.06915297598744564,-0.005594057833081502,-0.11459778895482889,-0.10043555077912805,-0.15226816556193395,-0.1153028480021434,-0.1233212370030089,-0.03361297176037278,-0.14077946045867135,-0.07417900819306687,-0.11561586990677009,-0.14693878114865153,-0.05299795140567916,-0.14141710790428336,-0.11418282081648,-0.08541961649989983,-0.08303175390352867,-0.14607790184166408,-0.05830910153325515,-0.12000784626850934,-0.04098708266627846
2015-11-13,0.10070746052165148,0.08230507128249835,0.055990562161631036,0.016388961648166226,-0.058573631769943034,0.07199848687498382,0.048822475663390416,0.11367966342866427,0.052486881078102655,0.07012446304063599,-0.015151274961770803,0.06065976798694168,0.03780739216331031,0.04105795975929404,0.07521789363124824,0.034356739175444635,0.04253782630526242,0.03572125594631167,0.03255050383452128,0.0042728618113368425,0.07253204792000234,-0.012203022179204328,0.02617073191303958,0.05540561306514556
2015-11-16,0.3336857803843281,0.30212184842731216,0.29658770861219313,0.3170038575377665,0.19364946301419425,0.27515315897595566,0.2805937335638072,0.17660896360301762,0.2706769011523707,0.15218140837314528,0.22936109282043057,0.2799682527237206,0.24498973081090172,0.24238778492289828,0.2042777697404891,0.1710345312478324,0.27376888036791297,0.2466092745857734,0.2656452011992839,0.23595041042976392,0.2700627779410277,0.3169914182300952,0.25964539860568275,0.20436078859820922
2015-11-17,0.2163098669780966,0.2889973132334223,0.1960063442154882,0.23287273202065092,0.3610958754574312,0.2984173173109322,0.2263184875339785,0.28905778019892775,0.2697353740845876,0.3251870596414019,0.3587986658741121,0.2654855631107417,0.3901681784301143,0.37392049075643374,0.23224505281235058,0.32504980498076325,0.2424487194649294,0.252004907991299,0.2915096353842919,0.40787563497015744,0.2480932839395723,0.2869607002182551,0.22340590617781592,0.34378225685200786
2015-11-18,-0.11375041357302854,-0.16245090135766402,-0.10819830431999328,-0.12749436558063854,-0.10767656498003766,-0.08477622133552475,-0.07520725428210308,-0.13455844868500152,-0.10536619615925992,-0.11961636910594478,-0.11147589760945797,-0.11242252006318254,-0.16661411373187388,-0.11528058141159576,-0.16408996556103225,-0.13924206260598762,-0.12299804270476472,-0.1404717620964676,-0.1348672113508009,-0.14705878815306608,-0.12805249289507306,-0.15457210220706266,-0.10229301766760346,-0.11716392664951755
2015-11-19,0.050343901479197796,0.022809843767404057,0.1026331934318428,0.09429083681485971,0.08821573901674498,0.05435615227548639,0.06405394117667847,0.05736667814637457,0.042997383583459454,0.0569273532725745,0.11067588874635566,0.1430104135018284,0.05220501221132526,0.07732144534354686,0.0497568863920374,0.04208288150145663,0.18327847124019986,0.07272485500744137,0.08562580918825245,0.1021478491437348,0.02165293709608158,0.13342660291746875,0.08924368430611153,0.10873932757914195
2015-11-20,0.29034289317409456,0.2840623309842462,0.2426901910857014,0.2736857848732771,0.30757711541559124,0.27169491568802273,0.2866811493668924,0.25138168221363966,0.28787042681998415,0.3066941872726885,0.25255089311802914,0.20958225860472643,0.31804757297448727,0.3022929242573095,0.2102350903225091,0.28335251026814895,0.2319783998344119,0.27549632267419316,0.23774659614739393,0.194119511282672,0.26357491986712694,0.2307310631670747,0.30204543682331403,0.23295657719515506
2015-11-23,0.06903318188521777,0.08618028552817775,-0.09289388927814797,0.0451409701409233,0.08516367452617113,0.11120744814893116,0.07828142983654511,0.01630972327854671,0.04885530669252559,0.03681720281954573,0.1314025316007719,0.010205027159986689,0.08770626100098142,0.05793967906826905,0.05191440568424079,0.04900568040323907,-0.014450966548054932,0.053401728759572345,0.016164114931905137,0.02582483161790079,0.03454518312704032,0.04517326871963289,-0.010649794473364583,0.08897967217797408
2015-11-24,0.3318000757713314,0.23083651008053674,0.3821230658590697,0.29462544708147353,0.22154492644450338,0.28032205900319823,0.2851856390347524,0.35458730471331845,0.3104247244741079,0.27428766665906396,0.30490376650562284,0.22956643557235165,0.30833861304787685,0.22656181439541506,0.2973039210442796,0.3173021765981645,0.3140342831827501,0.27201132498734737,0.31880716271751164,0.31483506957478674,0.27458518569279083,0.2692595414784611,0.27403670186262874,0.2556929946042182
2015-11-25,0.21041925786488788,0.2653823388849289,0.2887753153887716,0.19284240954819343,0.20796341352250683,0.3280871377851704,0.2519455767400815,0.15234926725777445,0.2595011588387393,0.25801343922209147,0.12170000187229206,0.2469663762520285,0.19414044013049367,0.1952908740578261,0.1564456210874089,0.3035724267035723,0.2943022634630385,0.27284307646641287,0.29797742017173695,0.21629497136830092,0.2806501195327937,0.12013957723671569,0.29935225568004825,0.060934459022044266
2015-11-26,0.2852254877478453,0.3052066988217834,0.26759630974128207,0.29982476609701747,0.20036943734302728,0.3033999656927482,0.28804738076209035,0.2739206956928126,0.25390477128946637,0.2994095728106325,0.3050096255107343,0.27910856177285615,0.22919243408383838,0.24810846527822275,0.25824749079840903,0.2975000663598852,0.2536404579860206,0.32066807040680684,0.29563511323743324,0.2520769914961444,0.30173645921418424,0.25530587779770153,0.1927803382011722,0.2825334280522527
2015-11-27,-0.15015201090903987,-0.13784818807315516,-0.15611628322053248,-0.17229889201363233,-0.1836832422288369,-0.18955540328195583,-0.16853900337805686,-0.17269357645604083,-0.18429576843066336,-0.1852116877980531,-0.19467290800163303,-0.1499289759332744,-0.16313259183315407,-0.1356927299617748,-0.15972556858203105,-0.17238635671001093,-0.13640584056443666,-0.1369760010539547,-0.1696191923783327,-0.15491446362685513,-0.12019945230700886,-0.1410144100820608,-0.16714476145234658,-0.21406738444206116
2015-11-30,0.22713700794288558,0.2028387752759237,0.13087666934527228,0.2533939026190203,0.24296975362295073,0.2581410477174454,0.20552230075820938,0.1787258583837622,0.2497755984496887,0.15020636196161394,0.12306224751409002,0.1774209948013185,0.2501068708966769,0.1798131535934314,0.2603112649031602,0.21796633703418228,0.29994970781332847,0.2191126708977702,0.2863494978981146,0.15502074552700199,0.20448420442680573,0.1874635791637284,0.18645336219667522,0.15080440165964215
2015-12-01,0.06436626194092081,0.12076584008728852,0.03234754861292776,0.10101517078589749,0.08079666838998588,0.06804132075857106,0.10337813354885761,0.10360745289229892,0.002817815517285921,0.10234132887579866,0.1743557154289921,0.18433543364875402,0.14427107279002294,0.06766543174043024,-0.019936179996674918,0.04710240948184853,0.04275832229665841,0.08184807594576396,0.06798777685526755,0.22183455477648956,0.12097893400548636,0.09140322887165463,0.08017739799319272,0.14215149140571515
2015-12-02,-0.05230442079253926,-0.09156512564846855,-0.055776221635480044,-0.09715903810726448,-0.14978270495432705,-0.14317310898644844,-0.10903892724579213,0.028043907265581012,-0.07651737540384079,-0.13551557691151309,-0.12076684651589945,-0.03309007221302021,-0.11027600570706989,-0.07108035270129173,-0.16697443298292797,-0.13635086453362197,-0.1211566109626034,-0.07818959061066741,-0.01782475359561802,-0.0014497269462256262,-0.08882365482067009,-0.04451022516686619,-0.14439324116743474,-0.012867146629056858
2015-12-03,-0.09661555025324611,-0.08491930173052967,-0.027940339600257765,-0.09158006789088381,-0.16719375885470728,-0.13811577526399507,-0.04400566586046194,-0.022308427832039734,-0.0658712817596482,-0.09498261291567407,-0.12085759019207941,-0.035786311032743226,-0.032569091002073156,-0.0397218704211534,-0.0978964247701297,-0.0645756468450028,-0.05867640787287693,-0.12667264022882324,-0.08947261109934038,-0.15569814240527136,-0.05552205620304407,-0.11221947741304493,-0.042445983830300224,-0.09474863327707989
2015-12-04,0.006806277539552648,0.03747960912666195,0.04466233355870843,0.02333408872428181,0.10834366310385894,0.007476765039616286,-0.016110161149773324,-0.02832341470240901,-0.004645520536155219,-0.020262046635003795,-0.03722971474315859,-0.015075266636506698,0.12975270890597082,0.02272139264481424,0.038003477652250386,-0.05801322192789264,-0.008550187166613623,0.011444574148133357,0.004287534791907354,0.03020484650625877,-0.060208225699050696,0.056286435684711984,0.01711348442401061,-0.07544268629506971
2015-12-07,0.16890534750433125,0.14204334111035158,0.06582737038488433,0.08456368271821647,0.08498256916989189,0.07538144290760389,0.07768274936580777,0.0955001616586021,0.1146104700943662,0.06323346538522608,0.08124828704517538,0.15616595315186038,0.12324429045759483,0.0914078384351004,0.12819061201188478,0.09790260661449908,0.0746756368140772,0.10163715916300624,0.12997757242032323,0.21532115735069718,0.08278186036179985,0.055710545953877776,0.10314450137194024,0.04236999951485142
2015-12-08,0.1616159237943979,0.16087319175248524,0.17199062756140243,0.15692729400243924,0.17980563484246384,0.12031616947536487,0.19019211101935463,0.1871652639047445,0.20131730591660593,0.20745206924117907,0.1935980832432552,0.13127387508650765,0.1398369655048845,0.14495448559337987,0.19175971441761336,0.12406942779090903,0.17190929091127946,0.15228709162387621,0.19173884514554232,0.15946291055906972,0.14088845575154035,0.1849683716871131,0.18374029529216387,0.16497346860490286
2015-12-09,0.09024260912610402,0.07026808362704771,0.12734682499744554,0.08035128576257669,0.018535708040627874,0.11120987493842249,0.02913878684901606,0.13766782561109622,0.12127230387356382,0.16022588124257378,0.10372878948303,0.08221540716578374,0.06613968338158743,0.17216063152844355,0.16974711364130016,0.16417661595840286,0.1432629231365578,0.07684389487607336,0.09259599406475688,0.08568289164101606,0.16627416253438684,0.10027989155551295,0.13296706902863953,0.08483119042512263
2015-12-10,0.04388299313289527,0.027830073265439757,0.08318761721344137,0.15689823523314378,0.1359718352179241,0.08683008543917077,0.03728834374052134,0.1642535381561295,0.1855277572321284,0.21775774161642522,0.16494783851206954,0.08815768403885267,0.05247599680600763,0.20942372936703152,0.13990112039223454,0.1269510141000533,0.10477193035978109,0.10259966654865307,0.12767956125582391,0.17480610090704723,0.082605154063198,0.052945017431812215,0.15467112303166208,0.08860958126474199
2015-12-11,0.14558678229748534,0.21686589823947855,0.17718355813027556,0.21020633538592412,0.20613893088663238,0.18591087543497692,0.21114041346709841,0.12947642382733854,0.18129601631155326,0.2483311801864725,0.29106197815005197,0.22967843196425677,0.3182571140288173,0.24801789993266307,0.12111529865877899,0.24891635417226704,0.2020353786657472,0.12647511517504045,0.22297276766867022,0.15960528783542297,0.09891011999997168,0.21772977639755842,0.1609485162146327,0.2629432417905742
2015-12-14,0.20115330388631145,0.187472378909757,0.23851845493967952,0.2403985625567282,0.2505142084231903,0.22870855099402532,0.17840836213332215,0.24730956114250724,0.18790636828056823,0.17719924517469085,0.2377253727088589,0.19713351581340727,0.21294591340901697,0.19205799473207583,0.1802669241787703,0.1980989626170323,0.22771796769019967,0.20832490129049722,0.281575740813995,0.11061727305136586,0.23894218451449048,0.19730690636581177,0.1304899849140807,0.2242768321117105
2015-12-15,-0.02622355101625136,-0.02333510880258871,0.015446582351330382,0.09620088462438761,0.023377098002033556,0.054978376858295035,0.0352911445556245,0.062361996145858564,0.09283267692817923,0.10579075123092964,0.1375395106704264,0.03855023217179411,-0.07869190684106568,0.04112116346372877,-0.02551310412934816,0.0702746275079093,-0.018918985468383373,0.016567071914293737,0.02569427974917499,-0.01541522004804133,-0.0027495149858698326,-0.019458883631615548,0.025268685517764893,0.03830944225645917
2015-12-16,-0.05046085099934233,-0.028572761584345244,-0.09112356406360521,-0.1057650437651228,-0.05220576038453239,-0.06809086385761,-0.08967569362010079,-0.046477522503857935,-0.057805436908246924,-0.11889644591492958,-0.12288858708407654,-0.1278573798520643,-0.05174750135407845,-0.06294063369068685,-0.10684900262561967,-0.12996879278310386,-0.05825332808733314,-0.0720150956002983,-0.08344617012579628,-0.0510995106435949,-0.01946771451319898,-0.05268216315487989,-0.11548697799264938,-0.02183521337302163
2015-12-17,0.02917251338447724,0.07471732096208702,0.07904325911963828,0.07812149246045433,0.036549789937264016,0.03560078152401496,0.12080146288219745,0.031274581426520766,0.08602631605830974,0.08766998920021916,-0.017788341524632524,0.08380978026120416,0.17416151059717927,0.0679121212446676,0.06958748911967201,0.030591442055349485,0.02173446676492982,0.07924835809495542,0.09719595910489169,0.06304737262450157,0.07274753259122504,0.10200412869738404,0.04215818605541904,-0.012622361970092652
2015-12-18,0.265281253313936,0.1792995814991123,0.15496158748168792,0.20017666090069108,0.08051839333858428,0.24878873255904374,0.1951581775362974,0.24203560064892427,0.24647831272012777,0.28736802872641204,0.20959280052990578,0.2837614685969115,0.1676589424059436,0.12847034504296093,0.16373961115539248,0.19185391043333982,0.22154830636302655,0.14864224868418124,0.31935869906742953,0.16689928055414585,0.2513286226676752,0.1999550492018563,0.1447517321935259,0.15520258365536171
2015-12-21,-0.04629126600722082,-0.07124928948572377,0.029394830800909374,-0.06277959247529227,0.01932884710829905,-0.0054248600570927395,0.044784564170021524,-0.04930047857776072,-0.036985443776980514,-0.03988568764719447,0.008582332926633827,-0.03202474847223777,0.004668365810599074,0.0012976705322470998,0.08373825509663965,-0.08029631105268993,0.03388350303356709,-0.03744908464134817,-0.10967490132614686,-0.0010226293415205243,0.03341829050525242,0.02971230691820519,0.007641430110357769,0.059428281052286744
2015-12-22,0.08485029461733228,0.12069550366530199,0.06760807980800342,0.145268377398351,0.10536650020374888,0.10229813249730789,0.09753029666047684,0.10554147626896165,0.17096052168028353,0.14765046173524482,0.10573138292656538,0.17305132849544594,0.1621299930718203,0.2019056150816431,0.09744673773113122,0.14718997083308302,0.06926249422100335,0.05289856496056443,0.10542622257331252,0.11233332416552207,0.06174271446033168,0.11975880544793535,0.13786882819745877,0.03550940168928292
2015-12-23,-0.05596349496804557,0.016915007233196933,-0.00023633232672316538,-0.011706753741032905,-0.07337160640727029,-0.05139397749405226,-0.03589824169323065,-0.06571571649347607,-0.025591597304027956,-0.0556313522385968,-0.06256291550778542,-0.0011854940497248512,0.018500350030296653,-0.01910203935941347,-0.006921343492897892,-0.03957352874178496,-0.057708521769687965,-0.054281064296183894,-0.037196153282153546,-0.10820571389422853,-0.03187037236264611,-0.08471428061794588,-0.04530426829681263,-0.03201728164682537
2015-12-24,0.23964424134504683,0.20208227913782062,0.2613884493537808,0.1948284955899132,0.13361459499454054,0.21381273936553047,0.14620953381523188,0.21349682509217463,0.2547322090826085,0.17531772802536952,0.17909890351421795,0.17500793612165233,0.17449610601985874,0.2003386282647247,0.06441100202069111,0.207106295663321,0.22365506079667155,0.20895280234634672,0.2545448645716649,0.16233095754780266,0.18683635426358103,0.13205951310631595,0.19313627262178223,0.17571078415617272
2015-12-25,0.14740774541330381,0.18892656776601868,0.058245901529263545,0.10240666883131401,0.12166515351950044,0.09278816610083596,0.1362390711371022,0.08760381408445193,0.10335908919972409,0.09324551647576557,0.12173430615351043,0.11561220250926388,0.105374469374242,0.08797316353793658,0.12796642535186373,0.07646028622061761,0.11844117390058095,0.16293775058445253,0.07989434315952194,0.10648091151840157,0.07974084526736344,0.15303163576252396,0.12170339702164233,0.12028838744239281
2015-12-28,0.09176235161704387,0.14290705537455362,0.13504421430155886,0.16797046974817104,0.0852602828744697,0.14697909626316122,0.0772638524669702,0.13252602830376933,0.16042402446742432,0.17380513266572967,0.1546337110455312,0.1508932096793989,0.15885232160883836,0.20123367319233973,0.1086265177676182,0.16955407125193553,0.12220395361136978,0.18622677738463672,0.1515703507595605,0.09284783256583326,0.1734568268705028,0.1465534492742737,0.13488520513417263,0.10975688905958124
2015-12-29,-0.05747385821829631,-0.046506999333010966,-0.1204091066978976,-0.007700733336857868,-0.02989973254168982,-0.0013145087175779086,-0.06228434897678087,-0.03842578589624935,-0.06991179865544832,-0.11509698794700263,-0.06385791948235293,-0.10286348457845561,-0.09679824779043773,-0.10108655868189022,-0.1500054286695149,-0.15248679711067822,0.07448540201697788,-0.08828625624482987,-0.021614893294531954,-0.004764249040585805,-0.12283585041967175,-0.1292726434672971,-0.07699056736559785,-0.1375253028055079
