datetime,s0,s1,s2,s3,s4,s5,s6,s7,s8,s9,s10,s11,s12,s13,s14,s15,s16,s17,s18,s19,s20,s21,s22,s23
2015-01-05,-0.017626438790757485,0.0681085691273222,0.19941180135320608,0.1270542338348551,0.0076834307017627865,-0.054843914800249687,0.03319356777201234,0.06245721570042497,0.014529882706228599,-0.052315868000754946,-0.10298452914978953,0.11122586531778972,0.026499184168927,-0.023277792217654712,-0.008062035231982638,-0.1249705834412963,-0.0344963915087205,0.1677659091337538,0.03233200749477748,0.00953982197883696,-0.01028666821636167,0.1799918712105096,-0.1289935276952492,-0.09985399264593474
2015-01-06,0.3195151611895104,0.20604043935983393,-0.12389829349970294,-0.009302991083668503,-0.10029857357394385,-0.025518826332399984,0.10628775333659797,0.08317371277580693,0.21882393580032983,0.19872361007398323,0.24479703879690023,-0.046031164937632964,0.06845009609129424,0.3610226844385567,0.16485756809271818,0.11729451802143781,0.30491290531860665,-0.0922330377901283,0.10482268748359518,0.2171773009479783,0.30804561986133683,-0.1614046876681714,0.08014583130942371,0.14404277189559211
2015-01-07,0.11048667607803328,0.08331977652034542,0.11404468357476233,0.1673356019730759,0.2300458419073801,0.09515833324216513,0.1984955992443092,0.23426698032666926,0.18905767187667835,0.1989116065568793,0.179353060922205,0.243683439427023,0.19738545128977872,0.27713290813521035,0.22658658844012583,0.2135071658696882,0.23489814738461678,0.2668868197727472,0.19330886587015553,0.2325857764625672,0.27753460326959567,0.22726832519432613,0.2451318318593198,0.17934542776050644
2015-01-08,-0.18040540402131441,0.08421590684390617,-0.21247700456842122,-0.08349991101263585,-0.3147716254057322,-0.060178594086395414,-0.16811514639656724,-0.2640501529654863,-0.26189662258910407,-0.0030293058226415165,-0.11389683803853856,-0.24066882831053954,-0.10203796127477215,-0.12394439717597454,-0.044394633477492784,-0.2315016235223565,-0.13010085274838504,-0.22401656309710413,-0.19758086915049808,-0.16735480750472684,-0.17165198746682078,-0.25887093168987857,-0.15297922105871337,-0.15803240200454846
2015-01-09,0.05387669773816606,-0.04285194272819289,-0.17207615473591287,-0.20214126133295313,-0.2610348928927851,0.041081035696429485,-0.1126343625673804,-0.22746780809890774,-0.2760537302491815,-0.10280325232935553,-0.20778292650108837,-0.29837636642098253,-0.18800119842496946,-0.062091950724956387,-0.022059528621149724,-0.1376870675671087,-0.12113085200223768,-0.24204654261672612,-0.12567118665237031,-0.19510724913566876,0.10154878033581517,-0.266912710803572,-0.10860903172672748,-0.14937662832836476
2015-01-12,0.19434315928030685,0.11975571974308408,0.07413183519834153,0.207219348920521,0.26356162370782343,0.09079979791230236,0.214630194784585,0.23525499769402322,0.2039766864164626,0.26422236926735276,0.18968072870032116,0.21899684034875244,0.13302692550119735,0.23622774873798016,0.13904805886352203,0.2101881717486445,0.2093518634700489,0.102939387448608,0.18558506037645167,0.25507974984293397,0.16028494592666145,0.1393715140904974,0.18528307341675343,0.2380492119482928
2015-01-13,0.10950963138062096,0.20674513874999959,0.4000845372669493,0.24915164563881015,0.18945841286585136,0.30046652930241574,0.41723768282137313,0.3412796136866574,0.4488160727682074,0.2475148095270808,-0.029388626684567345,0.3790761679821597,0.2628875201153217,0.25911149043757825,0.05073810288276016,0.34641482321934597,0.2936267393479233,0.50956936087205,0.32795783823229124,0.2024118882682632,0.2639528232448733,0.3089374304973636,0.47309095818736324,0.45801928041360834
2015-01-14,-0.1465128139320819,-0.08217671055598998,-0.1924658785750737,-0.178232417370339,-0.12912685694585274,-0.11548973649881601,-0.08782047948684338,-0.15206259955952212,-0.12665657499116476,-0.1133953877577808,-0.0550088568530898,-0.2995443479547117,-0.24163155014793591,-0.10001636359067571,-0.033907458410099345,-0.2211288778256742,-0.13386561914282374,-0.22539104448909295,-0.1494630309285652,-0.2185483920989636,-0.10181778975152969,-0.0942490328548273,-0.17144367418470552,-0.18690273491466103
2015-01-15,0.25220052517629304,0.04600329102747299,-0.005051013817688847,-0.019660611587426585,0.004502991229711156,0.13563293957968195,0.11819116878711491,-0.10942039742965665,0.07475110038309431,0.22159946441277883,0.02361437525425245,-0.13661427114443356,-0.1493612187019991,-0.04015217387113598,0.21987225338022115,0.10527311479266979,0.2557932783608012,-0.05013274003582732,0.2270767983527775,-0.17103172843530695,0.3453597862278517,0.03388461738673147,0.24800239259820536,-0.08905897243596834
2015-01-16,-0.021772948341981187,0.01804981418069826,-0.2030020284563734,-0.185480957647405,-0.13037163139993188,-0.057169111843724335,0.05365949939044171,-0.04622311186926188,-0.0013883730923134796,-0.27971681141257687,0.12504346950131034,0.008271435735876279,-0.16657561066377102,-0.09815780892995397,0.07982747638795509,-0.09875788686778778,-0.01759602030240868,-0.08663583053323337,-0.15792557153820116,-0.16509686438804883,0.11511205913258296,-0.0008208295005068064,-0.15728163248201968,-0.15369200963702587
2015-01-19,0.14905554666824886,0.18330164337339497,0.2889732331234309,0.17350078652712822,0.1519172608382021,0.2120061972559455,0.2696965336321498,0.20399617334299125,0.3775614630608157,0.29398226774474273,-0.12819714929149031,0.14982107286158955,0.13966397198525168,0.2737075110440139,0.283668604100492,0.36039434338477105,0.05988440651875924,0.3650968266455817,0.33606745980440633,0.17868097207217803,0.2353160315648141,0.2875592984527155,0.30990832921230854,0.15068813354049737
2015-01-20,0.030654155576745654,0.10369844077265263,-0.03335713953624634,0.0767416680963653,-0.11272405035872722,0.018313964859665976,-0.04863378392954338,0.0435646126830237,-0.09154768280780881,-0.08310488645556119,0.07094133562952742,0.015338886583317403,0.05844910667753636,0.02362275623693596,0.1494956537498848,0.04174507419531395,0.23260201630481406,0.06124926717876845,0.010608234125208846,0.08119186167454022,0.09061601808999419,0.11750661231127962,0.11745814704869462,0.027647587180544882
2015-01-21,-0.01708515416829288,0.09177252170519676,0.11961428444837797,0.2320495419584439,0.27747464363226615,0.19061139448640654,0.07732540961426652,-0.031605087340534244,0.3554360076221722,0.23137643899064902,0.19040129582613718,0.21018501229477435,0.1350366085876776,0.19966138197664834,0.03471474432625317,0.09924947543225131,0.20140711979078293,0.031189810363327478,0.039664117683744726,0.07906376691340339,0.13365743635176464,0.08590698041931774,0.09688525046130518,0.25548070893896935
2015-01-22,0.07810931236994505,-0.04898163626763252,0.08986284684467681,0.029569399993808376,-0.2204304135725532,-0.09500717770258713,-0.12312090233983967,0.010081844452047685,-0.06812689929471129,-3.678960942115137e-05,0.11242680918506028,-0.13566143616205364,-0.07499387875592281,-0.08168859335680423,0.07864151881434157,0.022489637386215053,-0.0017835503215997371,0.010802224777064554,0.039461827673025536,-0.09739104496170094,0.0016677127676115171,0.14652431407897468,0.044215393220057145,-0.0994733865706265
2015-01-23,0.2655895276007107,0.2061553146789332,0.04103985947582064,0.027445273790976242,-0.022084836079706138,0.09143225463623644,0.0975130265353352,0.13147648827252748,0.1857222285094325,0.11073686644796041,0.17554701607480352,0.005483199582761394,0.1461579716492527,0.23168486363363144,0.25310225891703325,0.09696859362629669,0.12003847686722754,0.20811138610223429,0.06948272723252272,0.3344178528729792,0.0599075472719764,0.08455685178540046,0.12116990341429858,0.15587707083790003
2015-01-26,0.207764740324519,0.18814992674889322,0.06759890129490244,0.08149237905571882,0.0671413125171442,0.13909050540188472,0.1291254026965756,0.13093312438419252,0.16895579963023874,0.213557912657127,0.24449878652868476,0.17562823125946392,0.13325846262471447,0.2406939112400779,0.09616080555306122,0.2532313517197097,0.2044907664243004,0.11902695960548959,0.0967345136335624,0.2264815974276622,0.20810620979953431,0.06005557489510516,0.2587238931456399,0.19258656976937277
2015-01-27,-0.003612143669088222,0.0005977629058046231,0.01746052056018311,0.10522915928847544,0.009995423644067447,-0.08430429224202424,-0.009192156912397612,0.06311353635926402,-0.030254107672074072,0.04412172011085065,0.03505349856263005,0.0522176942933369,-0.011952823236639085,0.03498288705848205,0.04126658046381806,0.0036963904981751465,0.07197747152134609,0.010969131937473838,0.004472143092021798,0.025774903429637473,0.026973838072481448,0.07187618053608551,0.06289366674462386,0.07199768102080915
2015-01-28,0.06717125064669179,-0.07210655525160416,0.10968387601897557,-0.024236536666614055,-0.026548329394814163,-0.03480466097271077,0.09262732012239722,-0.06304731071541869,-0.10407989158192793,-0.03287667555336453,-0.10135346764183127,-0.06483111981408149,0.027421839034265264,-0.025445131961722545,-0.03030983988547267,0.06313878810509371,0.07478873197604277,-0.14303036751387754,-0.018130420905806795,0.08853768421225224,-0.006068331621593664,-0.0692787107273026,0.0673934810444349,0.028860122123014274
2015-01-29,0.1348785379314894,-0.08857891470886135,0.11971601477772165,0.15418195756196618,-0.0197047997451062,0.2172466102783719,0.038027374977818273,0.05645067200400119,-0.08863693649013758,0.017159879018306765,0.09782170911320066,0.13406171181586052,0.1626571564529716,0.05539874464475958,0.047609760067375974,-0.03304855355592541,0.10389766967195296,0.18727748113130568,0.09787144206858026,0.13237908015885014,0.09337287019560574,-0.10253604163602917,0.19844328314365686,0.030123100367509204
2015-01-30,0.1585009537947904,0.29758247702270557,0.15937744072777726,0.020327238360201356,0.2050019911118612,0.15930933028545216,0.13785056370092966,0.3378794982100297,0.26664492435518367,0.16691681925230717,0.2647542381350197,0.251163470530333,0.16505447095340253,0.3329969240926932,0.1137578619088266,0.33082037287736904,0.1775952440019529,0.2690959059658617,0.24278091455920875,0.17247950347986835,0.16787881710558547,0.20271258536801284,0.18803105637309744,0.2289142250896283
2015-02-02,-0.06263301318461272,-0.12185402807196077,-0.16905946947141123,-0.08034577368802892,0.005868209515046405,-0.07135466350209982,0.02260455086418202,-0.12951101361404466,-0.004145058400618409,0.02780905387670061,-0.08052251350948858,-0.10881430822061203,-0.07520291832068894,-0.04918537484238454,0.025398829813588406,-0.07586239897657143,0.0032787598383302446,-0.13290213125729722,-0.019019292854459715,-0.10038448990086563,-0.12902553840826306,-0.042299482023462176,-0.08050138427626205,-0.05300305441759879
2015-02-03,0.02800573217468236,-0.049634481613523636,-0.030712401055501912,0.11466440331910388,-0.15429119693018628,-0.009068890652031553,-0.10446113253532728,-0.0762986881194995,-0.10179284216254335,-0.14846898044832157,0.001998388594700711,-0.09456833404091573,-0.05282038981263408,-0.05038089439160095,-0.18212250370616828,-0.026440577891845243,-0.026918341113673236,0.013021876979700028,-0.030759636142314983,0.021475973454930266,-0.052866640835138555,-0.029660928341756893,-0.12440368778137297,-0.12458081935692196
2015-02-04,0.12352438364198737,0.17585335704758898,0.021311092875895547,0.1052555184659859,-0.0012923194329244366,0.144617506782956,0.010243101448551655,0.21512185947373264,0.05357602598612587,0.15482075372015533,0.15585352679828532,0.12565020359628015,0.1332112440401217,0.11248739016791749,0.10793782548619817,0.08366790416564582,0.08462318236059072,0.09331712419194742,0.0028291782750106643,0.22681399223009407,0.06977885297486303,0.1436260643091914,0.16164374765747236,0.1144712591774554
2015-02-05,0.1421575134020312,0.1549040797277763,-0.03788050909795121,0.16040952569943337,0.32477702864401903,0.22779354705312815,0.06984250386306866,0.20238922778959786,0.20788803120869284,0.2117817971124115,0.18022696621730444,0.03630770026352438,0.2703130180440798,0.057200004194129836,0.2026556679534778,0.21451852876799793,0.2541753056251485,0.19910829886484957,0.21358389702046351,0.23465825609536367,0.09657754782320685,0.23495815504251932,0.13371581317745937,0.18147625813991033
2015-02-06,0.21562174694548164,0.311277440431788,0.07927020962097465,0.21175329690053007,0.24682142796463963,0.20171152164055975,0.182992484212727,0.29342502064422726,0.33256162751564267,0.2614739175443218,0.2397764242165665,0.24491178442139291,0.20797425596140184,0.28323334655993854,0.28245902996422273,0.3062608907099021,0.2366560223238408,0.24578780086254662,0.3064587475182067,0.154715830267779,0.2684124015490689,0.29185011900930585,0.14261210269129945,0.3030939768025567
2015-02-09,0.0714167191028943,-0.002720740207382346,0.08039354703312462,0.05520073149429178,-0.081811156555653,0.09989326972238834,0.1442356232112408,0.03001056704433139,-0.05972011499759886,0.01719423940254041,0.03570173182926599,0.13999846016881112,0.05231080361523059,0.05617488615088133,0.14052313475747896,-0.0016145131233284025,0.007517283001901208,0.14861787311741792,0.11525078655247231,0.15276755022705646,0.0028829386447610608,0.049729125069612766,0.1740083152812887,-0.049394364847444805
2015-02-10,0.020260884403306735,0.029740513383621832,-0.008418276850422948,0.136983349985231,0.04791966306894301,0.029382632386144577,0.09487461392717797,0.05814614269651873,0.02334203494387693,0.06685891825328323,0.07597729227385529,0.006617303992411134,0.11403655062105959,0.08596325659134194,0.01653747604571507,0.13908581047142063,0.07274816938820022,0.0585030597047772,0.09384748341455301,0.04736802023848818,0.11892638593339197,-0.04765769899873575,0.1843017247789513,0.06988560340299158
2015-02-11,0.10217610907292377,0.06739408086368108,-0.07673553160554797,0.09077000033705328,0.11173687098259073,0.12419109429951898,0.16616194978822163,0.09856615085042113,0.1727106776592453,0.09808583529281065,0.01916586805546056,0.22723962801797715,0.11443945937348096,0.2201510572723686,0.06605170371571796,0.1979507420589182,0.15514843214284163,0.09172412441762526,0.0921945589226206,0.020587534625628325,0.2615430276785924,-0.023929740422388213,0.18689504918896122,0.1918018353168839
2015-02-12,0.13587594888203447,0.1532981150046633,-0.029799228236133343,0.19463193142227553,-0.08658099729635604,-0.1764661481353674,0.25773371591014466,0.15745058622916178,-0.021204046212866354,-0.014214434451962608,0.09520734598531647,0.22446330028240521,-0.01652807240054853,0.09569189024101905,0.04695988655442826,0.053738636342749876,-0.1336709072842241,0.05203761816670049,0.15075072706337667,-0.005393294102418237,0.258111124752526,-0.02275945762262923,0.19363751999499443,0.11281943397701469
2015-02-13,0.14640456972962154,-0.055963190881845905,0.12838174911196726,0.06851293896758252,0.08169169274721193,0.07442800247367616,-0.17482984313317154,-0.10671937141034034,0.07845942287499356,0.08901370462148411,0.07236264661288645,-0.08526136030964099,0.014150459127436177,0.0019819704316376306,0.09639500208989332,0.11952987971093977,0.18815705189649362,-0.06463575751036144,-0.08750553694624234,0.13622720940276634,-0.0251288979701916,0.05424149866837081,0.024988154933703714,-0.01942012905182679
2015-02-16,0.033156308172253915,-0.16002637543159126,-0.042447478090384495,0.09358843722680568,0.01617808814754798,0.06421106514908091,-0.05777723364528308,-0.045840808460982096,-0.07343668209414313,0.14501281657031656,0.052930169695463554,-0.1330474709567207,0.1494260740807131,0.07938465038578721,-0.05039288403199398,0.17431692356049433,0.06866866731772957,-0.2317702483976749,-0.027518752488374727,0.07093988503168638,0.12629744275929902,0.03900594700429546,0.20268015258427913,0.018906248644363664
2015-02-17,-0.07979169518609903,-0.28834715412726936,-0.0481410858306562,-0.17943635848458808,-0.028120378743246452,0.178626584122424,-0.34598380837139747,-0.2194045073599737,-0.22126698839295114,-0.26169786547528767,-0.12738714733939227,-0.10474045767753606,-0.11334720232682315,-0.2976557032237653,-0.09859388466187136,0.023709036503647696,0.1415620547456554,-0.09073521728048826,-0.08168116869781528,-0.016899219724686675,-0.2816260269213072,0.08226343502489519,0.0474392813834473,-0.022671754106399385
2015-02-25,-0.03902044793414691,-0.08041389633319719,-0.00879641788739211,0.04048031553016709,-0.13210609041698193,-0.06381553572308751,0.05314800649203817,-0.024420340731204034,0.016049240478404076,-0.015584325127972162,0.019625677548196618,-0.08121563080872397,-0.05735371328704333,-0.03950206111655945,-0.01934825499686142,0.015061921527435533,-0.08054771752949905,-0.08444689983743135,-0.06310635494482476,-0.09284710202596896,-0.041944238313953976,-0.15713351661091005,-0.033220813806362874,-0.16117224508610897
2015-02-26,-0.09400887542093196,-0.07762689790938761,0.0639850505070915,-0.06178523453196238,-0.12515477999956223,-0.0344841879799765,-0.07538322057279119,-0.042183548975938075,-0.0753851485447238,-0.09167651137543463,-0.07089249194871626,-0.13227237038184347,-0.18506072389019496,-0.07787994422554509,-0.02159135767350657,0.0012319740649496113,0.0015390035952207,-0.06381779894193598,-0.12536733890513452,-0.023355451991861648,-3.711345970309863e-05,-0.06379321729979497,-0.12070598476502196,-0.18104861429839508
2015-02-27,0.08072461380869474,0.13482483466846612,-0.0745749060933275,0.18404394493700588,0.040217950962600175,-0.12455098132518604,0.1432454372737897,0.1374449311604119,0.15400103941098067,0.007367454916783913,0.13434983373159845,0.008618700408522558,-0.10439199940329741,0.11040747296248235,0.17303385219132567,0.12034055952507706,0.14356065859566838,0.03976704951517279,0.1367966548944687,0.16404691158415582,0.038499657365509164,0.046177031716494905,0.07663179751705426,0.09216849736429976
2015-03-02,0.21542162904300338,0.022562768712802436,-0.004349489625631577,-0.04500579168731009,0.07563970940597356,0.02777242394060728,0.2515347491692986,0.1364047081573933,0.10330956229585025,-0.05018157461464112,-0.03826138729578288,0.0796967522683593,-0.004657679852477907,-0.05431399527244749,0.04733296185225808,0.04971070193058952,0.15735114794054347,-0.03601150322487375,0.06168002793886753,0.14823282006792132,0.026205710775029343,-0.0019345377242443835,0.07557673555157153,0.04016825469006273
2015-03-03,0.06548843459476937,0.242443032723132,0.13652674061273776,0.2169556536860004,-0.1457884153995266,-0.022847038974055982,0.07402206380556779,0.01460308562632957,0.07834165629284118,0.0037383128019741613,0.09137104525872133,0.09943352945096255,-0.11367271278674408,0.03123414328905758,-0.03281121387802863,-0.1423074851447745,0.013962039207218477,0.18416829830251763,-0.020855457166712346,0.038307825429564644,0.06627190899647245,-0.06004556490468515,-0.012763812592248422,0.059634909604623004
2015-03-04,0.20269382332276917,-0.1033735631099968,0.18626925870212963,0.08638458708646174,0.35913410807870366,0.2267695122897481,0.04207780996821367,-0.03160221865264487,0.2601367818026862,0.10523091523728789,0.17369507878860432,0.08834942319568766,0.24487622532721542,0.16831437281403214,0.21668457463946264,0.42051878855083197,0.19399726060505462,0.08653183532180297,0.16077121444057804,0.10174226473843416,0.16895734874183968,0.24644606985260453,0.25908435456253043,0.18775234485645026
2015-03-05,-0.0675049560327402,0.10026784327136974,-0.09428456017159194,-0.051567846378562654,0.15413802318005876,-0.00556417984650711,0.16773501538092067,0.08408762390088216,0.10588298169849399,0.055733523910181944,0.1280556815711147,0.035312804897022584,-0.0036620576080567697,0.027879563744855763,0.07990827455495096,0.03655743715629086,0.2351524718020646,0.10660783643546748,0.10250977224008168,-0.09005822950011617,-0.10984358201543458,-0.03129304291087773,0.1583775285089624,0.08044793835260851
2015-03-06,0.3195130333219597,0.24976941170858,0.32637555969472565,0.2913201731381793,0.046782856734919664,0.2091108010795695,0.17880949199899482,0.2438775871681627,0.1381332322457598,0.26647542639355515,0.20087512312629283,0.10855827162974925,0.14133393821075907,0.29442965053148284,0.2353078187506923,0.2808022894172218,0.1736059833033339,0.1221637577731404,0.2522000192672754,0.25953882341488904,0.15506793980801048,0.2665268822909421,0.14555108458356214,0.0906038921299072
2015-03-09,-0.023243298629976747,0.05339299045250779,0.014906817323280103,0.04314078643037566,0.13487627695884102,-0.12375145595049473,0.07458132159281808,0.11905772618450097,0.036777349451121245,0.11381119958512032,0.05415514647824545,0.041760639463174806,0.014923792392930168,0.10240419879577947,-0.10377868740643033,0.08288262268270372,0.1418198184922237,-0.127169595337712,0.0723243753758661,0.11689647999789499,-0.002683537097723159,0.02083185467765896,0.09185259390750057,0.029233530092431934
2015-03-10,-0.025717290625020164,-0.054150844757868785,-0.1072514468823783,-0.018138027320140256,0.018314666863534952,0.134363894680924,-0.09112214083217911,-0.0343490107079537,-0.020737433191321805,-0.03141748313261779,0.06793955385004968,-0.11558105922256995,-0.04825679158147588,0.069485518878869,-0.1211469269520429,0.08565517156572101,0.06839566765708836,-0.0813572706978863,0.05909133961922293,-0.11642883062443363,0.007707929713230085,-0.07678727604872214,-0.010277813655153465,0.03016772146068875
2015-03-11,0.12715955987762279,0.04754777324712558,0.10609320319114958,0.07083565511027581,0.08225227718656303,0.10725341501099553,0.029793777023418636,0.16145567712898898,0.18140118456796045,0.038181941189972306,0.10023064007263206,0.01679182734596787,-0.020622789699369256,0.13925715445546508,0.0813956492059219,0.03713735692638752,-0.03539310293938419,0.08044504308380895,0.08643651862675382,0.0696100030139076,0.12425607813508213,0.07948853257584436,0.02882053742220775,0.08037320638928075
2015-03-12,0.09724878779756829,0.08350034112229235,0.07814340131413303,0.085056203958643,0.183298408908165,0.20650335436920803,0.2077054043517458,0.05742123729928608,0.1643316033559936,0.1529821804212048,0.17132156461424755,0.05801921655580192,0.27781466500978697,0.08122517726176263,0.15896907970078702,0.19618897362799803,0.01767998261900701,0.13041176303371427,0.13960328289596582,0.08908012718988328,0.11069976771196284,0.0758778822803213,0.20671147957733327,0.17063830478464628
2015-03-13,0.15739240434362384,-0.016158638109857622,-0.04197580874410143,0.12247153253250814,0.017686581710971955,-0.05916288995557288,-0.02239579526164892,-0.0006594015740357203,0.039650390260146356,0.18598626982773325,0.03453761685469003,0.06360458647044014,-0.04908049267805366,0.09219540621979648,0.05704458143482533,0.25901131388936266,0.11474653395385104,-0.08439781762952493,0.11953595185302504,-0.058656790364107446,0.06885035696011306,0.10183312622337014,0.039371197907783276,-0.019108939840647158
2015-03-16,0.15058905167079378,0.00827983307844391,-0.015220811411967471,0.07680178439515224,0.07535709032726852,0.032506631772687915,0.04329818173373501,-0.02538138641645115,0.028114680586697072,0.0809135278771825,0.08376103714415149,0.11640269654229866,0.11024041135710035,0.09864148756788425,0.04422053209260525,0.19757409672674922,0.0642866017188911,0.07022375625788198,0.10496241815218564,0.07000268659289133,0.04153190871574436,0.19453521371993765,0.12656225630147816,0.0316398660942229
2015-03-17,-0.03982174203153019,-0.09671342579817153,-0.10419583401702957,-0.02344014124246865,0.01768163114513314,-0.1572600172429525,-0.01588108148758298,-0.06323142571001435,-0.07277428813242356,0.009804289846609483,-0.11268029609097753,0.014904408935813452,-0.1185723118437784,0.054789096599578264,-0.08490299773711654,-0.038514604910528875,0.06787011270485317,0.0024340669884276933,-0.05055092657113555,-0.1330919402212544,-0.07258342073145405,-0.022220315804889555,0.006921481415476871,0.038229319061207426
2015-03-18,0.11087355221344031,0.15786348127436564,0.05432997701690683,0.10261724115918776,0.05785905656279782,0.07393492493726539,0.05295011362610308,0.11056655684546288,0.09234072657817209,0.09505322330316769,0.08878132036435134,0.080817338502602,0.17252766811462777,0.16978807625189163,0.09212918564039979,0.08259443152743647,0.04960721993496115,0.06548124196222414,0.1437598406323133,0.07295751134464419,0.10171017549299374,0.08197795499902835,0.050252531655827035,0.07161816637082855
2015-03-19,-0.12231024824270971,-0.07374824057035843,-0.0401945030759,0.008570711349343452,-0.14875589646253196,-0.05086156164130448,-0.14104026046751408,-0.12537493784245074,0.01606292359309468,-0.14651984460385756,-0.13292443158159634,0.0014048221947392115,-0.044475841270125514,-0.10500138732671625,0.0022935925463555876,-0.09270271331557683,-0.05732815000598134,-0.01687704656609761,-0.06334711329126436,-0.04148476227985052,-0.0570362994909857,-0.11839696309581439,-0.10211113413602678,-0.09168227328223953
2015-03-20,0.1462109323553137,0.12575949413353044,0.17035931595481882,0.1502374583359475,0.16542201898512648,0.1749524127929098,0.10954464143618235,0.17013591929712524,0.06267391949179492,0.19567469701988763,0.09912219989538142,0.05997956600261995,0.2038470135573062,0.1749406145767744,0.21831880806213325,0.06473347765629515,0.10205123529246643,0.30681209763434475,0.1157481947767511,0.0345808279757252,0.2550420381982657,0.12847000604915165,0.09523212284918278,0.10099760329498611
2015-03-23,-0.13060700531817349,-0.14730353087220865,0.017462640055708092,-0.09125534285996416,-0.03800589654248191,-0.07960999206185342,0.0742618100769577,0.008799159761932547,-0.034774211667664805,-0.10434520550053285,-0.07986903981769194,-0.04510277912075088,-0.006691383071357396,0.08190038459614839,-0.007554191636348247,0.006753964905441157,0.0035150985086800234,-0.028242104493709112,0.07555089326591251,-0.07081673140723205,-0.026297450944434253,-0.01859270383018778,-0.022324017445968666,-0.038402932112816576
2015-03-24,0.19812287258697808,-0.045720499995659844,-0.08874925413151083,0.18128145951564445,0.3651450678429112,0.33946494403521854,0.2309093325336075,-0.022833777280876648,0.07837777308355727,0.3698635649126627,0.1412393573064618,0.08230420646206682,0.23306527060228208,0.21257432877177015,0.05963138330026608,0.38426101675487007,0.3016354315089905,0.11892973982125997,0.1807101782837928,0.2269310126298695,0.02787418258877995,0.2737204809361025,0.40650868808240126,0.16272090820536525
2015-03-25,-0.04114701020420329,-0.007218615811827854,0.019338943900749906,-0.025402284686803344,-0.04058419748541401,0.021686820666009594,-0.10028496696010897,-0.03882772411327532,-0.09240426525472892,-0.01776698626943724,-0.02255539476306868,-0.029510870479658273,-0.05600860155891225,-0.08507446348716659,0.05162787490297388,-0.04959979012468383,-0.03042550732980736,0.05933809147622773,0.004876033615888853,-0.07603133908742918,0.0351424391376095,0.037762986222884695,-0.04075203533287986,-0.1291803437562371
2015-03-26,0.07188940092165899,0.006730953200933686,-0.14190541788980543,0.019344452279821355,0.06009205656777693,0.10134695595607086,0.12044322722775253,-0.04915241265832472,0.06449918275196659,0.13955207154610208,-0.015517872859165477,0.2370997807916646,0.15921248995522905,0.08246169320672822,0.10794999207351406,0.09002410745035014,0.11265613810671783,0.029971956639388623,-0.04228206263563857,0.25346332770279506,0.14475676621239703,-0.052105438662665156,0.12620332256424555,0.07587833664059127
2015-03-27,0.019125555489574283,-0.04102382751474744,0.07655443832191093,0.10923690895714451,0.10487698073391954,0.15727734486712955,0.03165168093870912,-0.05594223599315197,0.1604501105800448,-0.0821114750294673,0.005685781815725865,0.06546219079423465,0.16953575784884753,-0.04169794353177227,0.14760378002282318,0.032577761630949796,-0.016260009863106415,0.031115427172706985,0.16443402572983912,-0.041162518596938605,0.004793406924336431,0.06512679044805919,0.042661874180706556,0.06021071651078874
2015-03-30,0.10770510570995527,0.007805129776408908,0.20589460040870802,0.071684142065061,0.21955767742450602,0.05191685005778868,0.10665662280540615,-0.0156110795342343,0.154200785296204,0.13411862042500036,0.09422242460578456,0.1271586181618516,0.18503017326617494,0.05757991504719252,0.2542316849292496,0.16519126954852933,0.11083743472093882,0.07529288027902398,0.11870296979502899,0.07170354829191788,0.07491650880885606,0.1322624558252107,0.11713899190664787,0.16038863839216008
2015-03-31,0.03109861520171777,-0.160503982444746,-0.0733279314779803,0.013443048669040454,0.16453473776106142,-0.10898291008398217,-0.018227913561385825,-0.047303361281489265,0.01940568020260119,-0.10181654583101726,-0.15072269745460146,0.04420137158291577,0.15080715554049967,-0.11444234635495817,0.10410511396443482,0.025496502164272856,-0.011694574961949554,-0.010002953299735145,0.04277023068400567,-0.11304728463837353,0.006939776054875408,0.09813072936390443,0.013842106291731207,-0.026163693710155127
2015-04-01,-0.07251950074391474,-0.007717353936872398,-0.024911464351049132,-0.018379054061645417,-0.07856653934835485,-0.07853442327023587,-0.08248637650033941,-0.05602775499468822,-0.056958283449405546,-0.025936106878167345,-0.10778323378881648,0.028190655562120845,-0.08991747843658598,-0.0014608626490475328,-0.0512516752730268,-0.07475533832148587,-0.07665828576759749,-0.08556896145927397,0.012759578201554714,0.02087349588563558,-0.06936151281896168,0.01784871986731522,-0.07683143331919555,-0.09392361009412505
2015-04-02,0.17015796983812484,-0.17089440187378413,-0.08079109054078681,-0.014026558749724536,0.07755464349442522,0.04488828337189847,0.08811072787663439,0.01685778665170174,-0.031268898648715945,0.07242810467053533,-0.05930665635978379,0.1293040047017721,0.06056811388920094,0.15828569122608546,-0.14849927187621495,0.1974006490488051,0.15776513403440215,-0.02585638849205582,-0.017341201082390494,0.18155437427922622,0.016472116328893442,-0.09785162639912058,0.10769892636475666,0.1524495301789835
2015-04-03,0.11190420935141288,-0.08611046646553724,0.033838919647691985,0.06698548994905458,0.16211252196399561,0.18592646620031167,0.11932444827548098,0.0029821304246925038,0.06413155190133607,0.0773961475980506,0.12746742698007493,0.21658875664445404,0.11655339323011635,0.17338903071091513,0.035667871232967545,0.15942545502768293,0.31200366895423753,0.12404380642951077,0.037993015725668315,0.15714948778304547,0.14706483660997471,-0.031009846500679637,0.15865851097923503,0.17845981279492534
2015-04-07,0.12065142180975452,0.11719768662457519,0.0036291708977294413,0.18809305386470548,0.09666176229455638,0.1694510064000898,0.18099053213519664,0.17996968968185387,0.11528695687969877,0.166132094250697,0.15391154641884056,0.11467362257755509,0.15815930087625454,0.23464706133439941,-0.0063192772490686284,0.04080358397202792,0.13596903159072388,0.07084425604828501,0.11667911523487984,0.11493194130390838,0.18227245608201947,0.09873079859579692,0.09319448955045587,0.07697538885602037
2015-04-08,0.24323294633407924,0.2689761377007633,0.1351924364266527,0.24693339713485374,0.2991541234719592,0.18271341895518908,0.2021088756945329,0.27805680194743015,0.2462330355714699,0.25474070183689096,0.1937357562067718,0.09643439988131519,0.2897043534861678,0.2685573021464872,0.2814934084511508,0.2114415043379675,0.19870514612416246,0.23217496938163795,0.28131990665162215,0.22225000338439868,0.23422273265887705,0.3154293105872963,0.295117996418912,0.31669714459690906
2015-04-09,0.03987004495989122,-0.1716775204275564,0.04142796934267869,0.013838700538007589,0.03163506498511797,-0.04711926962383174,0.0300636030434093,0.06128452923622394,-0.020834579456423006,-0.005402867393117915,-0.06794832354600121,0.05415520866558538,0.11968058544140639,0.024264554844312086,-0.036547817489946295,0.07499227461242247,-0.03900198352865904,-0.00121285476865349,-0.02018450035149324,0.03075318971825192,0.0012020799768590739,-0.010150406423765199,0.05436932311791031,0.010325565859602627
2015-04-10,0.04783340650431721,-0.03220262417692814,0.06308154537657919,-0.034004428658561875,0.04523305352587056,0.0009624226549804107,0.05517475245469882,0.006977631853458707,-0.016466648701804483,0.042044267926677245,-0.033638280787012705,0.011242145837454514,0.010672912994314934,0.06502856507757918,0.05653036492152007,0.0512555640482276,0.04052126584945059,0.008353525775498699,-0.02246779609133111,-0.03054089694600523,0.04491747408266681,0.011836257265662427,0.1061539478731456,0.05375423933117759
2015-04-13,0.10175513276570322,-0.05033149118794945,-0.035765651067582685,-0.02723152049835473,-0.09439341841600553,-0.01926058850103714,-0.049420474020560004,-0.03374107928912866,-0.0033880206727320296,-0.030011928840061375,-0.018620334732589876,-0.14180350095469643,-0.10962814045075517,0.09695416593702887,-0.05782403884010042,0.0860596848683267,0.10738765359033835,-0.09508370455164863,-0.044077177735704014,-0.027356467639961447,-0.1086978594842315,-0.0605870562520331,0.011512260404826167,-0.03776694575541618
2015-04-14,0.15462282352986773,0.04325839886580316,-0.020930028516225073,0.08655233026451015,-0.09506838509284869,0.06770532815797689,0.046901303469972254,0.03435749937339873,-0.014791100139151418,0.04870908941324764,0.08970789251354466,0.05904686987084691,0.09074462249280736,0.17191678062132829,0.10710653391348336,0.05845074329959146,0.0878038954042528,0.034643946254038674,0.07562935632270273,0.0801633075212289,-0.017559904433886775,0.054790619083322833,0.1532392413640286,0.0025474092820270025
2015-04-15,0.029619927524550584,-0.035943080146661845,-0.05078092328852802,-0.06248807609868923,-0.08429303086576573,-0.09314610052212363,-0.061822797570020654,-0.007465660530835437,-0.12094621521024226,-0.04968214773994638,-0.03287416177365824,-0.0752989243479481,-0.04630710284594492,-0.07632499484779272,-0.04975266617067625,-0.031936649303102284,-0.027772781963029538,-0.06092847080510545,-0.06657541180851251,-0.1402731851207414,-0.09180133044774016,-0.17203599829227706,-0.0507989628870868,-0.016226345576392198
2015-04-16,0.014248670685640896,0.05824510223071912,-0.06058341912390273,0.019641915986630096,-0.06509888292433982,-0.1038056398137497,-0.017668935756183987,-0.014839266741465225,-0.11581009957114603,-0.00264902882914612,-0.012616418948939593,-0.04548941727044733,0.00017928808837524272,0.036705653037257834,0.06223838609352034,0.0010370585504058157,0.02173036531773417,-0.04604891509073146,-0.011009045800670447,-0.07710848065108629,-0.018181651013438074,-0.109387097044617,-0.06806917004758818,-0.03708288815533244
2015-04-17,0.2441532599723393,-0.044815258212112755,0.2363689041223193,0.22186179488440996,0.458689888537208,0.21619353745401274,0.21418458325816836,0.04797327954255976,0.27014830728526057,0.24819139456953715,0.31196626050259385,0.30432458139954405,0.37826885547009526,0.26386834380176133,0.18459856448606307,0.42923233350279616,0.33320978948346647,0.34449437219498064,0.4029147602101339,0.2081364011567203,0.17007068238844153,0.3607644412374064,0.3844826737950375,0.37316365186873734
2015-04-20,0.09523920034479329,0.06676391605609522,0.12157002508592205,0.03266474378101206,0.1442048204754169,-0.023168561924653826,0.2104056846688548,0.1351877023726641,0.04887831670147753,0.17598713655803466,0.017114787432726628,0.03564190122556333,0.11051840555205607,0.20380322470134493,0.11221971731370664,0.12854380090397727,0.040836455259755336,0.10017129153819802,0.08173700670799768,0.08925117970140017,0.18835272795588412,0.08945009890704948,0.2086767452397529,0.18322392777022622
2015-04-21,-0.0031959682413183594,-0.021301843970069734,0.005288973147345594,0.02576112445234734,-0.06696994629582097,-0.07234586920187391,-0.015101592182765156,0.014186361281046743,-0.07718259068217667,-0.10217104796055633,-0.06238306421959619,-0.07289325745555436,0.01942367272110842,0.057576267006900515,-0.03623010124424294,0.012768910831469898,-0.05580988830484867,-0.15124938757586903,-0.005592732693998588,-0.016821955265760833,-0.020600035203360307,0.018708595647063776,-0.09986913779010229,-0.07430280338161235
2015-04-22,0.07447977102189217,0.0577191702858911,0.19586469073589058,0.07200764733835052,0.07661317950248095,0.04142713478986396,0.027638718518272938,0.24080993269900206,0.13203870083656577,0.11217606559913361,0.1320713014841583,0.03267966272143576,0.08122202698670557,0.03307694857938534,0.1381212081026423,0.06318116014101162,0.1271077147498591,0.0014758699952480412,0.12131087756522893,0.040683397982075174,0.06647824597464885,0.06354031981787842,0.05090674004575142,0.08658289957895435
2015-04-23,-0.044173496731375154,-0.03953225890385541,-0.13756733801452695,-0.01922634174702074,-0.0008722220163552409,0.09418178417829481,0.15472656709333893,0.02776288029114047,-0.1592476737290355,0.06877631130620526,0.0037781126052001098,0.01244414668794436,-0.13522437844482668,-0.06624445948388329,-0.08550665330151495,0.10937557063988422,0.05435816031253422,0.07534499925821064,-0.0028266949701819385,-0.14388506147225588,0.011334872921131835,-0.08047933683301342,0.15811913616308876,-0.11465679468308546
2015-04-24,0.1260555958519695,-0.09511793858113043,-0.03073458474879876,-0.007724514866701218,0.053895019265134333,0.0741107684355202,0.03262457723324257,-0.054792926226883115,-0.006627548673861517,0.07648289093935356,0.09807600156357817,0.00783474659144511,0.09822101514321699,0.0713913624881976,-0.007972268694645013,0.033790572030412185,0.11053379177601771,0.11728628757477097,0.028841381631595414,0.07455865170547475,0.00026246922809164544,-0.05354024434520617,0.11443203505154806,0.13287069898953363
2015-04-27,0.07518182317148905,0.05653475703650115,0.16862277764420314,0.21063263632352022,0.1425426076755276,0.05722392418547503,0.20167346338685968,0.1839004948482708,0.1468583499584975,0.23943620836284626,0.20640700179396998,0.13378015253775696,0.13250371334469357,0.08027422094541585,0.16338552641783138,0.18821938042496464,0.0012748675462014136,0.17542853243882098,0.30698925766633245,0.12921582810945212,0.0897748262260251,0.26083810950572417,0.23592541121434873,0.13248799687607388
2015-04-28,0.1254511241168024,0.10902040879802184,0.057791059940800485,-0.0054207467847200985,0.15869875121172378,0.14247746323357885,0.06627753269710275,0.06383283136433618,0.12980555397160287,0.13991249669529876,0.019784144691483457,0.14027899454141113,0.10415848051133446,0.10607131934040755,0.2269020823505627,0.16794932273064223,0.03573276241919681,0.11047603249234086,0.15764850420150642,0.08680089369488923,0.052709855007853516,0.15775840171688948,0.14674221256875072,0.055056581668887085
2015-04-29,-0.04910170964754922,-0.0293566748386079,-0.13209207714259774,0.06857744332144688,0.15442489109713653,0.04854677824222828,0.08822605847472291,0.12514390050437343,0.12588337705709676,0.15995424731839367,0.16120148221909628,0.0966446348618429,0.08077712168933372,0.07006935605803133,-0.07070230444280186,0.17661592668702772,0.1717374031415113,0.23820346335798656,0.10480998005653014,0.004842754963576045,0.1828171101864688,0.10959674941359084,0.15258669701654987,0.08852568514662902
2015-04-30,0.10116998510119433,0.14178379048064796,0.0995138563128262,-0.04998353401364505,0.08409089224467925,0.046268362751503374,0.24507423459636093,0.15735553082422057,0.07713599845823303,0.10885605339426982,0.09434268947267546,0.07610621249487753,0.2064723503792471,0.18327013430103212,0.1674998491059128,0.2245949949754916,0.12758386269802863,0.0535006898771775,0.06077325542609842,0.17621993898584346,0.14430345701000982,0.055819164290305395,0.26218721244087334,0.20597519407097423
2015-05-04,0.0071828135700219885,0.012793384783884905,0.1280590116675286,0.0007702192162391012,0.08192613795215116,0.02789588831695417,0.14258724919155377,0.06769619045426187,0.14545883572002963,0.06798960729854342,0.1474494022658943,-0.017603984723871778,0.04648912895725425,0.19102180364170632,0.159391519124805,0.16366247829523908,0.21852604202752593,-0.04963617850212731,0.08986865492493713,0.13133891953874594,0.08084865179583398,0.07281713513339269,0.17207641149161726,0.1215038126236928
2015-05-05,-0.06311303421308652,-0.054588773255210096,-0.0731698093190546,-0.10811128418247501,-0.02680427652161549,0.001024383421944001,0.1856430988259919,-0.06486737965720867,0.07408759188935925,0.10351094981113333,0.04045730750110303,-0.10592241336214672,-0.0947247553320859,0.11110524524423207,0.13409651082732807,-0.07148906922487394,0.14571498840981284,-0.02433545155995808,0.0949374494122616,-0.04085350733302933,0.14443882392875873,0.01635942355336982,0.14284209545813192,0.06579962948595007
2015-05-06,0.04962252761648246,0.15557692058608022,0.06835040035066406,0.13045672305316394,0.01519225513796295,0.07710006002983728,0.01271078250514355,0.045143565695353244,0.10957798422091274,0.07443827987651433,0.07523594188044903,0.1496262594435435,0.12265887163656362,0.005014498340491172,0.14189919732375536,0.02659933476014825,0.09755944922336397,0.18118623112269536,0.05288755569046603,0.0237869991096196,0.09382890457795229,0.1938516161440137,-0.0014298924990147966,-0.041563833030106696
2015-05-07,0.23306577889376345,0.2599487803595634,0.2023909338415115,0.1107890825477475,0.15573155983939038,0.2272082218166942,0.12641043167358956,0.22520149939918876,0.24827778126879538,0.28435774751564225,0.1995126824395117,0.2075970242850859,0.13821941857885375,0.14425600073867081,0.26293065086389855,0.10779336196537737,0.22218833797781165,0.31852383816440294,0.21971430366809055,0.1706409123610664,0.19925979027391091,0.29615903993310927,0.1984826470063954,0.151906886438337
2015-05-08,0.15255230163755978,0.02561971850290208,0.171932829331681,-0.01280376777885277,0.0947147845623932,0.13637233517111436,0.06524576300009928,0.11098409262694664,0.14762480792827368,0.004871147587752098,0.06938999485779083,0.11160593045468697,-0.018112486148247457,0.1524761582300814,0.013701752364381474,0.0037142754167968006,0.16542104512412745,0.05572631419714855,0.08254046895202863,0.08357297355743584,0.08100897121627955,0.137011939793933,-0.12124568584145358,0.14156277744755924
2015-05-11,0.1523695205559758,0.053453418793598016,0.18323856277058018,0.10715152261293434,-0.05744455473229154,-0.10584422745969733,0.008662465470948854,0.02346437062858281,-0.01997260758833002,0.041308167196338556,-0.0076996273298361026,0.06659818563750543,-0.041880381339338704,0.07938567130651403,0.13392221888805,0.06488308210803793,-0.040493832860155024,0.037173913601081125,0.14818320085985373,-0.014937841283044121,0.03369266637430346,0.08057164987990384,0.03449905415377624,-0.11659292773080897
2015-05-12,-0.049960572157056723,-0.07289527839237567,-0.043772664277015295,-0.08058694586375767,0.06804877639033376,0.0041937528702046525,0.006479016039033681,-0.051781857652214394,-0.07819780709634551,-0.0438116496868539,-0.015257914775585872,0.110664702520164,0.007775537399126919,0.003523049931204887,-0.06176443091753366,0.059366315246540236,-0.037846369015627684,-0.06939556841048206,-0.0934823960997157,0.0054746287697705525,-0.07704773750610654,-0.025919911400526692,-0.09469222621950991,0.001711767271466323
2015-05-13,0.02882915215236415,0.12316216851773434,0.08448183986768379,0.10718551103184389,-0.03001089738651837,-0.03286145166589683,0.08556358346475539,0.0909167167838161,0.041869467152444835,-0.04109914997339456,0.13930177283359194,-0.07755380767020234,-0.013347172815392645,0.02462096143452114,0.13857155783387937,-0.038157477451090556,0.019091429288626834,0.1595013420905,0.037864071632645054,0.015814472089708195,0.061718776868302024,0.1013455677129748,-0.027738778972397106,0.04182606542670592
2015-05-14,0.31858350562586957,0.0939187097465994,0.18726982248553525,0.20839479308616748,0.16171179870801353,0.31275928834162936,0.17754295898863884,0.2134941892481044,0.19439953853570732,0.07602901644134348,0.15105236281172052,0.013392262880773304,0.11940389233560941,0.025805016962510446,0.22438189506614187,0.24167500877816442,0.04944352153291341,0.2537912684446919,0.2724242496524371,0.13592345314428217,0.1749663301865657,0.279186681963353,0.24725197639435778,0.02045837113252672
2015-05-15,0.04723518422978655,0.08917091755111682,0.13320929817413737,-0.009168752834938287,0.0951451751259243,-0.011433497367010152,0.13628735017067128,0.1285282276809501,0.2171397558974748,0.21374879469039412,0.14048879752965987,0.09523956085500723,0.08714367623950911,0.2113829958722932,0.15957241212861878,0.18234194333804257,0.22237739441270007,0.09290223164540691,0.1783987743192348,0.12744535662609083,0.05292577165142624,0.017439045862872298,0.19962248273196578,0.16719175140543183
2015-05-18,0.07535624338526505,0.06490924781288043,0.1252152080896019,0.14918981793895658,0.04344289157139536,0.0858547645073762,0.02178413943487232,0.09969381646668343,-0.089854467032453,0.016680571807526235,0.06976432522750599,0.06695301001188529,0.03853324276173926,0.038165710761719505,0.04292915899678211,0.01006626490938073,0.02377637608415065,0.07110094367509162,-0.016797329210847426,0.09698149122344374,0.036483388872126335,0.1261368301145133,-0.03020184057344623,-0.059857967196586884
2015-05-19,-0.1194858379962643,-0.10653834864088126,-0.13183873762568,-0.04196056501618737,-0.12772015403996867,-0.13756535724447833,-0.11899985031701896,-0.14518460728132976,-0.1691789205777459,-0.1517655284418842,-0.09335006859002141,-0.12450356358693676,-0.14310354324044391,-0.06775160716195221,-0.03501910579599011,-0.12526662904170918,-0.13578340242057868,-0.050038587422246435,-0.10000641503839475,-0.058484923690816246,-0.12095753828573372,-0.07302671182755299,-0.20146768279337834,-0.2500019115541101
2015-05-20,0.04338250471230676,-0.07462932868967105,0.03640651832480432,-0.11584506562646639,0.04945951298018212,-0.23258125117221348,0.17956721223534736,-0.031657022035445875,-0.12551851025287317,0.08059213111251219,-0.097708339226997,-0.0022856885407534647,0.08139052426770547,0.1556573279813964,-0.26516554084853344,0.0717893750844855,0.0401197799284854,-0.17370132761677837,-0.0781859501664474,0.0029971176121133553,-0.032581146396181405,-0.06056315006963197,0.04427205299151817,-0.014034221938630428
2015-05-21,-0.06524755235580629,-0.13643504928087638,-0.011646467793867632,-0.04269369325046056,0.025323209297494684,-0.03255599105673724,-0.03443593486068518,-0.054701499472478696,-0.04202130858083102,-0.08927191126708978,-0.12441084343276974,-0.07887345501855891,0.08638612372971229,-0.06357861707419737,-0.026928186037358345,0.06416135045454296,-0.03314637759592415,-0.11529921117798514,-0.03491644390507897,-0.07257162536694163,-0.20701138680704748,0.1295029273332568,0.015968315922396968,-0.08031498215174027
2015-05-22,-0.056663092217334024,-0.051211786338795605,-0.11762342825046879,-0.15094584109278059,0.031358700584874555,0.061633633004668384,-0.0697891366569261,-0.04406806312510243,-0.23179709172435864,-0.006550318503352007,0.0636416671172548,-0.0244258590641523,-0.2331179959297279,-0.13967566847325644,-0.14672425496602431,-0.1107625744562627,-0.012097043407625603,0.06712841382392638,-0.10949756660324712,-0.10381251234213855,-0.1702458917241715,-0.0033481350450267127,0.05915697290770215,-0.16060659399125102
2015-05-25,0.03139484891344189,-0.019336577227550007,-0.10054740889446345,0.012409312667622538,0.06444743789653626,-0.04062217196623623,0.018702078332966044,0.1117184433496805,0.06147182798377564,-0.0026871251600734574,0.05431249098485201,-0.09816524535097701,0.015600518155479469,0.05852079373242495,-0.055582885118418225,0.05582640758148038,0.04063166710814462,0.05943930907762156,-0.005472552965786683,0.024724790991679846,0.05631820007855888,0.02948157781890196,-0.015704964716471728,-0.022571348660633653
2015-05-26,0.23197151096802274,0.08900267638697304,0.18425105557148405,0.23739373179754325,0.17912835972244573,0.16903964697268917,0.22531138529456782,0.03242463777873888,0.16707226752972937,0.17941489870000407,0.2509968521646633,0.0611434655491935,0.219361537520164,0.24360951032747413,0.13360140960238828,0.20444852468420574,0.2534328569305264,0.14136308708907735,0.13136301792449645,0.1956527661386041,0.23511271215353188,0.12681989303203675,0.34838989796248543,0.13197505388838462
2015-05-27,0.027946237631631916,0.046389470240075566,0.11268562273449732,-0.012889372710060309,-0.0074964694419985415,0.039871012096148024,0.02800103137812437,0.0024086417728973538,-0.12876416272087612,-0.020589035628635025,0.04056107084103734,0.03230976046428601,0.03152381266303491,-0.001235142368850681,0.011166223536511227,-0.10310128324385934,-0.022951730562025683,0.11052412358900865,-0.00386581296868099,0.013005524037260451,-0.08188240491465743,-0.05704457086008689,0.041349301715058955,0.029594045403753873
2015-05-28,0.01610914632812443,0.06325499318200048,0.13982543004440814,0.20950582264450876,0.06846204890000511,0.135297986684848,0.06173301151403342,0.055152730481197634,0.09559462435374846,-0.012128893004805415,0.1170674580893559,0.0313021285284059,0.03885895126771039,0.13826261329910966,0.07554285130927467,0.03143688428359961,0.0398646608865587,0.1529375733755296,0.03945747682973961,0.013708043781036483,0.1281495147188578,0.03599466227203453,-0.02707394794986036,0.013738961768158848
2015-05-29,-0.049148040903038634,0.026818041432451943,0.07976776200452493,0.1754127369973096,0.1219644733222472,0.05679900418323306,0.036788326474759686,0.20054271379110933,-0.07942674467366065,0.10286663726762711,0.03959061186789399,0.16865066914553553,0.028193651105515295,-0.03346816789304554,-0.08587751159480651,0.03691555882916844,-0.012850756304024297,0.12121550463280248,-0.030743779859753333,-0.0001485820011802908,0.2085329633497271,0.07620842967722154,-0.017245321434079034,0.13534493167319775
2015-06-01,0.13424884669017634,0.020690373554013663,0.08086796830528391,0.0963155438929419,0.18370996947831877,0.07200221458350474,0.0580603274216533,0.11981638363674765,0.1389034672786724,0.08799002295926962,0.19327405898060368,0.11635438471835126,0.1487997442956728,0.11439636191898453,0.13604905188160693,0.08899942780424266,0.1360119519014411,0.0548351976073925,0.09219088225189144,0.059685306552916116,0.03940445970304051,-0.01819696950240791,0.15089503702165308,-0.0222280250396554
2015-06-02,0.26050616360294787,0.10039463479874071,0.07511075104048587,0.14718724612716952,0.16254814943899076,0.07788277355290565,0.10568677932930236,0.022979078016264056,0.16075524348193507,0.05065015182450522,0.23392423827329192,0.17638983025760593,0.2050227059530901,0.1991278992643779,0.1859464099850898,0.13150239096017932,0.22261385022644511,0.15409188894371864,0.08866869471698756,0.21299248012792746,0.17043023319786,0.05868471637037638,0.1502865717208462,-0.0276881092075216
2015-06-03,0.1237746018669915,-0.06151433698016139,0.1160008657344455,0.25695470952533295,0.3062702906495617,0.13761964937766474,0.34584999057488186,0.0443443109383022,0.25782323659000517,0.22322793250078507,0.21129811283883293,0.2275487848302416,0.17541817064752516,0.17961837870304648,0.0062732229754771,0.30172099615325565,0.1982389287236542,0.08276616095682775,0.03991677779254189,0.35756198029778435,0.15342125657164796,0.18110353205672083,0.2249420865596142,0.19246364264731236
2015-06-04,0.0911059593867314,0.0564254044027429,0.049328218189245085,0.1672191814854951,0.0033083825262044436,0.030327195465263197,0.13874081491744283,0.10441630810360147,0.10975764032733262,0.06647949750872972,0.06859871572693421,0.11451978460305048,0.16566573844177102,0.12526158718836258,0.18116419825908292,0.07120871952213945,0.13795799668033853,0.047868054888727314,0.07291031274625014,0.12773563423366574,0.0674409495024318,0.057046050014403486,0.125346941201754,0.11333092513081262
2015-06-05,-0.019603566372020053,-0.0003957776429364077,-0.02703915684055737,-0.09071617167128589,-0.09349864156430567,0.034080062974564174,0.033877800919472366,-0.0742110413215912,-0.12375923162285232,-0.078438864927213,-0.15910534573145066,-0.02154965533452504,-0.12122111615855159,-0.09181494661921707,-0.06673007855420895,-0.024204208144054315,-0.057425477365782726,0.021841568678900785,-0.10507459096599263,0.03676249514844395,-0.09706884016377759,-0.12385216283735398,-0.060111189464880206,-0.07218514084545538
2015-06-17,0.12718185096865206,0.08561179975124578,0.035048465684939696,0.0053506520697219765,0.15355983315564936,-0.06410860708526869,0.12273044518567842,0.10987231659373262,0.025929179025039606,0.05655985816508164,0.18168328245121043,0.1282759795053857,-0.05435547479042351,0.13257705536200323,0.1220132347733904,0.247168911661901,0.13976610576749093,-0.01728138167962003,0.14868723025173977,0.04569947763083906,0.05134012979485889,-0.03996589423961726,0.12729172847846146,0.10791802755110327
2015-06-18,0.04348724133992172,0.02000680119403783,-0.01836295634152745,-0.0546720216482459,-0.09026832610094616,-0.04411866612050839,-0.10083024332062385,0.0398629701205035,-0.016871081520954883,-0.06866985286465832,0.010653687855161242,0.01301136377318231,0.004567395097201275,0.029789069341414842,0.07095047355521795,0.013551285471158536,0.004956952080478473,-0.09271482957284638,0.0359995066325071,-0.020403849657762662,-0.01387020849592943,-0.10080883909077346,0.05359699420400978,0.019745669589863003
2015-06-19,0.2106308400474299,0.21939135057783743,0.17139350960721905,0.23200858419704207,0.018936937628823862,0.030303751421735012,-0.01156530171516449,0.10143057330560672,-0.06130897105917187,-0.02272659667849453,0.10374428265546987,0.12064442051533986,0.0055257523206058545,0.041516426092460326,0.1521434261827966,0.01095307193862286,-0.06689042979937472,0.12042754406622926,0.042763060045577346,0.19113197067140927,0.03393656715409379,0.1950573803164085,0.06003529515479419,-0.01855889115019966
2015-06-23,0.085630659323825,0.07335936409894565,-0.01920861133550528,0.12178418663105145,-0.1096134757932613,0.006109408207112057,-0.040947958649430856,-0.032265175430241134,0.0013729222183394714,0.042478317299735995,-0.10145028746498604,0.01603227665517022,0.11236342013702266,-0.042708185423491425,0.21731311496043998,-0.10247116432851339,0.07090187979373161,0.05058410692885711,0.039741219331499586,0.05091537942111819,-0.1805366751038216,-0.11467713436721254,0.07901450260132345,0.00027141384885747457
2015-06-24,0.044509985118254373,-0.05446116677250686,-0.16814889341097328,0.16098385674935375,-0.06271409287498574,-0.05279817195889174,-0.13643035607259185,-0.12180452989131012,-0.09205075368380729,0.0293426742680424,-0.08093542099221311,0.08391509003613463,0.0919589117611619,0.02531830335402934,0.095626848546813,-0.1302198193927514,-0.014134909237617569,0.08261180941954736,-0.00274022403131026,-0.06740404438912254,-0.17489052787563522,-0.13470312658093603,-0.008789490668410246,-0.10592899754831761
2015-06-25,-0.17249619654566814,-0.19738563540838008,-0.1367512954462564,-0.06415466498510049,-0.4341452057008046,-0.2586422113420716,-0.3870469995034778,-0.3669834724828341,-0.3282342073486035,-0.3213936679584344,-0.11152031636968518,-0.2824740383469818,-0.11402629670367859,-0.3127472651097126,-0.22633705016371258,-0.2809137160714728,-0.40201689907499033,-0.09572130967569255,-0.3121409839066466,-0.2835787032508734,-0.3691530505792654,-0.21186661597224607,-0.33626459388127505,-0.16706643727877987
2015-06-26,-0.008416264786290116,0.07045735811020384,-0.02848248247705737,-0.12615493193089095,0.1573154595320386,0.16672600279364103,0.2546848309890921,0.034509225542971526,-0.04841285729921135,0.10179311159649551,-0.0249485702038679,-0.04544914261318432,0.058284581392072266,0.000290235708780884,0.15448188003106966,0.09318906402124,0.149185149691863,0.006091525274265456,0.03239281648071093,-0.10407218964007872,0.16229084728708867,-0.04875988445936626,-0.01750318239031384,0.027651729135600968
2015-06-29,-0.10780270084655022,-0.1419988501874774,-0.10232532388597926,-0.033647355723713725,-0.04710692585821111,0.026921708725861596,-0.16463066517753414,-0.2815379748488171,-0.163737698340165,-0.0853384063210303,-0.11253465454754678,-0.10205734821953961,-0.09221758996269981,0.014354820044637073,-0.13577490843094678,-0.08652303570483326,-0.0727258561843954,-0.25217109518572983,-0.24953728536084005,-0.012045777321353604,-0.12625478036197962,0.2002046489354694,-0.1842628079312255,-0.23032237415596107
2015-06-30,0.35691449177645534,-0.05526769546186127,-0.08207366592981413,0.2917774722470061,-0.08722182480089807,-0.07760552333642268,-0.1664479045360474,-0.03299997533251804,-0.06629769220028371,0.2243346868748253,-0.04890347014594328,-0.07248477284309895,0.23016315053284128,-0.02280521284268269,-0.1539603591192616,0.06020466556957189,0.03890460542978345,0.073387518253748,0.13129247667461946,0.21078456192866252,0.14517842637565456,0.07549450123040828,0.12118022782730431,0.1104993272687749
2015-07-01,0.006295151388704172,-0.05163368865880929,0.14670973135685436,0.050376840613713635,-0.18464902547832143,-0.15849732639640482,-0.26782806660825426,-0.36311201120019715,-0.2581710973607771,-0.08916926974092021,-0.21858303800699425,-0.25557895885388104,-0.14047945715489846,-0.1706856855122774,-0.23948971143661818,0.08265029205793456,0.005157146553879165,-0.1768643528611381,-0.08411563178953485,-0.05204359452053688,-0.10659970554605148,0.14115359010447345,-0.3498219194948179,-0.3113002051741336
2015-07-02,-0.2847541400132241,-0.3828216486465563,-0.0645492873015012,-0.09074870570526232,-0.31133064031219204,-0.13782206093698457,-0.5260953931840907,-0.41625055308647496,-0.4276745798486204,-0.36591819822528066,-0.24490143057921068,-0.28646122054124235,-0.33093737468390816,-0.30291595265229604,-0.4612732778339152,-0.3735025131426192,0.023060828918676016,-0.3140918430662617,-0.37680937199403747,-0.018951642219089064,-0.30044099072247804,0.02875424731542568,-0.4207499296210375,-0.3790953357225392
2015-07-03,-0.10540722273579789,-0.25389134258930457,-0.162268483951637,-0.06938955609854461,-0.2514200382194616,-0.013111783242047087,-0.24997633480635376,-0.11919226177708528,-0.1998283957029395,-0.19613038214500703,-0.05462011246257851,-0.08264510223306105,-0.18054965683416688,-0.18360107484756583,-0.2442558540780718,-0.1594809687126771,0.02051827197684768,-0.13654977494907844,-0.1853731381066189,-0.16468343056785942,-0.18826628194967016,0.08134954884294399,-0.09368143526692371,-0.050335235829518724
2015-07-06,0.11954074370815349,-0.07975852463375475,0.3187383768560462,0.12700848142747204,-0.23399299285327865,-0.05977190250458903,-0.08880099560010841,-0.20610209147869177,-0.06099458613379941,-0.1281956539647975,-0.14085046014013528,0.05012941653742106,0.0026706790138286028,-0.1528458620747822,0.0055997318341303075,-0.044565195795175684,-0.1506956042351293,-0.16974363147016408,-0.09009592593349848,-0.13151287975501377,-0.17343923406701628,0.13003978170199412,-0.03203345392102533,-0.08738055192471127
2015-07-07,-0.10822307871404241,-0.23085861074610636,-0.07316546027397397,-0.06697412746947755,0.26628937909263983,0.05255576286580897,1.182257129394235e-05,0.03818468854731617,-0.1924988003614987,0.13962604480287089,-0.09367836037966983,-0.07448811043748378,0.05301758205697859,-0.09529140245058708,-0.10816544367898444,0.11869196559482835,0.30667749936486455,-0.048767367676806325,-0.21653778235561286,-0.13911619641581963,0.010621841396901331,-0.17755950371019083,0.14663535175876696,-0.14771268356792744
2015-07-08,0.011878047743417344,0.28514343863663316,0.2572544137356939,-0.2026541268803548,0.46967565270071754,0.1814092056175361,0.3326305250407965,0.4130677175583117,0.1847294642530602,0.39993587588642254,0.14002468142357774,0.26103516190329973,0.42599370176025153,0.12808853453358934,0.27677644425698555,0.32295163758610607,0.28554224265507155,0.3847655431706449,0.3163806958362603,-0.04742109725003327,0.3322367419362593,0.00975420116320848,0.46473937706242047,0.36164925556950633
2015-07-09,0.1572580797520326,0.1778773311038136,0.34328411783114005,-0.2589941195815222,0.4633157050913261,0.08463760924269065,0.17558385422560494,-0.058889836282965846,0.2530973273004827,0.3661527649569356,0.06980179876116457,0.4299047470325015,0.314348021578068,0.26503071193586275,0.008498207158546389,0.2851719981721686,0.43119443419520637,0.4174600215884708,-0.0993506223625334,-0.11690497751271044,0.2719659290857012,-0.20872465808872612,0.40769794619967603,-0.0282811769907609
2015-07-10,-0.34071506910159355,-0.11123174685061808,-0.3639912981490645,-0.34831787237619805,0.08801097872468483,0.019307174548115903,-0.0790182654851328,-0.28043243431666953,-0.24577951913515395,0.13017313333607344,0.04876115754274294,0.07469951082402128,0.06087831048418723,-0.2550740921995636,-0.04037512751359901,0.13657696462751281,0.2560402129854332,0.19577408946722655,-0.14622843507250444,-0.513439853597259,-0.19101799792101276,-0.15427958274335613,0.05105749371388978,0.06476099835763628
2015-07-13,0.08567901843261395,0.287703079006845,-0.09362312918139955,-0.043317837977870435,-0.25568209923197227,0.2923959621160339,0.3382506839284706,0.06036316305589299,0.2022222835699216,0.32016681855713874,0.046722456870207124,-0.057558029784168,-0.18390573774757354,0.17276931049248986,0.2628273898336388,-0.02792869381711254,0.04137228853792486,0.22341435961573525,0.11157249932387979,-0.11633614989508152,0.2556580160642716,0.09291174945854762,0.2644794951379079,0.21301784137447208
2015-07-14,0.12436400927463771,-0.13976160759887568,0.1343992123683611,0.1598163103116215,0.06364823124255568,0.16320075048957677,-0.2768604520962735,0.16228994895691745,0.1610821469244779,-0.057836580083637894,-0.07115312663010553,0.04193510504942792,0.0005960492788692703,0.088862549534242,0.014033444304557824,0.0894756678073515,0.15838388031498035,-0.07688489489597898,0.08435019021689147,-0.15914993677648243,-0.1624777078935601,0.025169256146892072,-0.006894508153518775,0.11805462624367442
2015-07-15,0.30493517187383995,-0.2041893615728836,-0.029444320705178825,0.1746795715471683,0.3757453040948698,0.0282118776196165,-0.07440419543604593,0.20132018547391017,0.0462584620784147,0.2860496351941469,0.06027429620480423,0.05756035663906156,0.12635376381098942,0.13550529491566607,0.05540054400280776,0.27371980480693303,0.06460944513063492,0.12540412119248656,-0.006037351259778214,-0.05853564703261992,-0.06648308259258509,-0.32422972307152353,0.20772268005750502,0.1288935684829341
2015-07-16,0.04071683358252012,-0.34605770389558127,-0.3392432488505799,0.10921585178550927,0.042739615065227866,-0.3504159941609995,-0.4190304508042399,-0.03323909665200724,-0.23820363438829023,-0.14342997933116414,-0.300134727096645,-0.2803791011438156,-0.16667615066379424,0.34510973907690784,-0.342836188779078,-0.1086559427405618,-0.018782225545626027,-0.2965636356864995,-0.27369867208452964,-0.2666464921159599,-0.16230775138242184,-0.24946409986940926,-0.25188178516890875,-0.20703492942316215
2015-07-17,0.23444112806858755,0.18032397795795943,0.017792088243423737,0.038520939018623496,0.257462770433945,-0.0986072534415588,-0.13468779762944572,0.107654088778808,0.1365527629801719,0.11583092574988085,0.1234712265354371,0.10055255576123935,0.10492295063185565,0.1279334350848584,-0.21084405622321967,0.17724216256557138,0.16547470939873288,0.09646971623188032,0.055400947626418576,0.11788908238309252,0.19202033928322326,0.21798512013027377,-0.06936905990711398,0.15647983805330734
2015-07-20,0.026366966849438015,0.043035200446395055,0.10236781145063151,0.14801511034546044,0.05443947307994573,-0.14979462938520657,-0.1378268783514037,0.1702031512254132,0.1409404972359483,-0.04742096121159653,-0.1324057106133099,-0.17098795210453907,-0.1576469536565548,0.009493747948231681,-0.23695992922640796,-0.11932610695931574,-0.1455334010454438,-0.13428880117520306,0.06313084998011588,-0.029882233630880075,-0.009004249206655917,-0.0717433152443645,-0.031124167150910775,0.07156083208629595
2015-07-21,0.12309240315277545,-0.12828302412585166,0.1458273978256248,-0.12811906384289237,0.17489387779784504,-0.17422806189594192,-0.17610144839895586,0.1618319163964647,-0.009432391943627586,0.09037765102892871,0.0007655636025627676,-0.0732173059766952,-0.10203815723604108,-0.07774398131725566,-0.09598347180600067,-0.07726768604660586,-0.05718598021130303,-0.19569813103980116,0.05255706347756643,-0.0441994530085465,0.0547353038907214,-0.10840206053812636,-0.04856590860492242,-0.1249882328884378
2015-07-22,-0.11824034612586545,0.011648702983660738,-0.08209700080577664,0.010303507434026036,-0.06081677166632169,0.02815848154425532,-0.037961393750827924,0.03996254166747057,0.00039455781474161805,-0.07152223487411574,-0.0661044628804449,0.07706700516440655,0.10844606487149033,0.009926211523679363,0.01631558213615144,0.10237542299373921,0.053011924893464055,-0.00974126254801923,0.03438571355473201,-0.00680427281453631,0.025300403373720724,-0.046314922484810624,-0.04159872360547722,0.030020917729152864
2015-07-23,0.050023822876310624,0.14961916915676712,-0.07565745126638364,0.00804320005531841,-0.024366192377790547,0.0928043081684088,0.1304648631846241,-0.03017781977892051,0.0905683714945027,0.07052972809814785,0.03189599668489714,0.05923533335318209,0.14848203030462584,0.1389694024672367,0.07987465289210169,0.1080668436994926,0.08581844774753754,0.08052520354572527,-0.02024531090155486,0.05281648377991088,0.04293478456068642,-0.1033113090700333,0.03009459168859109,0.16816968182940417
2015-07-24,0.027054698872815572,0.12510993552343141,0.16688511919063032,0.011966028583553692,0.0013094542343541104,0.08419721376889333,0.14509282498519738,0.10889905602032732,-0.018216355631886214,0.07103016914468264,-0.17647811660513785,0.269322015412147,0.2782473613898799,0.13431079016770872,0.20825618144992308,0.08416758240201098,0.19623908604259344,0.19212032604594662,0.3119035505313146,0.0652734880595178,0.1967188620042417,0.06424962976554038,0.21819592890241557,0.09529321498441204
2015-07-27,0.48117868227574434,0.34544157257399627,0.3450855976343825,0.023618095621362713,0.537952321178157,0.34010506559835024,0.11024531411364409,0.364097527158834,0.2089816030780589,0.4104091810365029,0.531643273211622,0.1093924704754801,-0.09493059891385038,-0.08764558112601012,0.01564793517391556,0.3700184938645814,-0.044095694292980415,0.3303936827229849,0.0796242999341701,0.4192000788009405,0.01972886679337577,0.12096134430107176,0.30765866678982345,0.22149184670893393
2015-07-28,-0.06270074657690482,0.15595504509669741,-0.0021349263595282567,-0.13500650403496764,0.022499645514681855,0.17965747470824317,0.09129569007502758,0.05812387874752631,0.12131289031916008,0.11357462994815268,0.17923887378473183,-0.03881645058474665,-0.131605910965618,0.02331095452107492,0.04205552164826425,0.20617975796358973,0.02005708754862614,0.06343437706140918,0.12366297385439592,0.029319326539545144,0.05858933338265303,0.036875720529940134,-0.0069719555876133574,0.15355070989538055
2015-07-29,0.08030029924265679,0.02960391912026116,0.15204074478104515,0.05427241321048733,0.2068415021612583,0.15828685791474068,0.02942852365201496,-0.02138776655324143,0.056707913376767165,0.059589146138976715,-0.0001901915710156515,0.04528100650877657,0.12126238500345883,0.03433281521580591,0.26888217757784844,0.11911695010188841,0.2079012730221202,0.22585418596786178,0.02986562518799583,0.1604067078886056,0.1343143971589608,0.12187025822557043,0.08351012878720458,-0.1768948066601715
2015-07-30,-0.15533181935003018,-0.0796579027388083,-0.1513518854734146,-0.10755952094289152,-0.06487934344806426,0.10593830884293244,-0.27166602220290975,0.21191994560009184,-0.14060999157287826,0.14317413130259624,-0.21239686436820132,-0.02235533347142185,0.15504192754980678,-0.04304612692865769,0.25884470013109345,-0.2149793950830948,-0.0962814830677484,-0.011241255904792188,0.15809451937732055,-0.06958494196007776,0.1812375480951559,0.035948765208994496,0.21313032179392782,-0.1464015933450835
2015-07-31,0.48285644980772524,0.1766819851304219,-0.0724234395979854,0.0039412851590581565,0.4095998648305997,0.28949106732921476,0.0673949359702724,0.2712674700861281,0.3599783817214946,0.18735431579866738,0.4183329180215576,0.44444003126423504,-0.10586904108371446,0.37766483188699695,-0.1570679208924857,0.47889877283644033,0.303231819155444,0.40965471435612755,0.020099514061574515,0.3740706118291244,0.08423153371724953,0.2894362178036867,0.19693753663530872,0.3039540045748955
2015-08-03,0.19577970728321561,0.10040552397767623,0.024809323032340565,-0.004971762739235803,0.18126790982801272,0.018070081617039893,-0.0889608867718244,0.06636950202462606,0.18432403712682655,0.10844413173910485,0.06052392960284133,0.15699478819178173,0.009055215346645175,0.13437408731887016,0.13469309720297531,0.10206803201005829,0.10249579526374475,0.19664563628680937,0.21594132109495684,0.07139359247212416,0.17707507339670564,0.09784115104566486,0.09258536863688484,0.059203127809955326
2015-08-04,0.11633950195030306,0.1064439050794511,0.1611309022009509,0.058398235587585674,0.04248566944822576,0.12896631597551786,-0.02613016110658901,0.13683578736093738,0.11772942403330969,0.06168055887398618,0.18314709343727267,0.08825740272220978,0.009536193380897524,0.2009595418587419,0.0776090223056164,0.09161204310285954,0.08723872917045697,0.039454897433632015,0.0486622350626632,0.13089051176345237,0.09186982860692919,0.14942488428096184,0.09698532789022633,0.1349714402027264
2015-08-05,0.5363185760813235,0.23651237770764322,0.3299608235749528,0.2555634432383155,0.49053372993106614,0.08487679033236284,0.17213669760515662,0.3269586005933835,0.34060919530084643,0.09655343288625721,0.29221048596671956,0.32921499623618833,0.18481261009306765,0.31610407033851606,0.07336028314959796,0.4818908330695933,0.23652750860885233,0.48233656420104426,0.06281215364421451,0.34122451861668257,0.2758855044705509,0.2897819763226614,0.16273158159527612,0.38618851337634713
2015-08-06,0.39156323983069086,0.28737942594029825,0.08182013839521551,0.27247096113585817,0.6063262657422926,0.17627193811999034,0.16325613549948148,0.33998852141473557,0.22414285621115376,0.4002126147043285,0.11101291993034584,0.2801309602227888,0.2909508312191431,0.39346046736103407,0.4130131938511305,0.3512844928226232,0.20969940454838937,0.4091033007454558,0.4283468880642279,0.1900690671692895,0.40197809938106943,0.15821860183005168,0.20231854378493302,0.18736638209340697
2015-08-07,0.08691086457547384,0.03807160163228504,0.043901747003371246,0.09350420811029476,0.08630292017353478,0.15201383575637778,0.03347806681973139,0.03720766386130715,0.14524356031643038,-0.005396901300695456,0.12394287171655634,-0.018330782963552998,0.101485271614513,0.14863045141564404,0.20485271614410108,0.10779424891622975,0.07406273909726319,0.07706548074480589,0.013551389951560189,0.3039973858713375,0.08092705942371922,0.047329125223217486,0.020405508798801743,0.0486176995664989
2015-08-10,0.21769673197188716,0.05253922031046399,0.2094488347122632,0.09448228999030878,0.15041669064303448,0.19950047811502197,0.05873215677325988,0.10067108210151315,0.0938717951212542,0.14158922175315403,0.23844239965007316,0.13767535986940313,0.16060637602141112,0.1712283491504081,0.27303498358799044,0.14798331866627545,0.17198517151027,0.15183724685008784,-0.017662588890391358,0.1853019295625664,0.17864514451779956,0.09730395583156308,0.031926809475758315,0.06724178577570043
2015-08-11,-0.027592266143712574,0.18475878651296523,0.16299713934052948,0.12364013886575521,0.17597545749197857,-0.01661842477529975,0.07792020621899756,0.1969436323525192,0.25232677453190994,-0.024144643457367575,0.20311375816834112,-0.08414578804361512,-0.19409377385400578,0.18186475665860885,-0.009046422644109972,0.11774181197676285,-0.032805775807810446,0.014857696496039482,0.013435830224012785,0.03943502578947504,0.16369517573031128,0.15813957987242194,0.12669570046666156,0.1449023595403748
2015-08-12,0.1512355829374369,-0.12609768334356616,0.11986979338441461,0.037568530650255505,0.09555664749294135,0.15828435754330616,0.04041809015838251,0.03164500640457671,0.017247605377658497,0.004371388075490596,0.11019779902768304,-0.015319525963922418,0.05879739432236435,0.03193518558055705,0.133285743953906,0.08446857875742567,0.17929848862518954,0.18975719097013452,0.12561921012450522,0.05680225127684616,0.11497156889386638,0.06970297259831906,0.05048988693535368,0.022323161586861397
2015-08-13,-0.19096713602775728,0.0036366245133014627,-0.045965212060340835,0.026697493624819827,-0.11230034761851962,-0.05081752310391379,-0.09416092193909828,0.025142014883029296,-0.01778724181335559,-0.12119951216012625,-0.11948815944798437,-0.1302715076730429,-0.10002217453971524,0.044739742644900826,0.03601601784398254,-0.13845847817438317,-0.18756008321974316,0.015354564368123443,-0.1484937617802242,-0.07419535769489137,-0.1354264359644946,-0.09464810962048927,-0.044357557930985,-0.007689347742436198
2015-08-14,0.11322152011766833,-0.08563762963399214,-0.060103910799614635,-0.10924085440699735,0.22163539260918588,0.09194271454558575,-0.08973666854471012,-0.0012355814186722578,-0.05117994112334516,-0.0010265532610135306,0.08580459128254328,0.10031721082769772,0.16175029287632478,-0.07320485656239055,0.1289808083784691,0.03176282315200156,0.0781559868552649,-0.13527056673248086,-0.05880832753849432,-0.16576943802943525,-0.007672409506075713,-0.19776770319365147,0.07038835703399987,0.20607958885755678
2015-08-17,-0.11375026901810288,0.0588188353754716,-0.0595591086091617,0.14041783845701444,-0.08011555484626054,-0.1389553474343584,-0.030001378339763244,0.05439686351133417,-0.003936731787175948,-0.11733620930778109,-0.1278115914343451,-0.022108569646064044,0.022908490331074977,0.004055059433850278,-0.03630885450295104,-0.028937396775661633,-0.044409945648289526,-0.07134705708344015,-0.12137966167002298,0.10441109023453707,0.03263102489637316,0.02388316192752321,-0.004010888078007273,0.02007894420787628
2015-08-18,-0.033453790314315515,-0.16513174474214334,-0.007824204536814554,-0.13134800080783013,-0.0925722339406245,-0.00924443968376109,0.015286257081051944,-0.1775399136286648,0.0032619182993393844,0.030010796018687547,-0.05493552435288912,-0.08689256853591082,-0.11867236227186127,-0.1510820964456044,0.03451569901790225,0.03869160478442362,0.050184511020690645,-0.19492862880042658,0.06339030691903258,-0.17737605260385433,-0.10578982528238663,-0.16175091562129754,-0.13028641090001153,0.04652091005352799
2015-08-19,-0.06452131502662409,-0.02488465840099158,0.04344018691706626,-0.06898871360860646,0.10368639189790677,0.20508486544215648,-0.04315206933987661,-0.10539177055501406,0.03637594741507466,0.1797891508916514,0.17258053737395643,-0.04482592528613165,0.16577415364673634,0.17351234870674928,0.20791119169717015,0.19094945144178574,0.13041008525001924,0.23331786618987516,0.1292115917834163,0.02474721938167572,0.033545207980541655,0.1718460582110988,0.025509438530083382,0.2348505003915121
2015-08-20,0.003101125644807486,0.09056692903004154,0.10823864796318464,0.12381520769785352,-0.020919751617747277,0.04950546565338452,-0.03914284482686558,-0.021264005882678638,0.18922761629987037,-0.011762335969646447,0.01803394251410107,0.08112925510215685,0.04275404684590286,0.22809713837243606,0.13265705693643393,0.08095492121158264,0.15986480815887066,0.07760853016556947,0.05416267101586709,-0.02526391257997633,-0.04012611318979681,-0.10021613648518717,0.02877644098644629,0.06192446978589913
2015-08-21,0.16295711458911483,-0.014475857186805252,0.19951363047133258,0.04806812526889884,-0.19627868624519954,0.21169771318658973,0.018351571556486257,-0.2039115328790239,0.07606112313372794,-0.049819116565064304,-0.09015075017216242,-0.10959486225884664,-0.17413187763487276,0.1212445634033904,0.12233984747844652,0.11688476578539624,0.09454347032845496,-0.1267703675861187,0.10552069814442265,-0.1115726532632898,-0.23905603767422237,0.00891774014241373,-0.04081114428064762,-0.05135763555387821
2015-08-24,0.09433236984881188,0.15865121108237584,0.44511247528545367,0.03446504660635547,-0.3460380788756839,0.3506063489992706,0.07145596310754879,-0.24097914495982464,-0.08706386372130603,0.1505157517831443,0.27151546706646135,-0.05721586097534326,-0.5063350987394053,-0.23491656947484577,0.2751161881861602,-0.08256540100852276,0.06680142443698651,-0.39440546948686367,-0.13860063271730713,-0.3590792615900283,-0.162943909593009,-0.06224748159858651,0.03716894064053501,-0.16627210745830465
2015-08-25,0.26917914500011525,0.285543378716459,0.15526477715428535,0.16615036841189815,0.22551271876696874,0.29122962107718786,0.20390362626531514,0.24179403720713913,0.3507871028716739,0.24048921259788517,0.2586233445778085,0.15283529722009392,0.11583638135291546,0.05724333513918232,0.21597870885329415,0.27743887803786293,0.12483674106806096,0.2170884020231327,0.13858135079583078,0.22175971152964966,0.13148554874015536,0.09817293383547987,0.2820054524586873,0.34194446920819643
2015-08-26,-0.22967205025690768,-0.036543318860730575,-0.6163646638854492,-0.3958834606235143,-0.1457487228362697,-0.5008542484746952,-0.1945672851991888,-0.0808386192007889,-0.21594640787163935,0.048821991201886204,-0.4135030172248654,-0.4033888774098448,0.08735808892776384,-0.31538055592886705,-0.2240543651782779,0.12500861106223168,-0.17336178646352646,0.16463913184387835,-0.05351887716153518,-0.32628021157998505,0.5442094235125035,-0.46797012421711814,-0.1750908564408408,0.08502710185540818
2015-08-27,0.10243392701917918,0.0943720061403022,0.1451367696831826,0.11339522955236209,0.07605960285314443,0.11367018685999987,-0.006905373997423045,-0.03370446404902378,-0.10113990148390635,0.1475398718920885,0.08951894801087498,0.060414778647037426,-0.0699575234114434,-0.023447200182482874,0.2401511648695802,-0.002986924115482069,-0.02809558157169542,0.061785866207993485,0.20955137571128246,0.03577465830697812,-0.09435967621619287,0.07305233436288198,-0.08012662832060269,0.03644355668990857
2015-08-28,0.16942359667613954,0.12098214218434715,0.24090882369372285,0.10160097798195765,0.18154225083566625,0.32827329226289054,0.27071134311245443,-0.013633561297981895,-0.02548812418322268,0.31862310768538793,-0.0275752290826307,-0.0662335489376053,-0.04927020667559604,-0.13938894223320686,0.35282443507570155,0.22825083244550035,0.20945965297345048,0.3380389414043789,0.25153970337996073,0.004206166048900856,-0.03741835705687188,0.15667033962577737,0.14780549496781223,-0.029506773368418244
2015-08-31,-0.12017134646857001,-0.054871809714460706,0.024741771384455203,-0.08429217533200464,-0.12587194176166075,-0.015913671962615023,-0.03674983162662015,-0.17301844847831882,-0.18353963284203842,-0.02237760256069839,-0.023179526696275172,-0.05905116095186707,0.007124764321836867,-0.06280151292426375,0.1309228579148387,-0.032944008210258766,-0.10807254217948455,-0.16404805274369957,-0.0952694917322384,-0.11903568924348817,-0.283411747047153,0.18190443114603522,-0.05196860316348161,-0.2625171011867938
2015-09-01,0.05249447992640258,0.3156961807545917,0.032768164661063894,0.4108094602231988,0.5070482965256428,0.38703710357106075,0.2643573718978453,0.34342006183556184,-0.03116793591213595,0.38162816939287886,0.2559116704739338,0.35550511338233803,0.42206651936532186,0.04930714150157684,0.23050598922954177,0.4496431090354535,0.22655834089046853,0.374115114797111,-0.02242616086279398,0.012321493022069549,0.07959162710943228,0.021915709657620762,0.15655138927256554,0.13069131104412907
2015-09-02,-0.07250435266751282,0.054930899928753094,0.10574151052897296,0.34102737108318903,0.34468644279722,0.2545885844511864,0.3062431878984047,0.3622239182028791,-0.0796833051019397,0.31102168548497444,0.2863825204422027,0.3061293579756439,0.3444682196292329,0.20820613478406522,-0.04581919797677634,0.2896759209017689,0.022323640292725738,0.3093207243593675,0.02941589325230373,-0.1464678515988091,-0.08828896522112495,0.06885235846163283,0.07261877238261953,0.14995883249425543
2015-09-07,-0.017600504254942945,-0.03437701486499156,-0.2617496753975505,-0.12433903677913995,0.10051701590628688,-0.10773928374388991,-0.018900226620128486,-0.2400612876264327,0.058082072392144586,-0.24772194925103613,-0.219454154524916,0.09431387507585581,0.011576454432641122,-0.020996233109406594,-0.27643630478081405,-0.04845228471561843,0.07581120715944095,0.13129383482121446,-0.17067314738883888,-0.23932625612727032,0.07519284732681228,-0.07143631134359313,-0.15408039465358087,-0.0417576644899141
2015-09-08,0.20664671260214412,0.3365861426556349,0.13337088989650717,0.15213661456694855,0.12532134263003006,0.23967422820695858,0.06325997817382528,0.17105016826256308,0.25434354780532265,0.34941416327635905,0.22310367894507366,-0.07965701383087374,-0.10412129057594516,0.02114525828413654,0.21811002589009185,0.17861342082074846,0.14392668136968506,0.2857409487541732,0.15424389163621277,0.16943888896501896,-0.03288938964306961,0.15164004602679146,0.04973276621782247,0.2775441432309599
2015-09-09,0.14305218482263968,-0.04262861272312453,0.16690886551686324,0.11934419100357088,-0.07091079701240668,-0.07300696802586545,0.07695330604820824,-0.014733984626664302,0.1767424617878978,-0.07240537122581492,-0.016956011517173488,-0.09989446371844603,-0.044521017078501667,0.1955129668794172,-0.006827039208163465,-0.04539687124328111,-0.056263284791062726,-0.08440648537938444,0.025280478813508242,0.10938930505510677,0.22396181745486135,0.024578711009274737,0.21096555717141702,0.059104031730200735
2015-09-10,-0.18707090317360162,-0.12295977566360308,-0.33386525929434546,-0.328177511403331,-0.14544825578653706,0.19058301457645827,-0.2653031044604043,-0.30950011404675576,-0.23985991222793315,-0.11099071234525555,-0.11572700210188594,0.24079211952330143,0.07722299063537143,-0.48679275771787694,-0.20282217299978425,-0.13570091429823347,-0.27683319031331716,0.12696307514074018,-0.1217379307448616,-0.14256821359803057,-0.407795189740509,-0.22446594964105782,-0.41884867148809274,0.08117932973248526
2015-09-11,0.20704612278905588,0.14347873199482888,-0.03348972684100269,-0.20215407981129738,-0.08659954448464685,0.2621338168596128,-0.1265111715308313,-0.14040997548582596,0.08974676268939369,0.17000053523127204,-0.12476868019115034,0.1363320090613064,0.10910434224233433,-0.1888205500806586,0.22983005750892527,-0.09048062747189074,-0.08894406162364177,0.3678794735016079,0.032471766550496065,0.1293719607942379,-0.30034203757440503,-0.10646756257867246,-0.05791931541733006,0.3232540194482952
2015-09-14,-0.1328549017194355,0.24815421777554358,-0.14408542466080418,0.13528663092916438,0.4491800825714599,0.24789987354250004,0.21497746268001755,0.5710086367659608,0.014869803899721442,0.4230590465095601,0.21534847857959472,-0.21918697640855386,0.047929303970381074,0.15818782067390014,0.30873568894400655,0.26303977235024706,0.1441816787856945,0.15402818408280702,0.24943002244908968,-0.015315197986713885,0.6166255083056437,0.3347543456185231,0.04668470896763271,0.08219489739383294
2015-09-15,0.019671456619841383,0.07206874395292957,-0.08725586221393722,-0.005635537188850825,-0.03651455993703005,0.060816453705321426,0.09098525743948856,0.08378795400571945,-0.028046793355189756,0.121772148501971,0.06101145086533986,-0.031467592157776156,0.01748593799150021,0.09040354572817975,0.1264389612674275,0.06852778634990367,0.02279916336080986,-0.021839980082859853,0.07992766619110374,0.04125144048934332,0.11389444213370331,-0.03787476948443694,0.10556293503523982,0.0953867070972747
2015-09-16,0.24142958736310224,0.21386889937001705,0.21653271556892895,0.1807017936482391,0.3072178566239619,0.11581130260261607,-0.2208069270320364,0.2567114959866564,0.2421105988023585,0.13363418297982219,0.17447787386582508,0.3073794626660271,0.070981428734382,0.054594516435747614,0.1458932833848214,-0.034079195911219544,0.06350431671063968,0.23661211721246206,-0.17164678646839185,-0.07886971185038978,0.23432577933320792,0.23680443436584217,0.17684024410804347,0.14977272289277338
2015-09-17,0.29536877083079205,-0.08095317576826329,0.35054092836914846,-0.034703402101201486,0.28121374618040396,-0.2529084152211779,-0.009625416762263906,0.383897243957788,0.22886905481596254,0.37660268792128804,0.37850771832215274,0.2485970306297472,0.018771332064495914,-0.0528749149961372,-0.1806116268193207,0.2564914058358074,0.11554392746495543,0.025116911656726144,-0.15496449153089875,0.029295592892059463,0.4424648380341563,0.06398425017591679,0.19610076254300787,-0.03891806069085454
2015-09-18,0.008152704405929778,0.1726966088689787,0.03870868428456755,0.2872225541444937,0.288427500617858,0.07925457281021671,-0.058293930266460785,0.0812126845535204,0.18604597669968218,0.03997909774693988,-0.06360737264460022,0.19112704075647774,0.15994175207359146,0.07485530910741485,-0.0026953526105114,0.14499758479894423,0.06476926425131957,0.16067604397733035,0.22890857092644487,0.07009214331255927,0.12144539315877974,0.02814549713921543,0.19806182324978036,0.12369545228549769
2015-09-21,0.2998589103538094,0.01141620239731809,0.08439090273255673,-0.04723126643031136,-0.1977775365988954,-0.29735607650194146,0.2327219448665075,-0.11606130767190025,0.11028085280852809,-0.050982200998480574,-0.00963509635096351,-0.052662011914236785,0.0774190241902419,0.09323010877167595,0.08346055519378723,-0.2791464679352676,0.01467874972867376,-0.03459409594095941,-0.15648107951667753,0.1326164291054675,-0.06534078576079878,-0.005391553915539156,0.061147287943467674,0.03939717338349854
2015-09-22,0.05963782759262371,-0.09841337409660086,0.06975498328479421,0.056103350005836064,0.00027253221924735917,0.05824803386393973,-0.025857700195868635,0.2251899962587217,-0.005543196808961497,0.13674665869168875,0.09949144402583598,0.00642289704763826,0.025693698506410043,0.15813591579719857,-0.010569667706650899,0.025029250485147675,0.1437513999684724,-0.10778709565971828,-0.08601074633129516,-0.02479741721457111,0.0846007538651227,0.058614324401976836,0.09583517106672983,-0.14839469780126863
2015-09-23,-0.09788617444998023,0.021526609877976464,-0.13150737701875473,-0.07208811365768632,0.0014305752817880145,0.18948264786425428,0.07351809261797297,-0.23595726223432087,0.045992786596959184,0.03887986372861094,-0.30004125053986064,0.023819764211497015,0.0293124815606214,0.19982554614477627,0.17673389048645272,-0.011923150259154004,0.014327816713430856,0.11055413026434609,0.3019965887428548,-0.07666845910971372,-0.18099880884762348,0.06074428973711383,-0.015350806249032078,0.2553022298995331
2015-09-24,0.19165096487004607,0.04366617124375065,0.13693514981838095,-0.05222201788973485,-0.10506688212092859,-0.02009146736698277,0.07208918821990959,0.18237700593686193,-0.15497297281071803,0.01912313123495665,0.1391256636214014,0.0734783827704626,-0.1765139296306216,-0.03576271544138554,-0.1342713210317736,-0.14797695528898763,-0.048320334757517534,-0.0709803649653666,-0.1989454421584969,0.133812476824755,0.11901007829347154,0.011275146742769877,0.23833429302827908,-0.3197728088093325
2015-09-25,-0.09560533927214906,0.03378743412019496,-0.1102764238766815,-0.013313972416591565,-0.17697132193697243,0.006462944526491113,0.09187667206130065,-0.1892254375079622,-0.037171072808685514,-0.2194074710176041,-0.1434257026786009,0.059952981754183975,-0.013673155955251275,0.002585649644473174,-0.009977517115773878,-0.15978595256182204,0.009609486691925507,-0.07647365515549286,-0.1572946696926946,-0.07090483582540259,-0.20596256470022034,-0.02536873817466346,-0.23329413180207514,-0.007062173549936539
2015-09-28,0.08407759786926122,0.10008166811142775,-0.060685417987221026,0.10264968237186396,0.14138868654255907,0.02526531626353071,0.0977598658282502,0.0968432804816308,0.07984473555880688,0.09639957382593121,0.07145194102594872,0.051708307588901825,0.14083704335654465,0.03519022608615496,0.03973989669910094,0.20720371520290407,0.01779085739940518,0.15889511659856706,0.1710665648535007,-0.026364518550628706,0.13720424981057028,0.11335231865345938,0.07201437786499462,0.018201307934953715
2015-09-29,-0.1858080605525861,-7.875336342489628e-06,-0.2747223579340368,-0.02267484340477041,0.28066969526823543,-0.060275782611549034,0.08602404894375697,0.16425764017004896,0.03867110991198583,0.15467189744562007,0.10472243085381773,0.014179980603338268,-0.019557376929639703,0.07781094817591168,-0.10399439976082313,-0.0872706855188607,0.09050424028526219,0.10303535880178216,-0.012936260819472497,-0.1444607946797728,0.0841030502344371,-0.006268476049497948,0.23391644851498866,-0.1427194703107112
2015-09-30,-0.08668352178051698,0.024147863436645812,-0.0674377440933173,0.11885761514778385,0.3132767033791781,0.07321612873076433,0.005990974330248852,0.2490272083533645,0.08489872248021987,0.17550069270786425,-0.014147203007099362,0.07477313206289787,0.09678138310747354,0.12558296312932435,-0.10849051329824656,0.08471386187778349,-0.05143388468078026,0.1893166374418881,0.20317611386616305,-0.15159314805438573,0.17511546706536776,0.0830304377465644,0.18746624244395224,0.09238050812043958
2015-10-08,-0.12415736922434867,-0.20252067910911645,-0.0466134652368063,-0.1474098405891409,0.19638245100400806,0.06490011738068995,-0.033248125892330165,0.18373500633511447,0.06257877217705465,0.048635763868574725,0.10377556204637632,0.012555993117863967,-0.011450039027412377,-0.0995145294454027,-0.07229275592742133,0.031875133272872065,-0.04351996410397755,-0.031136204740552707,0.10594418315979214,0.03491986024515169,0.06407370019788558,0.14245194716932152,0.1370029589204731,-0.03624590773508124
2015-10-09,-0.06344257786203013,-0.01854694617549616,-0.024501564239781958,-0.037392950080624224,0.01748697585760842,-0.10511894104723249,-0.028761422448407025,0.0035869037761433156,0.09600647610903695,-0.014893850160092344,0.10764945246436701,-0.06445573655125166,-0.06569192134392748,-0.008194718485745876,-0.11035319672389048,-0.22682768476317766,-0.14548696393570026,0.021664541012017733,-0.11307661975724818,0.0019154006531957324,-0.014886992405574366,-0.07540727235322538,0.10455869231943751,-0.12489491609764657
2015-10-12,0.16162063704533103,-0.023864818504861652,0.06848940529082646,0.1056599633084062,0.021241000378390103,-0.04338125478739818,0.04510522256095028,0.061110811293577455,0.04941305486677539,0.06253930136675076,-0.020548670186382498,0.13023649248007327,0.06527910418085839,0.009357489554679885,0.14128336311481995,0.18943877424779337,0.08073070949541918,-0.03143095586592323,0.0012564510891989878,0.12988108438839666,-0.003984029296126454,0.029737400529746147,0.03573968265520054,0.05084929712986781
2015-10-13,0.08663872623726637,0.007062173549936539,0.12557268836787944,-0.09684390319856184,0.04464492141606783,0.14473091314010164,0.06930944752971374,-0.000946026922841006,-0.0043196391414510775,-0.14644308032028083,0.21269976266756,-0.1571312972128773,0.11308265585852532,-0.023642415978182403,0.11889093088105539,-0.08981239885061268,0.022288842544316997,0.05047768026379111,-0.005313439244310862,0.07454444439201846,-0.07551760176277136,-0.0074585140063886295,0.050127041271309195,-0.1639044725133175
2015-10-14,-0.11646936553042979,-0.021411824272291834,-0.14761901636753155,-0.021258226388479698,-0.12115438025557969,-0.05773409329842715,-0.07270290524811925,-0.13155379479630044,-0.1305422829141776,-0.06455830764176065,0.04717828818509764,0.01254838856969244,-0.052094537542604714,-0.026705645155097123,0.03731674550659899,-0.047634613534459525,-0.06188067762359558,-0.008937441955708881,-0.05192753475256897,-0.003759796926841504,-0.1662088286108749,-0.0661953818143184,-0.13428001759952612,-0.03600976714979753
2015-10-26,-0.004870621384693,-0.08296627702455552,-0.14931942431825762,-0.06039113181678034,0.05285497938738373,0.12013126653664409,-0.008606655894924679,-0.22324457687366706,-0.19286904103930796,-0.10008925096921265,-0.05624801239165112,-0.09581034247052882,-0.07496347316358774,-0.18701768942274666,-0.09382714446279289,0.18977892212220082,-0.09051908549415945,-0.10445285119776418,-0.16281589838997865,-0.10593382724738448,-0.007874354737335063,-0.15901606277657995,0.05772955305280389,-0.16237380756006914
2015-10-27,0.01737919609038868,0.004609061280388511,-0.13376836910179454,0.0014929688239322786,0.02363763783019708,-0.1359550263524291,0.035989639730166285,0.018676509204225443,0.06913620153729967,-0.005497840754242295,-0.04719368186498636,-0.06953513590723466,-0.06384841539822485,0.09710593347385395,-0.12479022829221693,-0.054578908509543944,0.014592866793227622,0.05468506514301569,-0.09686312840793454,-0.0795883949621856,-0.05270394520399663,0.05360740591439437,-0.10244312762052865,-0.07327348692797736
2015-10-28,0.08393765767086012,0.15220391119335616,0.14588193712471398,-0.004210885291054153,-0.10717374955448074,0.19116617470633201,-0.03881264101336077,-0.18021550157412564,-0.0009372579221171755,0.05640655312847722,0.060171958599922665,0.018697730933031557,0.058567327868201575,0.11829324203530944,0.13165142587830359,-0.07377066766871312,0.01673457081544034,-0.04234429661748303,-0.0007074603472366392,0.08563488496838073,0.06194484406705998,0.09257059359204783,-0.043935376632257835,0.0072479397266374595
2015-10-29,0.04558484182760163,0.13140880688508969,-0.05019374559958612,0.09261677668075713,0.03595374045034921,-0.07395644718619783,-0.09631778908126654,0.05306591189728122,0.021368194555252375,-0.10275772004087148,-0.021735190445463078,0.19108064480616344,0.05994962557951018,-0.05336402548194468,0.14907937669420382,0.08691253132875916,0.09702072736328549,-0.07525843568285302,-0.008510352389455137,-0.17701002237548533,0.01874163319946751,-1.1292181237252221e-06,0.0069661466052608955,0.07412526529569476
2015-10-30,0.08442006137614669,-0.005475553885672469,0.08120750067265006,0.0701373170788759,0.21603697152585982,0.11135412832000476,0.12068762834118006,0.21003372664055897,0.11658628127862353,0.12440246246735959,0.107797877771724,0.06848959502558609,0.125913979461583,0.16660503364915547,0.0630842157545239,0.10890437120288192,0.09981537722080144,0.16504212894502057,0.18391025937885255,0.09407155738715037,0.060154287455540266,0.13384785508269692,0.16938604810059996,0.19317275595138672
2015-11-02,0.13105239310855463,0.09511708605465859,-0.027156339444573373,0.38918818861961124,0.43275149465680907,0.34696979743394224,0.45523765319541604,0.132385704339754,0.21552177612748513,0.35604272342494664,0.4098028489650676,0.1806993115185271,0.0537943838477605,0.35486246947142747,0.010884748422460188,0.08248958436937086,0.07271878349854678,0.39399761296953223,0.31533777586225953,0.1132767518703931,0.28043463846434374,0.37065278652653916,0.3288626241863652,0.013227574622329787
2015-11-03,0.004727469005803048,-0.20098377427394135,-0.021662343645723822,-0.24340903983766368,-0.07855457903336724,-0.11853452413081306,-0.05642812700083223,-0.18824845946504448,-0.201422475267314,-0.13653594468641064,-0.05110160811862203,-0.1334836698213239,-0.017823568801527603,-0.0716415095831042,-0.08894394451476959,0.11060798198672264,-0.1113024507407102,-0.10549770825311185,0.10781486253470932,-0.053389967354322464,0.034059457817516195,-0.14207814410847713,-0.05113548464320679,0.010925743787327694
2015-11-04,0.15655369355306362,0.06698268781336593,-0.1751507894577182,-0.04820661081083732,-0.01700743886659655,-0.055131824236623356,0.06485100599941172,0.2405505955427248,0.23057621044795198,0.06731778333888092,0.1012948322595896,0.25876149879455335,0.01581385514134184,0.1374388510655999,-0.04170118428180004,0.00556619922205468,-0.008210263831973236,0.24108640961806385,0.026459842809998538,-0.07562798298891,-0.12308959203746084,-0.11093496874255977,-0.04344836727035288,-0.06134167788005475
2015-11-05,-0.046322731234728305,-0.18059277211194627,0.07383414009701016,0.0021953384873558317,0.03458558762111796,-0.05149368752933211,-0.012851150130092014,-0.08411964022286124,-0.09714086555188464,0.0005141353714822651,-0.01010481268133775,-0.05488681341934271,-0.13595878427284708,0.030041870894330094,-0.08710503246682941,0.03094279469031151,-0.08426877020024937,-0.11968071662865468,0.03866962655243607,0.1355091601837181,-0.001835080676811496,0.16073279231423315,0.0584586718665226,-0.060809004993298665
2015-11-06,0.07653865467402701,0.05631358323700634,-0.006475725010755105,-0.04758203269133868,-0.0020066210483857816,-0.06621987599632351,0.15134945473747924,0.02369487093401599,0.09942623568605714,-0.08062041419059751,0.009358429680844221,-0.0894016951216031,0.044073001445910094,0.10352567711741448,-0.03675793804261802,0.03979646458676601,-0.08941937703638994,-0.10547897614152124,0.048541552848442325,0.16518914469710871,-0.08611534549052108,0.024544984243376183,-0.06748938222203364,0.015406749657611608
2015-11-09,-0.024993490199675058,0.030784829851093713,-0.034365945420299346,-0.006917448821306186,0.00125153938655312,0.04969688848855966,0.005903508523590965,-0.038657371753926195,0.020707865704264018,-0.05312687998614398,0.004793976034320031,-0.1137900715366138,-0.08890184325885411,-0.072848985749741,-0.029082681029779414,0.060299333410935484,0.01762791844570018,-0.013299747136706544,-0.0028650029665686213,-0.04936977532439213,-0.04784416815164459,0.017623774275546036,-0.09049154692998583,-0.008141912962852197
2015-11-10,0.21308623870652652,0.018076792801775793,-0.06502396148923044,0.014839380940990085,0.041654257232519275,0.012381622286479963,0.07679003900477419,-0.08682220315299491,-0.04344674128720247,0.09422697467482274,-0.0475151938441175,0.1534507804544325,0.07819905082334451,-0.040714363466484715,0.0494535520635468,0.05415965153757169,0.021392114727823625,-0.06583068982456873,0.01742256927503569,-0.006559364430685631,-0.006684241556566766,0.03155412898481456,0.15816074780403777,0.07488704421922274
2015-11-11,0.033486652789813116,0.08025218444926316,0.12775023834679786,0.014586485730456653,0.11669079252687996,0.07208073488591324,0.03376107529990153,-0.03286182225389466,0.08850344613706111,0.07542956416241053,0.0394862285830808,0.11025935660817433,-0.026693329019158205,0.06181831699370236,0.1801534579475663,0.0020773018691951912,0.19375103865660873,0.20571739073994627,0.08990671821554114,0.06057521582250503,0.12402257480836573,-0.05274105448370601,0.028507688204384218,0.06403611006826154
2015-11-12,-0.21219984224600336,-0.0761521789281453,-0.028187442931547478,0.0260766862225025,-0.039403462580382416,-0.12403375553083966,0.01792430284940052,-0.03837985608731806,-0.10952561848082933,-0.07236994602934611,-0.07088274663604913,-0.14287032521967294,-0.08747981450766795,-0.013312686228015867,-0.20300175021534445,0.03786432310052776,-0.18331176070003993,-0.10467087805002588,-0.08195233944512045,-0.15768651118729912,-0.05945150716046732,0.022150512977445153,-0.09978740480538205,-0.05578448179408591
2015-11-13,0.11469266406024142,0.06617797002425413,0.09700697413463265,0.09150899930906783,0.04415490988227552,0.05508088431438634,0.0882048569360228,0.03635759309426408,0.024202132196736618,0.1353544875197445,-0.012681368402965807,0.03910849389194154,0.05292094610857878,-0.005159579039840983,0.08380789844720728,-0.00814719288310555,0.052258914934892896,-0.022139503279877105,0.04764711065643363,0.053626165112752845,0.019271065981503972,0.02734391019440202,0.06313678140392827,0.09819217940676396
2015-11-16,0.2780393487754556,0.2802911338837134,0.22639080248428262,0.19838910965673476,0.19548615383385162,0.27949988574791873,-0.05024533830189113,-0.09597845295584301,0.2579701483660218,0.0142981729090939,0.14485168153763084,0.1689904284937408,0.2778159820768341,0.27616696255117584,0.35863497527720384,0.19055883589731193,0.35138529268235763,0.037463949669513726,0.33452272945482864,0.17876420886695601,0.20680781675296186,0.15352052688594614,0.3432178055171467,0.24559438933162522
2015-11-17,-0.06571020056305958,0.30365413109783007,0.023367003979590024,0.21671119639516842,0.2762149712996846,0.1040625774231669,0.23794660606421764,0.30096361868578053,0.1701064165082855,0.11503010773290577,0.30865523074043444,0.13845329783088586,0.22709679905015315,0.1617988975748987,-0.03705367486646288,0.2508977739060702,0.10353603322796867,0.40922757999980003,0.20255336477265326,0.04164568605659873,0.2916905011749189,0.33163695847963554,0.004170615302210421,0.20596814300604513
2015-11-18,-0.0674638398012543,-0.1886304436434569,-0.1645860192719439,-0.12214827647722677,-0.1400072803045892,-0.026779676306059746,-0.037293392902754866,-0.09668873448057264,-0.10335522545202588,-0.1539494932613823,-0.11966426210176634,-0.07658143543595539,-0.222287714684675,-0.13777022255004107,-0.08871709248332275,-0.11890439557588228,-0.04917674215649242,-0.13235055482176378,0.0034828107631805667,-0.18212689588125133,-0.11132124871792241,-0.008093916293844613,-0.15480675113072473,-0.08554919823456666
2015-11-19,0.005553633620869717,-0.03879409870684611,0.17462307558402915,0.0732374898784529,0.027989703424389063,0.025412081113676585,-0.0026902628538731516,0.10059549657504538,0.07232245268698137,-0.018301011384164838,0.15962128162911438,0.05828492599465828,0.09670899650390054,0.16325521003103435,0.09407411748003751,0.08204860239001438,0.15634320102387778,0.03477489148746446,0.05762085514400555,0.13971949026934308,0.09200805982139919,0.07359066212779279,0.14766800631736532,0.12860633682344796
2015-11-20,0.2646256043571812,0.28491609574303495,0.026929843466499844,0.15421597519515537,0.2218892067008602,0.14507392316035395,0.20720771700828336,0.2574966284881981,0.31084127400450445,0.18514441293307396,0.17011055464528407,0.14202006200184114,0.1283881865833878,0.09315748080368844,0.09912955325148623,0.17874291634304618,0.10507888361075471,0.2953822724382078,0.21821221231664426,0.14406363932168703,0.25033474347934315,0.32366379862529704,0.2669458324951366,0.18622827411698278
2015-11-23,0.16389543126751135,0.10535134518945555,-0.31023049593004914,0.024549567243769055,0.14444347986843953,-0.002886222172884398,0.004816724106903205,0.017402315363255382,0.01630892905120139,0.02672945656421761,0.10027014337656158,-0.07693865613806138,0.08070805911893902,-0.12414726480129502,0.04704446834520131,0.1254876558177428,0.02491358811037299,0.1412324187113202,0.06345717643619088,-0.10460397725751165,-0.058527936788701,0.024498736693668727,-0.03828122855941462,0.02030071568876798
2015-11-24,0.256885211163829,0.06592855904474464,0.22926249526451553,0.15338336932827934,0.164029841801357,0.17022690642292473,0.16683861411796258,0.19272571313617293,0.19354148250113104,0.11302111314937223,0.18319707746427438,0.3055293056250955,0.28520517041016796,0.23588122355258836,0.21439644304242034,0.22296269025720034,0.07040739773592176,0.07230434912901888,0.2890849577375729,0.2014487464604529,0.3131082819455838,0.2998911594041173,0.3470722735808345,0.16459063307356173
2015-11-25,0.0032687192532593547,0.14389307223667422,0.11816588196722945,0.09812225622260072,0.010377411479931256,0.03316223509987883,0.013919184544881062,0.13357059951164765,0.09228344188292965,0.07188449085782286,0.141413448433215,0.009807524395472209,0.004504977902184185,0.21680226653796805,0.11872756923752363,0.1032823992765587,0.1918510520156596,0.0035076071725961442,0.20342973627074556,0.1275030103567765,0.2548723637426654,0.17497255453867394,0.23848421515273951,0.05265237338837827
2015-11-26,0.172331180513481,0.22194718823643506,0.16555060128020171,0.258576037427925,0.04338756176057512,0.21105840946769452,0.07808421783721635,0.14199692394355712,0.11803160665345912,0.20015897070015937,0.24114311273250355,0.15285918938196233,0.06429892606266856,0.03776700906279136,0.14391900372621605,0.09189902960842615,0.19945787077943694,0.2874670941610401,0.23664158657485143,0.13980178419177472,0.1091969276524492,0.15121918956740696,0.19714629104082113,0.21657564217716133
2015-11-27,-0.14283449574826446,-0.1472908220287546,-0.12339218705200428,-0.20877713694703617,-0.07970739779135541,-0.20701390333347863,-0.10706471485552735,-0.2374702039212152,-0.23239697820407967,-0.12497994461845223,-0.16662161323713204,-0.2061545626915588,-0.12428214033765664,-0.04824361323220772,-0.10268027362237336,-0.20265242158312405,-0.10188516486685657,-0.20084818889313905,-0.1353745771286976,-0.1391623451362438,-0.08643179297981338,-0.04498637327363307,-0.09028843943575769,-0.1768831354125762
2015-11-30,0.07639984475020636,0.028754557729417103,0.1725453859652,-0.0025960608098135364,0.0205126523115273,0.22208264318240212,0.18328386112796627,-0.06675249137652994,0.04783716264602501,0.045309433611580324,-0.013654328681306066,0.1392207990991139,0.10176787969234302,0.23056616975799618,0.35041409055873524,0.22071272774980732,0.17101584750534357,0.007742810130595689,0.2565459107532348,0.026136630751485534,0.11867644084381543,0.09652218596082676,0.0783486669837261,0.15796119848467455
2015-12-01,0.07321669056373593,0.16595473108542158,-0.06390654155902196,0.10932583359561257,0.24785797347701344,0.13460396442995218,0.041395927423713445,0.12848914250318927,0.07992536305441053,0.10987587551136685,0.15321614972675837,0.038764163449219534,0.18578977259807877,-0.10112928961011004,-0.09223991996671053,0.15829254443793797,-0.12150247439334293,0.12839341249425268,0.10189242544406216,0.05193163688181897,0.18221585226444625,0.13936774928144055,0.07200681468807978,0.03643202899422205
2015-12-02,-0.07134493333551994,-0.14620867977543445,-0.03831608639323023,-0.1707840661232924,0.13569487949008094,-0.11980528177290892,-0.015543018952501216,-0.03855825420513746,-0.09702456117333859,-0.033670072322351044,0.11703811819757175,0.035314954819030124,-0.10020280870929477,-0.10029956650321706,0.05758510039304437,0.0016180964407344846,-0.023937440893014306,-0.05348628717931898,0.1031837140779857,-0.16218027562304912,-0.03843088377584991,-0.0037970600936965302,0.08107811141905964,0.02947504796890631
2015-12-03,0.024664624659939145,-0.038578759616713115,-0.07092589797096094,-0.13700710538766558,0.044552347259046485,-0.11525191913099343,-0.0009080378030489376,-0.12907858506399386,-0.2133451492046136,-0.1621856105622742,0.10355731065247274,0.12613798582100755,0.125232134743553,-0.07111012960228394,-0.018229091235801822,-0.03814360122343981,-0.036516130699853606,-0.11554330031643899,-0.11550448593713948,-0.02296499219173978,-0.10758088574605501,-0.0710330475250835,0.02469414545546271,-0.04382088754774037
2015-12-04,-0.05471322479070791,-0.05993853240293572,0.09064611075780565,-0.06689437199856801,0.058172683440278095,0.020976412806260742,-0.17855274764763382,-0.02902440323000946,-0.05853441492474978,-0.058040512320951906,-0.05728494300723293,-0.03595241732683623,0.07694847386504505,-0.030203776294766255,0.14314747594634833,-0.0605137710801651,-0.004577027000633953,0.0849493749831229,-0.002980271453794447,-0.09205129844748414,-0.08172268733317577,0.04180540397942689,0.016377178917157006,-0.01751320841646675
2015-12-07,0.05901593594666581,0.0890575852707937,0.06848590667050154,-0.01697828727049037,0.14539659611407993,0.16877419196587898,-0.03348847095941189,0.13130913916535214,0.11630332302366776,-0.07083156263036763,0.06777252871083739,0.1029243764063729,0.04170286402338385,-0.07830553535561312,0.2662546670432152,0.014314883356641944,-0.01257686965430629,0.17323970002044078,0.11230808194099981,0.024690503355274947,0.0045615085002330465,0.013456017397622491,-0.0334165382311061,0.09476244555778186
2015-12-08,0.12062385746102754,0.10514099802248256,0.06068436497055066,0.20937525292895573,0.11428254185390521,0.019214713372477817,0.11915391155387044,0.1902557890546483,0.12011710872637964,0.20981618319014886,0.04896091760726307,0.05590637188536477,0.20216625720226475,0.09970615797659942,0.22171996246851178,0.19315313966050998,0.05946699076640709,0.1816306259295986,0.16572797305670173,0.24130122587608335,0.1370008849413852,0.08855474271187426,0.15068363588641856,0.15160161630277386
2015-12-09,0.028985721161949207,0.030114580604067253,0.10578916296358348,0.046236224094383604,0.014604653198850216,0.02916284002841228,0.11360425961468254,0.09505761831069275,0.08576489111623047,0.15826008049010087,-0.03955873349609212,-0.0493877372584565,0.08766946559387659,0.12144887607685878,0.16034669380272296,0.16692305171491673,0.0059908816591630306,0.03937122802943522,0.07143028952241962,0.07705053355361362,0.047102685215815614,0.05094463396119364,0.11940490249134819,0.15135900465605817
2015-12-10,0.03671470984335931,-0.020624867644836464,0.03740526445556789,0.038435076428598045,0.10488296490610678,0.005204978467999125,0.059328299856481866,0.16222709079740505,0.32809879024552896,0.30722590085504453,-0.08085027312500502,0.09111280828985763,-0.023020270761110555,0.23608432792888212,0.14175606619868245,0.15472597142201572,-0.015592996047855918,0.07066853900350267,0.07174356745443412,0.09263572066982324,-0.011894074113030798,-0.057904382132276486,0.1134890786822793,0.013964935290285512
2015-12-11,0.08127579454264819,0.28208372231428924,0.047154440878574226,0.22562569610561165,0.29722961766192235,-0.05221512190164974,0.1721815516697864,0.1355969141371306,-0.020611011748536225,0.1633311225596583,0.3866821316050014,0.07419188887038865,0.309123265826196,-0.01905718360004327,0.05202600121331327,0.13432545732108458,0.14442219700615028,0.2064810245417119,0.24526857757147255,0.16518251456126792,0.18580714719040456,0.08238327691146616,0.2622464813598609,0.13729218989185857
2015-12-14,0.2089174045095126,0.1590799324484214,0.1108009233997706,0.11100150241157582,0.058781192729422886,0.12361848654290268,0.15764971688598434,0.10442959008360554,0.11960588032719871,0.16433807789855764,-0.0210477149996453,0.12204104290786182,0.22652270145616868,0.18223988294962143,0.18721844895875042,0.066042050358811,0.16368606786274076,0.06747739581924819,0.14840615367954488,0.06400599384255826,0.1799380977169618,0.23432938023277095,-0.01031853333236733,0.21059436816575602
2015-12-15,-0.05580986668433863,-0.04349433081013,-0.14810679253071235,0.11168064362713119,-0.0025463079959639175,0.018509979562679885,0.0285580986668669,-0.04903949706274116,0.028861353996190775,0.2240434821489465,-0.008458231762244556,0.03695282824476586,-0.08525829189498974,-0.051741579804793665,-0.048388923663935234,0.08027064890167401,-0.036418113933317,0.03698496812582241,0.08495659172120085,-0.03585566601482741,0.03286354676549848,-0.0104835626539854,-0.03547413452357549,-0.14253985410061126
2015-12-16,0.11783996186055723,-0.04763457471649734,-0.11281518269518369,-0.12459720898947953,-0.08263747771911281,-0.05703769751446603,-0.03782140339693466,-0.06352589890039559,0.01014908970387734,-0.1211861858894942,-0.08085628085413565,0.024476941901520905,0.009283374114671335,0.08969902128567821,-0.07065483350085125,-0.14047401818146293,-0.060994069596394314,-0.0009108157426556587,-0.06706703853504602,-0.09211939618747629,0.07463919878147242,-0.14233452910940328,-0.05935128354717645,0.07246609713479484
2015-12-17,0.07045267675118226,0.024716391075287888,0.17478414184153285,0.027712984022450253,-0.1217303019198406,-0.08464039182024714,0.1671588081627878,-0.04789047976658172,-0.06524688232531645,0.17784595783448576,-0.013100402365946787,0.17538477013068,0.16556464167009285,0.07594529541456053,-0.011353786826464391,0.123983247369014,0.039556336602257866,0.08105391012159792,0.08164877573200052,0.1389816665614589,0.034507182262266456,-0.10853245789512243,0.151550854723136,0.08992476822899308
2015-12-18,0.19982721644886411,0.002309372029465216,0.05278759231961347,0.04765437382036208,0.16288669426247748,0.14638631493670456,0.142666067481797,0.18044850456186576,0.1487260734402417,0.16153292445210132,0.03335177481754892,0.015514914537337318,0.229912969208408,0.0645220103586248,0.22063514042669305,0.18095878776438368,0.16187189080942072,0.143326187435773,0.2630578016594327,0.019409098361070288,0.18038930332789807,0.2733949657958615,0.20520195502651467,0.09100120298866811
2015-12-21,-0.04309397765102217,0.003568201047692772,0.23097016198849601,0.01570144671860227,0.006697907854170033,-0.09392316136124033,-0.08331390583094722,-0.013163733332165068,0.08874295699189866,-0.08365076580358947,-0.02475370716539179,0.11667352088217796,-0.20358339382388177,0.015899476375925405,0.01042956195235174,-0.06014653147606985,-0.032344320141462934,0.06636822515429615,-0.14874908648870236,0.035579852320372134,0.1428742066547827,-0.005192253792935407,-0.13826661185013464,0.04163442573223315
2015-12-22,0.05486756957464305,0.10240736156795718,-0.03218826167306597,0.09300816074755237,0.08292817730216545,0.03293164801000292,0.09714183931809575,0.10225465042122207,0.0955432181713987,0.2004720162718982,-0.011450978543176914,0.07587229366648157,0.17746161593554727,0.1705178427129039,0.05663173693872705,0.1138952736817853,-0.0021486956032043237,-0.13307741774106313,0.15330758461009594,0.09858539185610124,-0.06127488923208312,0.05424808096052891,0.21696010519537734,0.07346846829154484
2015-12-23,-0.09346879648299375,-0.03765476574320013,-0.08590616202785245,-0.06198549814735909,0.0579499639845565,-0.04124701710939224,-0.05369470463150318,-0.011716973517323637,0.061187078124645695,-0.0889107762573275,-0.0033316470707784613,0.06497606018443439,0.032864245606919744,0.015985007590740372,-0.037019862141138435,0.02405990833245458,0.048810929036569875,-0.1415822257877212,0.03484943715139434,0.03611030205126333,-0.013439005822311893,0.06059560857181961,-0.0950119827028942,0.04046903663926031
2015-12-24,0.3016724171023639,0.11486789916090401,0.13513416713886076,0.09363062335825269,-0.009281512372238059,0.2905786833170767,0.08002426907325148,-0.03605218585432786,0.13616762313386985,0.14186632479355268,0.14102878462698135,0.14119653755508116,0.10196806633220638,0.12784364937312123,0.25285753949924483,0.19470972161892283,0.22067591573049014,0.10885818112357624,0.17879890740192267,0.02267970608952419,0.05356706091666205,0.008904374402495405,0.1856792264018706,0.15434248964325367
2015-12-25,0.1313653820901721,0.19807829021692944,0.05987465561363481,0.14072089525797585,0.15180260485807398,0.1027409065623622,0.11632625584377596,0.1416156884313776,0.040303412421630526,0.15571077644681944,0.1588373137178158,0.07345895712786658,0.1562236584823934,0.04164245888018727,0.12754627071189403,0.03818849436482552,0.06771090636758309,0.1470122133021104,0.13588335417882366,0.08801663435414783,8.539302533049675e-05,0.006140963453521981,0.1873397243689262,0.05786503815861771
2015-12-28,0.13122637174176588,0.12990075449937283,0.05870575192097562,0.10171340491887564,0.14009681172238128,0.17793883017026255,0.08353606101859493,0.08373563374908985,0.12856864708688237,0.17368560536643596,0.11272722357415596,0.0902209362189124,0.16821493282183958,0.03739960518624211,0.13060493795494024,0.17953216692917318,0.12443494958234949,0.16885637796646552,0.1759501338829189,0.03246978014976204,0.07732118230283054,0.029274453071810945,0.16037318480166135,0.15052597422138791
2015-12-29,-0.028634169736039827,-0.0628511480452942,-0.07329014825608621,-0.1627527289036036,0.03149115072785439,0.06697693687559376,0.03518751354632228,-0.1680510562649498,-0.10829512870543977,-0.15693492586925445,-0.04814276630125387,-0.1370255677489179,-0.047300950699974295,-0.03888820307523684,0.06675248877117293,-0.12131690463348885,0.1730389421517477,0.009119894363364528,0.08833330922093736,-0.049515956029264695,-0.042792788833950574,-0.1262934329053642,-0.025927541932246927,-0.035303793889576454
