,c0,c1,c2,c3,c4,c5,c6,c7,c8,c9,c10,c11,c12,c13,c14,c15,c16,c17,c18,c19,c20,c21,c22,c23,c24,c25,c26,c27,c28,c29,c30,c31,c32,c33,c34,c35,c36,c37,c38,c39,c40,c41,c42,c43,c44,c45,c46,c47,c48,c49,c50,c51,c52,c53,c54,c55,c56,c57,c58,c59,c60,c61,c62,c63,c64,c65,c66,c67,c68,c69,c70,c71,c72,c73,c74,c75,c76,c77,c78,c79,c80,c81,c82,c83,c84,c85,c86,c87,c88,c89,c90,c91,c92,c93,c94,c95,c96,c97,c98,c99,c100,c101,c102,c103,c104,c105,c106,c107,c108,c109,c110,c111,c112,c113,c114,c115,c116,c117,c118,c119,c120,c121,c122,c123,c124,c125,c126,c127
2015-01-05,0.0784140350224599,0.06813218116242997,0.08079820728055348,0.05830462971321188,0.09201151574937298,0.05838534928247805,0.0745525580092755,0.07643184389511536,0.09234239200785542,0.08703277074127123,0.07860201181022024,0.03934426466588317,0.08452737755466042,0.05566402378582459,0.08072108859839539,0.10273823135864713,0.06844066145236545,0.08897857149047242,0.06905568294257619,0.08318845455568176,0.06502526781628923,0.08071554569311529,0.03276073916840008,0.049031335128465726,0.07456990971276108,0.09164856486431441,0.0736881057814597,0.05176061348921673,0.037765982636341594,0.05246480345567275,0.05948212154029508,0.04876816762560125,0.0566205364404666,0.06419985692131598,0.07544183281291093,0.07391656987735304,0.07812821390671149,0.09744596179554849,0.08456328594104026,0.06038031319155503,0.11090564861020168,0.07061902322744963,0.07070481776135051,0.07184255931906401,0.06470980420708632,0.08431675731396954,0.0593114964560203,0.049803003941810066,0.11924839159429224,0.07259904539185848,0.07113379043085487,0.061949196381708586,0.04467557556182434,0.06944465029571104,0.06706168301702618,0.0629052270445871,0.09715315179922951,0.07512279047390412,0.05392307603369841,0.04342962685320776,0.023656895843215522,0.0771230200839572,0.07661620574464953,0.07849476864284415,0.08149902330466507,0.06804036729278863,0.08001617564429413,0.04627146144191919,0.08413431327153591,0.07706397609292992,0.06278713906253253,0.04674381911648515,0.06896627347044916,0.06534892528547144,0.06359857219636465,0.1284630957595306,0.06551810439445575,0.07516324157361484,0.07546882435166626,0.030073876082836026,0.035530263841402336,0.1164755066798221,0.09548812275833443,0.08498478773821057,0.07978457860193813,0.10998280855975406,0.09502057924167671,0.09294994262573211,0.06120451910711957,0.07626917167493814,0.04325635081423381,0.0532682837254073,0.06977288668664638,0.0647727041322215,0.0554702630969024,0.0416855396570263,0.073515552730131,0.06241288749937131,0.13038987354572,0.12028926742751805,0.0564409945085673,0.10321877714684471,0.038371123295400815,0.07950261342029762,0.05139670970778326,0.08486308481792983,0.11240264820834577,0.06657078242752247,0.09062264539573012,0.05502176976097679,0.08179086931745709,0.09636702323298053,0.09797518875185837,0.08979458354605768,0.0753256727979103,0.10030802888714047,0.10827703970876991,0.11215321747074071,0.06475149649462802,0.05994097769913568,0.0428341260294183,0.10738776490513449,0.05602961453843027,0.09418265925839277,0.06171133344642724,0.043950659949538326,0.08936512888478983,0.061711092450545485
2015-01-06,0.19611529702352043,0.0685353400843975,0.1632864886107068,0.0634391372426264,0.14669311262080667,0.14693772313228307,0.19434966246288304,0.08225831224202904,0.14884856567029298,0.14029498941618626,0.16849272584821068,0.1713262883465002,0.14127909811486725,0.178245035274871,0.09122437359608673,0.10341192705302439,0.11431409477204953,0.10818490146373375,0.15343052666036103,0.07215892033286844,0.2508157323760935,0.16179828392553733,0.23996243953725716,0.10575225464931186,0.1504909505330629,0.10749309760405636,0.11169161508964794,0.17570236095239125,0.19967607996133427,0.1185142650313673,0.199795788001217,0.14308156591854548,0.14378234197845075,0.13560394536018955,0.1713907465218217,0.23343091388187984,0.15510289756073473,0.15995355233657507,0.186328987680207,0.18053577965937273,0.045598610442435364,0.14557276814498102,0.13797142566769302,0.17391807365970113,0.09065251388682441,0.09639118037469434,0.09861534158908375,0.1546056487796833,0.13753863506196312,0.18736220736960912,0.09139980372159535,0.08884555998303223,0.18408759039695874,0.06032694933759431,0.17579609683371952,0.05262549599460557,0.15520749452654942,0.05369342393225773,0.11048296527473717,0.214033253099697,0.06908171623155665,0.1087645528205624,0.1811713892123596,0.2019236161184227,0.16440447198120933,0.0775559348804813,0.18888559252409323,0.12794050581290323,0.09579075129102213,0.13932008902826545,0.1289130450955009,0.1686639059841377,0.1089468301515081,0.14895599596249542,0.1693259599167436,0.09293357773950127,0.11406122039194219,0.17394758747624028,0.0875363270813561,0.20941351442445888,0.09520590550248258,0.07697583856473458,0.11995337288690874,0.09997628269733645,0.1606968282922967,0.06114507233205921,0.15225044621986014,0.14259753932730362,0.1682698375057071,0.15736625312348812,0.07940680534328369,0.16506534536115372,0.16029260706097667,0.17902443614203656,0.21372347608130224,0.17145119081809385,0.1747158911483871,-0.006298484559984289,0.1536732482875789,0.05808626724331613,0.180746390254196,0.16149322911778882,0.21957405896148854,0.18156380491706398,0.13823445280068983,0.2211786661390884,0.12385980748293589,0.08036258077808714,0.16154210399797758,0.1410977652260508,0.13537043204373192,0.12231257516468816,0.10061118391872641,0.08501561103838141,0.1799511699813655,0.12335453094378587,0.10658997481795873,0.18126913897273722,0.15771829392716694,0.1258334554225411,0.11427584486581482,0.11715049059672682,0.18759312347021131,0.06373639294859411,0.15247120956757287,0.16158413167272934,0.15137093448699382,0.16913471038557
2015-01-07,0.15314793973853238,0.23519774898128426,0.16205727065853978,0.2214211112053714,0.18881627313796223,0.17906061541462992,0.1757864661185651,0.2180865858162023,0.20323817802212948,0.20944298433782516,0.1593641957967758,0.21447037546152192,0.19243677714609805,0.21118811593115241,0.21262219618526446,0.21583003238907325,0.24340578317023887,0.18563658421791673,0.17790037483645277,0.19407604491493552,0.1610988317927676,0.16366739070432423,0.1989507265105843,0.1814850983991267,0.22126579766364163,0.2354172023801171,0.2371470959340773,0.17112498968379172,0.18506075758228363,0.20483589418015383,0.1838590116873707,0.24319777951395377,0.17381043138385716,0.21513159809365742,0.19208851414360242,0.14962428146944676,0.18243781239362494,0.17902197253353105,0.2506081483054116,0.1500550780328077,0.16739310918673825,0.2056826980560849,0.1502926601906746,0.1694127761002894,0.23290255267305635,0.20637779284325763,0.1761895924707689,0.1746519874611205,0.1516046098576101,0.18578399965321968,0.19296012579505376,0.2507560408133207,0.22537434694787742,0.22696776945244637,0.19852183823764794,0.23072089964509418,0.17301610549460347,0.1693941904719342,0.2054284183570025,0.1735952716384797,0.18288610935687624,0.20091388028492596,0.15615158886690542,0.19365999130828804,0.20168673790690247,0.2204915088238466,0.20068583957918226,0.22197022184055093,0.22517540767110936,0.18672860341341324,0.19396102412277402,0.20938668977029848,0.19412370588147404,0.1670193028351929,0.1846519063588059,0.20908279452017556,0.2071563753365081,0.17031682868895948,0.171005244459646,0.2429788031877271,0.23221843055582528,0.22344983605463462,0.1851595116117584,0.1815915289063738,0.24307278649114034,0.22088795615956425,0.17063837562551024,0.19021886660006784,0.16859173414509085,0.15041526785045728,0.2351133071299942,0.2307996166251103,0.19110526750231005,0.18665847374030797,0.2255489555217314,0.16212119838776498,0.14232173108698068,0.2366933716015907,0.1466502108426555,0.166408172826704,0.18414430110585342,0.17862313983478267,0.22180584385381288,0.17306333568261317,0.1868445320567097,0.14384979464450595,0.1945568878078658,0.18720138236611616,0.21295519286436296,0.21245712906353365,0.18946366066451914,0.16942422584283717,0.22543636638667802,0.24319730244134766,0.20011287537918607,0.19030235430614553,0.19237952843335904,0.18109151349904604,0.20546133636682742,0.215097248866014,0.20129840080548958,0.19033479524336433,0.1644540834318794,0.2170337901150644,0.17799006448641055,0.18671142879959154,0.22492828406111937,0.1439418696574945
2015-01-08,-0.16780860089088703,-0.2479965788356564,-0.23728068109013248,-0.2930046610850949,-0.2574076106910656,-0.24788349246427221,-0.24848362963462095,-0.20528451194497366,-0.2024595697927856,-0.24669490564507826,-0.10526608788529587,-0.2136754721782857,-0.2463936620270749,-0.2004342487002256,-0.23196939461239213,-0.19990213197338452,-0.22543674600981903,-0.26404991197059186,-0.13674700994622177,-0.30858853095244043,-0.15710167972236538,-0.2512863403732378,-0.18603793669329352,-0.21721134926896166,-0.1987668050258536,-0.26513511198008705,-0.2619419296292517,-0.20019710972413338,-0.24080715937992672,-0.24128336529126637,-0.17018770248843018,-0.23668711066521872,-0.23904211277332155,-0.20642538177507594,-0.21820738116752786,-0.12664088904944595,-0.20315893697634219,-0.20936648346636602,-0.16407631296127295,-0.15396971007470833,-0.2939280124064187,-0.13415631483139312,-0.2574726793125543,-0.21864020799787506,-0.17579155676797537,-0.25037634365197337,-0.23078948360939666,-0.21717423605522362,-0.2675038507971709,-0.2112944426215874,-0.2139899705154812,-0.2627591433161712,-0.1749601243822862,-0.23464853485346657,-0.17581806620635967,-0.2549371720285438,-0.16357118766260498,-0.2621549691159037,-0.2784327618138724,-0.1752249777712347,-0.21194116609629202,-0.25224164413465,-0.10549165910645676,-0.20140136121146351,-0.16314197575567382,-0.3078948360939522,-0.14872517918271752,-0.27253847513613694,-0.22889887866280775,-0.22778813319450583,-0.28774959088104446,-0.319697599570065,-0.3016087616114366,-0.24528604949240027,-0.1864955859977642,-0.21727617689555598,-0.16143091200541487,-0.13352611318253013,-0.20102348121704014,-0.17185948407090149,-0.28758836529668913,-0.23555693030147248,-0.2450014640441599,-0.22970982648247273,-0.16786860861959332,-0.25789393838797015,-0.19490751278688928,-0.2255758000638894,-0.2482097995512934,-0.2415202632724642,-0.24522170385559475,-0.2813706970211003,-0.18087486207561082,-0.25047852548720007,-0.26708548366048784,-0.25646580264373997,-0.2453115949512069,-0.3094991218742748,-0.12038755352948559,-0.282732077179581,-0.23475650056615896,-0.16439804114530052,-0.2084044318479106,-0.20303193266699193,-0.13749505809844764,-0.07868314605820975,-0.18052734743788215,-0.21170560542142178,-0.21564247250640026,-0.2591750672466147,-0.26245332079517425,-0.2834061398992252,-0.22285954660907695,-0.2690009110812002,-0.18700456721474265,-0.2394956651645874,-0.28784478386433354,-0.18098210480362,-0.15464184483519738,-0.19658893416513668,-0.2122372146484906,-0.21092981734635613,-0.20642923769338634,-0.27415651485715653,-0.21422976043541186,-0.265059680578139,-0.18716506981441483,-0.12926315449544137
2015-01-09,-0.010853484637019753,-0.07256058006152022,-0.008532270153440867,-0.10933108662774416,-0.06834570471899477,-0.08196766282188818,-0.055120674054255234,-0.10951523805938763,-0.06659889003774433,-0.0009443724324826638,0.024832534311377302,-0.1197511474936548,-0.0006120888259031358,-0.00213539328506815,-0.123156532438934,-0.025452017819121046,-0.11040331549463214,-0.05129166008956422,-0.10611964786580576,-0.14596388339127556,0.04643073020092271,-0.07445919829618552,-0.08705639661884515,-0.05743878754222355,-0.060998491965042125,-0.02007894657848654,-0.16933058092993267,0.014568954454738865,-0.11323905671144294,-0.11893916371993138,-0.15074202054951427,-0.014234524005044321,-0.06512043074587073,-0.04653783381854957,-0.06565117807152719,-0.0008513425641653515,-0.038856190614902385,-0.1036417138348308,-0.053074732565646036,-0.05831541514752129,-0.057687947492946076,-0.01989407953247137,-0.051505390248570156,0.04019367387555667,-0.04889030262740058,-0.033570662865735706,-0.03715374402469557,-0.0793814324826669,-0.06000092553093188,-0.02594984688368061,-0.06831827283474735,-0.0837657631997751,-0.050132126269332285,-0.027040443186108175,-0.031196254380529236,-0.14228393575260337,0.02152568029988269,-0.14646580000852852,-0.09525399778446761,-0.07061730327280442,-0.06376840668459971,-0.08732188955073533,-0.030061528525181916,-0.01571131353005068,-0.08231235041091,-0.06105359427166085,-0.008789175712870984,-0.1751696633713713,-0.1178891188985652,-0.1463851217166535,-0.14194521161667878,-0.07532413753341263,-0.06376315642582965,-0.037862679328898266,-0.05431346104300963,-0.08985397173583345,-0.12175009697185754,-0.04961330584987036,-0.04786386724925711,-0.04404320211890226,-0.07761648890400077,-0.09850005981805252,-0.05486710802855959,-0.052900599735205944,-0.006294066936975893,-0.016881343027733798,-0.06468629136038993,-0.10757783141714865,-0.11644333932966462,-0.041658536494368494,-0.04039285320900527,-0.04400670578594701,-0.014543669413606467,-0.11223194875237706,-0.136483404193957,-0.12830560169261748,-0.08264201009812674,-0.1741762443786452,-0.12072247473413708,-0.10802736608457063,-0.07425548673838302,0.04140878707865509,-0.08975712525753389,-0.0679843194613006,-0.0933239858240692,-0.00012165444318417744,-0.07921374018157185,-0.02294760605639422,-0.10516072460776578,-0.06477407338998166,-0.10927241928195622,-0.05925573243189782,-0.06549660536724612,-0.050574501252000546,-0.001855588065744542,-0.028045881378306818,-0.055364698554995255,-0.041821935109233516,0.013865744065509542,-0.008538949220909803,-0.09066118474707907,-0.11926214433967917,-0.041216286812675425,-0.07277275111918305,-0.07396971806596213,-0.04961259023549869,0.03022945936440086,-0.017480550794946845
2015-01-12,0.26574279966317943,0.21339245535877163,0.2551684853476794,0.26206397928406644,0.1884007428979983,0.2481278478259943,0.2498395843368905,0.265566759871507,0.25054469764879256,0.2532702134477753,0.25989007293082866,0.24684309129760984,0.24795514754256498,0.23545250575297283,0.19275784701004264,0.2212696142444909,0.25416186214868525,0.2565481793246894,0.2762989852196455,0.2859630452098092,0.2538345903408606,0.27424757301316455,0.2442883674916318,0.24959389194471895,0.26248916448917947,0.23801724808368013,0.28799970230739774,0.25791737770436385,0.25854138867321896,0.268476902769073,0.31530396442654696,0.20296243005576997,0.246825439611182,0.24670807975006703,0.2647972417577736,0.2545463826692489,0.24883916308177642,0.24812880197120663,0.22219942875389356,0.2626761769507935,0.2423369598021725,0.2272716647025692,0.23950189803404495,0.293062362454838,0.21088851433448497,0.26844684719488504,0.2281346890471097,0.2403320043687605,0.22666339712971734,0.25758533517047766,0.27639439974087715,0.2344902782735084,0.2405247417016485,0.25616270465891344,0.2139680180072372,0.25018403075853685,0.2513266196502861,0.27199323129287606,0.2668885213580953,0.2448203034474984,0.2148784361704552,0.2374380819398039,0.25261280739648906,0.25714070350153806,0.26894586514092667,0.24103520939023795,0.2827657043961221,0.24705514726078023,0.24236910439705672,0.2697192320043488,0.22455044255704193,0.2341381707230065,0.25040634659300665,0.2550124826054656,0.25406310811921046,0.2302237899894772,0.2564179385032081,0.24458510665266234,0.23460808724007248,0.26686058077940844,0.25381741572703886,0.1976973597116083,0.23508182033798777,0.2546107874710803,0.27092046865781616,0.21527710523853574,0.24598865425998018,0.2635721193051589,0.2622291599188232,0.26095394484256185,0.2517793615535304,0.26661965911329855,0.2524668231790046,0.23329327513750006,0.21635719761887826,0.24881101579801307,0.24657354527513037,0.2566744262550482,0.2362578043121681,0.26598561314826086,0.2423590858723274,0.21956885040353635,0.27892097626309187,0.27366697565146986,0.23677495101724377,0.29016271515460745,0.2666840639151299,0.1795009534301141,0.24011350511513999,0.2533131499823295,0.20948809268430654,0.22954253030788302,0.2783499203535203,0.25389660977966116,0.243903369898462,0.2311378611028766,0.24723715327029666,0.24904382722981835,0.22394885400067627,0.2517655264479518,0.23604789236545842,0.21548176938657768,0.2446585758340107,0.25840590005307,0.2150853220508601,0.2358398887091734,0.2599769001451495,0.2939416072679878
2015-01-13,0.375983306276435,0.28238101269722554,0.33433773019444707,0.45214156129539707,0.30203085037800903,0.3123394352518789,0.3511359337298891,0.38621632120542837,0.329104720777496,0.3061937859393469,0.33058460000179923,0.3625227026936768,0.2854974221389849,0.26329350890316244,0.30096220774021426,0.3060000944612466,0.32892486440497437,0.29858161543548406,0.30783491570453164,0.34003934657797014,0.22603652372522523,0.36240391161474345,0.41695620998373967,0.3084856427393316,0.39032601710798,0.3630074084615338,0.3460336422070254,0.3226017440829514,0.3748502588368089,0.3857117708612163,0.37921881269140106,0.2821455100081162,0.3657749066498584,0.3400511517257996,0.41590187952412966,0.28251333298746434,0.4101474297486476,0.32379347145313503,0.29749627525647376,0.30610886701545065,0.29098955139249444,0.2993420691697005,0.349888388864785,0.26481155393595834,0.36022969617600675,0.34034216601555617,0.4101068785771241,0.3334875868102729,0.24483986342435088,0.2765499254104848,0.3111205147431443,0.3422828973774084,0.30604064563277006,0.33338644741776724,0.3581274327731399,0.30445628750771814,0.26434306863671087,0.2839405295537704,0.33030129766241306,0.3339675218520682,0.2614868804791823,0.3043894973428559,0.31191006990633635,0.33508816540393416,0.3066183805588278,0.41599204624669367,0.2236697665260736,0.3772725814408224,0.2322561192917118,0.3732391846458121,0.3663445313416115,0.2753324361195687,0.34358769095525155,0.3394390675720984,0.3685419277655769,0.29550783663400576,0.36395201222172735,0.30801811158529646,0.2890420716027415,0.3007241485097413,0.2864611088034248,0.290748391132556,0.32444304450205175,0.26521134077991904,0.29977000329742454,0.33687746639199034,0.2858943465473086,0.3233617207445617,0.3340290642182626,0.3275413538471151,0.3862298717115043,0.3849728313091682,0.3201825088971223,0.3121261837969261,0.32025979465932,0.324902188189847,0.3591769925066883,0.3746498732244423,0.419777140303954,0.37488025471940994,0.3435452314933034,0.24975895906644976,0.24347018797207023,0.2897748551258007,0.2968193092283351,0.2591300962692184,0.32442893216453794,0.37106950268967465,0.321130452165559,0.3671040309306156,0.31582731307550266,0.3475035029065993,0.2648401782923278,0.2826273533403362,0.2903964807316251,0.29101810633744946,0.4012476402807633,0.3012303225448753,0.24089781247966435,0.24406366629413123,0.3495644565652035,0.2662155786158824,0.3008873073410474,0.2936329763127843,0.3399304523564416,0.3133536916125716,0.3376987067048327,0.27607714645778186
2015-01-14,-0.1427983266205329,-0.06050330205821564,-0.14229167551279273,-0.07094620825553243,-0.07018382921675413,-0.10911222989969104,-0.12534557946944158,-0.1322850775986211,-0.15946199568103828,-0.09410209449213053,-0.15594310813801424,-0.1285271766799117,-0.11432758763021422,-0.08842302218842141,-0.11451078351097904,-0.11689471532395239,-0.1463859126188438,-0.114522710326133,-0.15524849042344765,-0.10168186044091691,-0.05630840263226517,-0.15653324695183213,-0.09232690732461526,-0.14702662112891446,-0.13439850924390262,-0.14045351476126455,-0.13815974967085515,-0.12064259771793247,-0.11813939775341954,-0.15342702721313503,-0.15550658670337933,-0.11073809334147873,-0.12345207829559905,-0.1142913301121462,-0.1278740642820809,-0.08719599144538209,-0.1408151357967326,-0.1245340789663662,-0.088006060730639,-0.13939536772080532,-0.053951186885236715,-0.12100469582600665,-0.11600592905867935,-0.08060809582694128,-0.1503098348044963,-0.1368311024627041,-0.15079978837102093,-0.10721443507239309,-0.1394654973939106,-0.09986179206628042,-0.14979841297069454,-0.1141563185646034,-0.10127535819832764,-0.15147770854437195,-0.15030649529625317,-0.13111911214917008,-0.11422740238292098,-0.0945496224269085,-0.08930800252442075,-0.14567268907263703,-0.08472556189977329,-0.14362747881003615,-0.13351306248687272,-0.12573200828042985,-0.12643664451972575,-0.11447070941206176,-0.12719280460048676,-0.13688691995762464,-0.11570203380855647,-0.09005556464669531,-0.14619222114074348,-0.11966793838355093,-0.11366970450632187,-0.14279117053144053,-0.13224023277364222,-0.10843001607288458,-0.1384445620167317,-0.12260432027445564,-0.1578208659158535,-0.153571580212801,-0.11481563290631423,-0.10349565410738866,-0.0912701915019745,-0.11532228401405444,-0.13870838316793727,-0.06785499901203747,-0.11476983393612304,-0.1510817382812605,-0.13149170585457973,-0.09014763965968386,-0.08070494156599144,-0.124646921504096,-0.1136978517900852,-0.13326069107821498,-0.09761096351042527,-0.1121945960080802,-0.14939147003764147,-0.11025389094572395,-0.16624596814061018,-0.1258326856081262,-0.10887894139527961,-0.11783454835808434,-0.10509957220929306,-0.10190747940148746,-0.11973043489495767,-0.1441894703400907,-0.13674093574014018,-0.042879290955635356,-0.10888228090352273,-0.13592132500276013,-0.1068246667531617,-0.12392676553872663,-0.12877048370905245,-0.1522963651365397,-0.11442968116793213,-0.12394346307994214,-0.16518448159190782,-0.0924743227599182,-0.09348333132194313,-0.12359186056920345,-0.12301364857053951,-0.03863477086452254,-0.10967803801059485,-0.11683460417557644,-0.12056244952009787,-0.10530280513951652,-0.15237221968091888,-0.11063313736812388
2015-01-15,0.20220322432008025,0.1613061349610643,0.21023438207925202,0.19281984371959682,0.1498142892672577,0.14584919883630038,0.11027086871944258,0.09978638204839183,0.0590256958489165,0.16921221632482691,0.14748410879093565,0.15074525288087154,0.09955719582096578,0.16237832163384916,0.13673573261511993,0.22041666104347604,0.09948778926628789,0.15384179739842885,0.09223745524724265,0.08883076089234768,0.2672340331185254,0.08941419903872962,0.18438718832121184,0.08921754713380886,0.0986464757857997,0.14188193945050936,0.15358031784347906,0.07098483081189143,0.2620080569442526,0.18115520462403994,0.14355372163731733,0.13284294067861874,0.18289374242072906,0.17470304598379072,0.1957529936396832,0.13139142790492056,0.1560690730176416,0.2075393352009079,0.186378529853516,0.15245390729985211,0.21915939022488343,0.1337355860901708,0.14610561749663825,0.19583469093841865,0.10721505235376225,0.04870267581548447,0.10013172785691075,0.13169026168200604,0.17090737502484235,0.07324849667331379,0.10273977554692595,0.18075804489449412,0.21261083359202598,0.10709913376765087,0.14349540085178933,0.1804141450558643,0.23569092297224742,0.15541276063915227,0.05676323496240173,0.15297999934451142,0.3069577549001415,0.1438600262588299,0.12858504134511398,0.13646943316053972,0.15091298538800982,0.1393772786075665,0.19916692854790305,0.029864824693603905,0.10613153891684594,0.11894138616458834,0.11492183086780736,0.18701909451439758,0.1322756384921194,0.06338939197930879,0.08448970758633904,0.24161747155780033,0.1629808090876505,0.1239902310274435,0.18265009649441183,0.17200269721585318,0.12696073516966558,0.1187698692950889,0.13235757678583637,0.1256447972129491,0.20506455773567353,0.16855213107044217,0.13405201250090726,0.1162475442611518,0.1607308799401748,0.20730388310396236,0.10483450392630242,0.10849569968556236,0.12186224534061718,0.16978988129553166,0.16412095634522414,0.19158811836904532,0.16764839988974017,-0.05286683447149597,0.17972610438362321,0.13258676301326242,0.008358428944076639,0.10590476263923511,0.13182497787667602,0.1700029208591958,0.1937640620571942,0.17029139185207587,0.06194197612029648,0.11835626461108337,0.08301987919404531,0.15352079208304348,0.04962207166998531,0.10723746488704367,0.10763944451621991,0.07053368820648498,0.20545545159569986,0.08117626758541323,0.017147756915111993,0.1877775057212427,0.1444796243563192,0.12833922646396304,0.14342599429711142,0.28301052858878556,0.16436653023139355,0.17894238870371842,0.15750492111754097,0.13054216159004223,0.15800378072928845,0.16985326297567152
2015-01-16,-0.07891386375248201,-0.07199731145776075,-0.12864899802658408,-0.09145790260476616,-0.05896597172504517,-0.10820513796860025,-0.11364680858558315,-0.08791358684905459,-0.10971256266785749,-0.05374408869011226,-0.05122231538027573,-0.09857135661723221,-0.13750557000063726,-0.12480151036493078,-0.11148749199000445,-0.04062913231384087,-0.12872346552971284,-0.03422516803992208,-0.05625019731482462,-0.15941399603811277,-0.045052598397752316,-0.07696517692303455,-0.07055253682350854,-0.1396002998944732,-0.12464293555244298,-0.1587507389515116,-0.1446113121681191,-0.0782583569288242,-0.10507581587110146,-0.10816754272430223,-0.10988897112187128,-0.03213260710248796,-0.09378543381906289,-0.13693730342336333,-0.045876078844972454,-0.059399281015095444,-0.07777178770935171,-0.07342327111888056,-0.05909008423025979,-0.09535624024428407,-0.022342901885345427,-0.05593931356389866,-0.12116585744518747,-0.09251370238213559,-0.12893361330553257,-0.13661653887105135,-0.09317619806531033,-0.10627356179521151,-0.08158095714123974,-0.07757393068647558,-0.10478758566481663,-0.04629034951771796,-0.09383797076301784,-0.15319459563554438,-0.04804744519833896,-0.07284150881288423,-0.028420558718369838,-0.10548215912436881,-0.18781523672606296,-0.07079377297442084,-0.03784347386849263,-0.09887886643597757,-0.09163816698127204,-0.10641213400977154,-0.09087035641503168,-0.07811568779661632,-0.04406283129306017,-0.040711793652265356,-0.08294956863078118,-0.0844003594684356,-0.06371213032251465,-0.09246550335098427,-0.08201860434409362,-0.10392602798298697,-0.12034285898827886,-0.15925490081735427,-0.0834320409326058,-0.0839694601299429,-0.03469968750160673,-0.03973672725207436,-0.12212092124745068,-0.12798071845967116,-0.07344953959085801,-0.08727711864270153,-0.08572028993651423,-0.13107991616270037,-0.09747747960525324,-0.11308819544137748,-0.05289891867887404,-0.07491888705550569,-0.18274903656174876,-0.08674355536785654,-0.07064218702144998,-0.0486949991818568,-0.0874581060046747,-0.06547404590625078,-0.08328238294088097,-0.19036207353209816,-0.1395304112993038,-0.11810714692832536,-0.12008210222975027,-0.1219555985706017,-0.053356086489344215,-0.052947840695492625,-0.049644279100381855,-0.06679397637432939,-0.10015806872273333,-0.0517272002315857,-0.08592489482375153,-0.039387284276227355,-0.146263574955986,-0.1542537693450944,-0.07628002769521869,-0.11959215907809721,-0.03218008314817201,-0.10274973062773926,-0.15456561707664337,-0.0625992146932309,-0.0450444045624566,-0.08105173177919836,-0.08964851097534599,-0.11034228300984933,-0.054857004319396004,-0.024341718640305026,-0.05948483429538902,-0.09741241091319897,-0.05249043188986669,-0.043842802715854445
2015-01-19,0.07692734732756348,0.19706299541511182,0.07459132369559451,0.13909636947072473,0.24000694428043526,0.05699128933837899,0.10781454054361454,0.08789599362451347,0.049832735935588186,0.07661107510193625,0.016747346407177156,0.08868124234382761,0.09025782698183042,0.16702593317375627,0.1307554933633093,0.046911135146085504,0.09962310496352966,0.07517277297984945,0.10184128041560778,0.09844624396651241,0.060128137981715346,0.018488528916267226,0.08444917785068057,0.06091095182127969,0.10594259186618996,0.07135731641189515,0.18079653191809056,0.07216180068123279,0.07526554189831727,0.11088685868615678,0.025449363145027794,0.07451317312715473,0.12491006162924503,0.10894893789328194,0.11462805142174184,0.20013007127624083,0.037463059830596786,0.03205056563474123,0.14281714126125733,0.10631756334766089,0.0644198058692831,0.06727451004741153,0.11310430367430994,0.07008777011034352,0.12087237411756142,0.10376515470264508,0.06603345183893271,-0.0072406019120138864,0.11015908654014217,0.08475499874725688,0.15247679620470875,0.09511200325105426,0.034938819993967404,0.1298329489265534,0.05775973044907389,0.01768015099178156,0.1061183901841263,0.1807651017553155,0.043035381684811275,0.0693215134530779,0.12463693203738718,0.050850278373748864,0.1123575260550428,0.10938283346469833,0.0781557441613433,0.12816236171705814,0.10767427834425573,0.1225463800241041,0.04713367173292236,0.040638391459804635,0.1169394970049158,0.07964030004052917,0.18700129073038943,-0.008645665060019157,0.08422638635357284,0.07672063537707888,0.1763422700724843,0.03273135801278847,0.05109400364599045,0.0713061839371491,0.08839757885297461,0.16552781233249664,0.1056873659825844,0.07019812998642272,0.13309174456456102,-0.004356743596537771,0.10240909437326377,0.09429779094290434,0.07304249668673955,0.08294661355707202,0.26190675039086697,0.15848558647532324,0.07414817558112885,0.24719897520781822,0.04393083091002056,0.1362804630849139,0.03937419694622368,0.13799613850418033,0.2113911981023516,0.17052039518141374,0.1297122104302363,0.12963616322362878,0.15178236850006258,0.056214799247818616,0.030497842818286554,0.07652924448846933,0.061864450731305795,0.009094828168912076,0.09680497514109807,0.09928660458210575,0.07660043623362338,0.052987026710888924,0.11466726694576157,0.10006820098179517,0.06036334736554712,0.09761871195348498,0.10313468853870753,0.018019084100503603,0.06631906323358558,0.09367712861449046,0.03554461807572045,-0.019702075382181963,0.06101492118659663,0.01673424695164254,0.02319417752075256,0.005348456858435519,0.06040766217699369,0.15252549379970498
2015-01-20,-0.016968500285668594,-0.030702386152664445,-0.10489088304549322,-0.08243925690660847,-0.09983352059391813,-0.02624676888024481,-0.032538888453211914,-0.08646129040199496,-0.04312547312102237,-0.08661874100125595,0.016174850858768693,-0.09800414144375456,-0.0257301341014197,0.02957463490556253,-0.05645268228221935,-0.026165829431562208,0.002320674223170108,-0.0481237915978746,-0.08043388464903539,-0.09054112782326854,-0.002437040056686429,-0.033684833595958266,-0.04411003139952622,0.0036614644825019313,-0.011501766276014935,-0.037463647978221895,-0.08356149319341805,-0.016196746332728423,-0.014183592811239926,-0.07195221768009523,-0.03510631728741134,-0.029260225740163247,-0.07910391911840277,-0.044624206012737866,-0.0466277648883339,0.0348138035959718,-0.05016769718953126,-0.07876564634655298,-0.00598361480504011,-0.03911712528702359,0.005809073914942279,-0.053642435101972114,-0.06519758697179898,-0.07760223402795112,-0.042496167984458856,-0.05520906856461892,-0.0382231011030948,0.010846378156591086,-0.059367978534161016,0.0006354607779548804,0.014635279217869876,-0.07105327316493953,-0.0333096583399067,-0.048292312942396116,0.00579516611904962,-0.041850866464673085,-0.0407637141321076,-0.016891017535204375,-0.03584461298800856,-0.0581701238969708,-0.05043861726266436,-0.06257209822912206,-0.03806146822229095,0.007562057062631482,-0.03280040405792195,-0.09596072788522057,-0.004469874903082549,-0.05156105003917252,-0.01976915282002336,-0.08009291554705963,-0.061118140351571405,-0.08130061099525955,-0.06891120696530612,-0.03570488436511949,-0.014090352534490062,-0.05041150580283001,-0.0787489172203815,-0.016923479254942406,-0.01671953152558716,0.013381332804692937,-0.02655994796283736,-0.020287888721891394,-0.029660006300759788,-0.027441223166886807,-0.02070893608436236,-0.04983976324393481,-0.010757320161384091,-0.04496936724830531,-0.042908240497354484,-0.04931918606945136,-0.08030226578871566,0.005361684937959221,-0.005662563192484508,-0.04707084071531677,-0.07419170643802138,-0.03491417835300067,0.024592061488636397,-0.06638760174378854,-0.07541686891352092,-0.1203215486066746,-0.026850001488663455,-0.028748511292565053,0.0028985671257701906,-0.03950779958643991,-0.023476868416058207,-0.0013169266528813301,-0.020244702833103805,-0.00804867881102228,0.023060116361139284,-0.04692692102692977,-0.006456950669068445,-0.03635017702157312,-0.057820534363299154,-0.04707772917903443,-0.006617353467065574,-0.027411411281653406,-0.040982422855143565,-0.06883272768223696,-0.049415378544937355,-0.06425854175714402,-0.040429131608678004,-0.016876982124848148,-0.01480675276112754,-0.11682874241817444,-0.07075657719195712,-0.07460329214515206,-0.030370006448391846,-0.01622184002198564
2015-01-21,0.27669968955750235,0.2954165106042909,0.1331786869455772,0.16562613552708658,0.24578953609957607,0.18494020676213496,0.21652930298684073,0.22800501973967657,0.1840506086877394,0.1356378745428277,0.07818056528533923,0.1237655781174461,0.21918432024869824,0.2297970087811304,0.21880917098486824,0.2041462749236148,0.20692233263143536,0.2046304367074672,0.1503083702210232,0.18266891002059474,0.14043963760036426,0.17876369977768408,0.1524561000853686,0.21241934020176,0.16685204060564776,0.2379923326346327,0.1708725161980248,0.21432105289951373,0.20045109708140765,0.234373420114069,0.12374196046945328,0.1868862025498752,0.21039019061171177,0.1940512065096915,0.15345296164439812,0.13430249336256803,0.1876459035603103,0.2512319924719309,0.244102907018437,0.16649826792008893,0.21303295942465017,0.1327707904833682,0.17692299933724503,0.23707764080924482,0.08621105763722507,0.19834174589505052,0.2507645598554067,0.14500128790330732,0.1728022117968343,0.22837306142089775,0.15791915728670358,0.19176275482605562,0.12282087219773401,0.17569711740822463,0.06256831589343077,0.24805492678256585,0.12248776495416885,0.23183793144703577,0.19466755134886118,0.15356760564402983,0.20355444585043286,0.15009581138908798,0.1365146797245605,0.11099581106833799,0.0878524841727248,0.23692563134397843,0.15008695477109066,0.28765490976240293,0.2195130261850667,0.2267493481213926,0.22959210472296626,0.22955624268663385,0.2412353309246443,0.1783713243380244,0.13283721511834795,0.24443801246710323,0.1482300171976566,0.17891819855830363,0.1265711578852577,0.09678290732000303,0.18105165942698676,0.14813154652722704,0.2663686412561445,0.1666872501116789,0.0701171066331301,0.24067222723486356,0.1597923319931327,0.1782807900095823,0.16956265774715498,0.1945240515038807,0.2454516033181405,0.1924582690298677,0.10822122946351694,0.14119540233613392,0.25889591924559513,0.1916156365604338,0.1508368150948621,0.26552125952543426,0.14271874063166964,0.17991828047184052,0.21373848424902464,0.1118829489710676,0.0840800569402079,0.12877448762925284,0.12697118179813574,0.1481616244253441,0.20114289735386343,0.2402473259836121,0.13060091907402951,0.20105187100222452,0.23069333445023393,0.21260877342003562,0.1742738864873858,0.20615869534633477,0.17749523526673733,0.13919921904640897,0.19205797542596567,0.14674850182044147,0.15868869898380242,0.12123848978221628,0.13833569879167215,0.1398905272845316,0.11692580885186399,0.19079240485547783,0.18641483365868552,0.23414806838947097,0.18105608773598542,0.15624919275987922
2015-01-22,0.13085989497570932,0.02187813713802284,0.09805201503907147,0.020519158626512372,0.02541192555077624,0.07287151601782964,-0.006267159680581543,-0.022913215051442365,0.11583481962535747,0.10802547929039198,0.06287766833426228,0.13859665040560062,0.08520324394873437,0.043118913712241615,0.028152254295767946,0.10492918621640641,0.05462386974493856,-0.017863592579947303,0.09869434173328943,-0.018866620663051017,0.1588595221080679,0.055051424665238435,0.0981571637200522,0.08302867973781387,0.1425428331729032,0.008370630457080076,0.05519063545237091,0.04609439766339825,0.10127980610889345,0.04939502221673641,0.13746810427876263,0.1441563558401511,0.027279992542667813,0.01521250349564609,0.0831281111146278,0.13478942298739555,0.026457446477974638,0.11617661498315533,0.16541901003648238,0.11568219246194808,0.025926731504230326,0.13226138023190157,0.06814032253058118,0.12345325171684021,0.1273410818586971,-0.0022175682813925096,0.04862641767396479,0.03797060559925873,0.08602678432719567,0.1258326445639974,0.123865891930618,0.09954000559309184,0.18035086847107115,0.10729117857262117,0.16633104434030804,0.026363980983769547,0.07345840971947383,0.020259391604278768,0.025917540544409683,0.15757089146455946,0.06661661947813376,0.08947133579847201,0.10719821023530016,0.08994264052456998,0.15737874032886653,-0.055050678929912326,0.19485790634822248,0.0983041224518174,0.02119703212219356,0.09814946998725589,0.08191107106242539,0.06504924960387835,0.05109455302492839,0.069853027996201,0.09858098996372154,0.0067377195087783524,0.06663766584848077,0.11169101699663724,0.08079023086729045,0.129550632321512,0.08076239008178254,-0.014048659230039128,0.0316010355282223,0.12114470372566298,0.1363646645745701,0.01871472981754766,0.11589348413767768,0.05036646676820843,0.06981176397482321,0.133371531554029,0.11828656350087423,0.04752422086198246,0.16453332504751236,-0.01300264114595666,0.10666476089869346,0.10648106143002975,0.16524848522524646,0.025789028663227725,0.12773277817491144,0.05344188589530559,0.0318742193083551,0.11508485846573845,0.11303806357402388,0.1552387285213889,0.16996476400597288,0.17557319081516215,0.13204163688914278,0.005310879074157886,0.1174677314110841,0.062060621849128576,0.07580449305539833,-0.08016455892868884,0.08569791504838362,0.05611609310709078,0.10177696299296306,0.06222937575743551,0.0454562968026949,0.0825096479508452,0.03205617872792458,0.07663449647335255,0.018458192213294557,0.09260044122680613,0.12617319702958507,0.061885607155511974,0.09588963117181071,0.13366087686055753,0.10419289687109934,0.15202958083471957
2015-01-23,0.22129192723854194,0.22471832714094997,0.21029576016430085,0.2446554276765597,0.23451748926158886,0.22242753605378005,0.24912319977975833,0.19319815586590028,0.21206018529924184,0.21199400705589277,0.2238743548238007,0.19313443778029657,0.2378874133411234,0.21448713091499652,0.26704692504903615,0.2429649329116821,0.24308228243613372,0.19321636103321563,0.20483691614321806,0.2022247482609444,0.21817687550142217,0.20894587160944567,0.229174272654536,0.21544634641989543,0.2260365874661593,0.24943121152947195,0.2343029923272796,0.21305187488637886,0.20609135057755493,0.22707009973496678,0.201769837482132,0.15203455045549022,0.2283651267721014,0.2581042516448107,0.19616855032759542,0.1649493945553037,0.2024771328339105,0.19781980820625183,0.24482407411981777,0.23743056204781812,0.25824995651682625,0.23512367213003485,0.25286534572615926,0.18666397689433967,0.16838574289396172,0.1667947588800656,0.24689331279940346,0.25593882079738317,0.19623177638165,0.2141697705658507,0.22414029787606937,0.2289272728169062,0.2705460074101998,0.185640551272288,0.19488336392144207,0.2325892176208098,0.18392557530802792,0.24171956317895138,0.175617890220229,0.20844621357137189,0.21155321304456923,0.2198519969102082,0.22847706394951325,0.21193274912803442,0.2610596391442594,0.16286588696079515,0.235140401202703,0.21301158070350673,0.27285978576966996,0.15975108123944992,0.2573819493307858,0.24981281272468095,0.2002829181408627,0.21398894897156995,0.25387893071722967,0.20636787230812853,0.2352904708251673,0.20123278504632944,0.2606148426239062,0.22272546115673783,0.2605324273394381,0.16649880190330402,0.2148778039649528,0.1849686821920421,0.2670828433521178,0.21642283627238432,0.19795831508731315,0.23639606571591254,0.2031494939457055,0.2210724811676597,0.1931088521397453,0.274865586190022,0.15777040823869562,0.2610903911160759,0.21933856198876064,0.19535817436628816,0.1720917245215065,0.1828448505018428,0.1925437539056461,0.1791816531277341,0.2317837619749932,0.17400523521581368,0.20219790492981707,0.27915951170810194,0.20066867087532833,0.21117748070022224,0.2784003070278972,0.16428293782209744,0.2215770595212241,0.22311367404894883,0.2473395854144039,0.21637579401607598,0.21345411067773815,0.20323117118284995,0.20022584248117137,0.24645934097312963,0.1930077396564128,0.21815448806593984,0.17138861143789508,0.1701435256029904,0.21115509326473986,0.2535637845100546,0.2367896909551632,0.20047604052387005,0.2719261559053224,0.2389998966735555,0.21196497719449806,0.19291105545702183
2015-01-26,0.20648595190151506,0.18437099648016636,0.17540484921096688,0.16355317456143553,0.14856210107053633,0.1449043430341334,0.19035520943912163,0.22159130187697504,0.1817136699727046,0.19616363473098822,0.20832663966236836,0.20399037095442932,0.17439372562140434,0.19618036378307832,0.18194986720698367,0.18733610756780494,0.1820423466431804,0.19697450172641356,0.2081746021007261,0.15642011974068468,0.19776371936031054,0.24865005160174522,0.20821888488567047,0.17067101950041638,0.2104930519080345,0.1713382134602445,0.17981845525335266,0.1884933643476838,0.19295411688441086,0.20547482831195252,0.2256810630820572,0.16686220796425888,0.19581035651332113,0.16711511186938546,0.20115971693459803,0.24012758362373413,0.146882799459258,0.21750498488849965,0.17635643705632648,0.17258501987189973,0.1641762110419124,0.19865823161618634,0.15387947948046454,0.21199522237953541,0.12745692576606144,0.1703935140480985,0.18544916889823201,0.18102581071323576,0.1606714746290394,0.19036209787233516,0.1816856242089065,0.17382739800506053,0.16556127814878277,0.17042106778095276,0.19047821717507812,0.17934896925667657,0.19345402032333814,0.19454644867225976,0.1929271738402112,0.2173736126264981,0.07561372448240396,0.15241519539163817,0.2019302373926296,0.18896276186809388,0.18595743686320432,0.18299491855042765,0.17542699060343908,0.11231647847292286,0.17544519574836062,0.195604711639696,0.22078141894343736,0.19441151254002367,0.13025953402209464,0.1727161673638554,0.14915352226501527,0.16609660781566554,0.17645976355452997,0.213772930179579,0.17793831654072725,0.1937979499530726,0.16683268610762933,0.075219750326191,0.1917358718524945,0.20743803177781853,0.1537525354969574,0.1929915112361416,0.18116013516090027,0.21327204267876407,0.17301849913341047,0.1848488911467642,0.21863176264326104,0.2101722477326599,0.19301660481427674,0.1614808655316333,0.16114431636605625,0.1854019339276247,0.12089913734674772,0.13888044235561278,0.13327666776963604,0.1331944986020171,0.18010030050789894,0.1826278634663334,0.19949517625163446,0.18823406404028747,0.18303428102593372,0.1790207846171446,0.1983969631850147,0.11469069089755055,0.19678162559643378,0.16815329716085844,0.2467877448361672,0.15968200040100522,0.164508331928995,0.19055595806420267,0.19768991471873665,0.18994288750819538,0.1773616562745631,0.20752610531676333,0.17525330368026842,0.20754529452357257,0.22332620298490571,0.16955755347453802,0.20340337803844485,0.12786139092982762,0.17133919752213217,0.2147338666128713,0.15640655040795515,0.1580499337603342
2015-01-27,0.05310204251080427,0.07707730825755037,0.06438624784954539,0.06507580571074241,0.08063127658660155,0.0874031633223401,0.07793732595938266,0.055760930873894485,0.09288578138751431,0.06518561877408982,0.08266342697839192,0.09611857083776604,0.04721523445636908,0.0855640988712027,0.03331207277757316,0.07672719087105313,0.06012106951106083,0.06990295422706691,0.08963643475697962,0.10400929734483669,0.08439024348672854,0.0788394487968597,0.03488013514554944,0.10402754627823274,0.07953411990490881,0.09491647085163267,0.0573686887612525,0.10131192522387879,0.07909949392248061,0.09185680133051621,0.06212741018064539,0.06959908127128518,0.053404941514804655,0.08048153150021871,0.07853216700984324,0.045504731640370104,0.07038919965390676,0.09596152111302307,0.08427215183323962,0.07152872323808829,0.08293345510977168,0.08608613702600723,0.07317226686911932,0.0821857036296389,0.018718135797853527,0.032737323468174546,0.05488266985506055,0.07558620635919958,0.052680321389478965,0.06522360289356254,0.08409197075368956,0.05760145625270391,0.05768765098535354,0.030240472347135148,0.06621216395163454,0.0352310012747814,0.06188465269914347,0.08211947490850698,0.056354554484628366,0.083744269967747,0.11124542196349932,0.030676315769290044,0.08458868616217895,0.06889442715747719,0.08114187080797518,0.05985225881940776,0.1008792471450133,0.12928407961180224,0.05367521313412976,0.07744182799061997,0.05954838586362601,0.01720899751264902,0.13790305016131787,0.05125104715034531,0.12660545298558318,0.057430040739186006,0.07277781639767188,0.07426090147272522,0.09028143432417979,0.07326138345711301,0.06837750224952477,0.015546709095263215,0.07664197009018485,0.05957346512199583,0.09530848644362673,0.06651384551590823,0.0999651933982147,0.09885318395185634,0.12666827287548035,0.0740264225813648,0.03902064765602098,0.05652913534143565,0.09615144171038666,0.0803544307927523,0.09473921162742666,0.06262290814940809,0.0923009233428126,0.10237109778609879,0.08122830902857014,0.06729787669989638,0.08749788013307656,0.11212400743660968,0.08418376570908197,0.07751803971751074,0.06537334797994536,0.08772481089813151,0.06036236606489072,0.08329626228914246,0.1158447467293186,0.09393886675110087,0.11526256705201561,0.10608380197661159,0.13893495207366005,0.050048216700375917,0.10369956801586255,0.0843566421502719,0.07450706778546187,0.076596681332352,0.03173597530740073,0.09550814655880384,0.08312069733973655,0.06566455956256953,0.06493482619039175,0.06703783157427547,0.07672743435899847,0.06708701613923373,0.058055317782813816,0.074249214051349
2015-01-28,-0.03137127590153874,0.006171243684978057,-0.05406960037437835,0.003197234201087077,-0.05730461871467901,-0.008004271596563821,0.00532855794856963,0.01639980789787893,-0.03911603012087236,-0.014004492335627719,-0.0131702583145697,-0.0010271319949379412,-0.016416214168853253,-0.017728715846799123,-0.004410303933734016,-0.038112761792806156,-0.003697376885940692,-0.01993411639352938,-0.008178277500836948,-0.035267019518350796,-0.002423156506934911,-0.0356846336886063,0.0045693950462123035,-0.006622664716635197,-0.04339110660899982,0.038513472532360836,-0.020318420862109738,0.034234915926147906,-0.03779557388730257,-0.011945753908213385,0.03298803933209933,-0.05606321087762189,-0.007091983498446143,0.0032762825975997255,-0.030422197983660453,0.03254357853661312,-0.05037023484953168,-0.025019066076116633,0.024001380115982084,0.0012299731633477573,0.00011285525791428493,0.01710577470950133,-0.05176476788234917,0.02594378316739667,0.0589261124865133,0.0018136386822524735,0.026848116709890436,-0.05891243327016271,0.02038553742518652,-0.028616513857031897,0.0012990783653305134,0.01745577515695356,-0.02310450396938574,-0.03398385026426811,-0.002350571186866692,-0.06030746346270669,-0.004760304381186248,-0.02542027713486052,-0.016047075066407082,0.011630057481889285,-0.006525474856378379,0.025026026312287553,-0.011902003852281856,0.01791266494560214,-0.008621246817143678,-0.020702725330690102,-0.040359923756561965,0.07446060655655631,-0.04982335915038758,-0.00582820347369675,-0.019926658997631956,0.0008208107084426625,-0.049529537752029236,-0.037537547989251845,-0.005546313908774285,0.0008650579241006862,-0.06983851257933557,-0.015413443000513548,-0.04945198083469607,-0.006668403411472704,0.016532052385126506,0.0013527719520615034,-0.009136801453518629,-0.04954594402300356,0.0044689687814603845,0.039897565210921936,-0.0298514586176446,0.0021377868239269835,0.03404400659117396,0.014949592975694044,0.02456366776664753,0.026101382800695478,-0.03131360537326536,0.015424380514496433,-0.048728116272919855,-0.0127710390541945,-0.005886371161696624,-0.0724073458855754,-0.006642053945968487,-0.014038796356755848,-0.010887798010232775,0.005486157581868433,-0.02001167331086254,0.03540522992231631,-0.00446001990638348,-0.00403196538187159,-0.0168114561514165,-0.050072436173361386,-0.020945836436945982,-0.05707343944185901,0.0035019931134282955,0.006439709937285166,-0.015571539793538848,-0.027936399351187222,-0.024273823646101155,-0.029158915118637555,-0.07632644701009073,-0.009912867786576771,-0.003747590018316651,-0.017571613373226814,0.017234041918936946,-0.01703766382697156,-0.02175421815222628,-0.024680003142647282,-0.015011737941505874,-0.021002512645766372,0.02345102429875251,-0.05026433982778832
2015-01-29,0.15489228482365083,0.198202454623378,0.148778396607008,0.22592752275753847,0.19971750174285285,0.1813220853128676,0.13018028070736945,0.16463291113487094,0.10716271354558758,0.18173426601881684,0.12379009829417317,0.16729638718964604,0.1288781815119758,0.213466152139894,0.08915787663891195,0.10042414926819168,0.09679916940941062,0.1782851097396607,0.11836267556769448,0.10896140244942373,0.16319793954858933,0.12986932414797567,0.15483225363003603,0.15430076406648416,0.12365772825636985,0.16109132188814057,0.08560523562431943,0.11905341105907807,0.14681494957568236,0.16937261248847393,0.14243568656031047,0.1112033905819104,0.16982372555848296,0.1585270605675824,0.17370038431266996,0.07049068719013506,0.13251220372628045,0.22448401116881794,0.170958038823606,0.20659521782469478,0.20844010952804473,0.13763042812916162,0.11746170531038795,0.12242344672740298,0.19398062951623427,0.18470769392681644,0.16108981482888665,0.13144118694982238,0.201091939782435,0.1462789388343687,0.13239339722176244,0.20441475426080355,0.19675060442495362,0.1624333581537633,0.19336424228137783,0.1941544436835206,0.1953357269620577,0.13698569235261537,0.11686693393528638,0.10976666075983255,0.22393029441200632,0.13714289446051597,0.11138825651705887,0.14610562702016702,0.1498406222044848,0.1634003878417003,0.152056250484301,0.11924355170161528,0.12588139418554037,0.15118416552936143,0.14309728557278475,0.09739722075667766,0.10485867112287427,0.13894131850353647,0.14863999833218894,0.20166738524089314,0.12217930312826666,0.18418951672000758,0.07414831999941786,0.1161472984644206,0.15252168061722238,0.18461151649614713,0.1588995553798449,0.13728581391309677,0.18000717611381556,0.14019644768551603,0.12994970064151848,0.16357596024478288,0.13515834859963535,0.16914856301272332,0.06660950725818629,0.13327351982605629,0.19923323336925738,0.15918790605042973,0.1766484433898951,0.17046573280065624,0.17605089439571273,0.034890682317309844,0.12117710872440467,0.16501394594957236,0.11317763820455581,0.1283542272446936,0.17643268274004112,0.15031534586947204,0.1730571211877851,0.18704941283087792,0.19888535385814235,0.18682988453288912,0.16211185217959204,0.13499181855207631,0.17371520372866694,0.09973242159586042,0.1336957475936984,0.13736543687701264,0.17405152911883517,0.15722144490059625,0.06418490009515876,0.13918470857304582,0.17519337768022777,0.16658430169216512,0.21518118557086388,0.20313124212954167,0.20322543333291218,0.1192083869856903,0.1287164238187209,0.18444596796971763,0.2074165651180854,0.12389031773455939
2015-01-30,0.2589598789722504,0.2370907980893789,0.29799909418086956,0.2096561999852609,0.2433954000096749,0.28490250015042506,0.2451682601361816,0.30329629683031667,0.2985181255807779,0.29304393521258804,0.2589196092946713,0.22304777823242736,0.2616047516231241,0.21146452862853538,0.21899324550649663,0.24126458719357632,0.26809761568711094,0.27000172513313464,0.2704257996389984,0.25357216587295256,0.255520550213088,0.2919631169526258,0.24219675565605528,0.2851704675111057,0.2523024561023539,0.22685052840282827,0.22407341211941084,0.3485385338556559,0.28820809380750384,0.26070788127309097,0.2059326681048002,0.24698735581842723,0.2480552480090431,0.2768291755305872,0.29012463216636053,0.28391962172358726,0.249981232341653,0.1933904035867099,0.21231963783144941,0.23942858818987778,0.25843687032023555,0.3025440990256603,0.2659901692271385,0.2719873682473431,0.2143873117703561,0.2220753400923693,0.2339086594224623,0.25542261037996355,0.19024340285738087,0.23425318888619454,0.26555217433890166,0.2429181297568857,0.2777036738375208,0.21690093510171268,0.2648730585417036,0.24149477065924446,0.2878103685968461,0.23742619380715058,0.2692216865637322,0.3127914890782558,0.2063963001562476,0.26112101833566165,0.21874488860962446,0.26154360137198546,0.2494910360195174,0.2753312429559477,0.1769210997698881,0.2539970772161395,0.24907839611346003,0.2105114795924969,0.2680742493309848,0.20293531148598115,0.2927869052952005,0.27431008347758407,0.15325396395318877,0.2537914398597537,0.23986012004344134,0.2897875600503282,0.2883338744053743,0.24106920468384074,0.2756011989426816,0.2052802077720614,0.22660990465038033,0.18539562969597692,0.23233714768385108,0.2401877461857206,0.3088395919538583,0.22694150804476615,0.23335184412754154,0.25781293889601625,0.2419561319036074,0.2289087563679818,0.24920069661573724,0.2869318930378059,0.2728320371634774,0.28246991333073995,0.24898592500198213,0.27741386606976665,0.22550422856475194,0.23035945907385572,0.28633431090879274,0.21285308677024406,0.21602295669918586,0.25173768630322,0.28941419550882325,0.22153443380587487,0.13047574398230938,0.1637564360033927,0.26889207179539965,0.2661427962767283,0.26105539367590314,0.3111533583668594,0.2623927446967396,0.22182576752268163,0.2590105889366093,0.20072197068867112,0.30100639392995504,0.2887460171549183,0.1954103505003376,0.2740699568816495,0.27426732801743836,0.20153631305749273,0.2456833142839833,0.23998676568703586,0.25723424871450934,0.20973889837079432,0.2513479155967755,0.32816207700063565
2015-02-02,-0.08262226213377785,-0.07743814261684251,-0.1059121458921431,-0.07477613569108632,-0.11954945017498125,-0.08411075446978404,-0.08197446470097357,-0.1080031942439273,-0.10915436458595212,-0.15011201600992177,-0.1059521671456663,-0.14392686799647725,-0.09620438183101258,-0.12867280450298707,-0.11157453181764153,-0.10394538714757381,-0.13040366157306238,-0.10957520919598195,-0.10291875499197835,-0.11014967576052942,-0.13238011490699444,-0.10692286897801502,-0.15091766124388906,-0.12985181571702803,-0.1132166461081654,-0.12442359141152252,-0.08891828752842974,-0.1429325511387577,-0.13178476768843483,-0.12948491279652952,-0.14481205857906207,-0.15110036696649498,-0.0906705113593744,-0.0825643431768157,-0.10544407123137159,-0.1197428448038077,-0.1354617514282818,-0.1073228329340327,-0.15051844302551462,-0.12818459492584677,-0.08004350136328219,-0.10836611989699496,-0.0849054622183164,-0.15231343353291288,-0.10918543698775586,-0.09407430654256287,-0.14055712816566565,-0.10690422553693277,-0.09792479857408187,-0.08490223068852881,-0.12425555186256793,-0.0846345108745878,-0.133643891633156,-0.16399541371504553,-0.08389523629087331,-0.08174055166019503,-0.13666238903397818,-0.13770027571279486,-0.09865636720214903,-0.11067964664569394,-0.14121429854344641,-0.10779239907009078,-0.15164376112923875,-0.14134462711697954,-0.11341128363306399,-0.07114411690747771,-0.10045434066012043,-0.08391960748417777,-0.09060389212990719,-0.07919485192521855,-0.09741446544685729,-0.050566729536971444,-0.1083315673861892,-0.10399609730731749,-0.14883307595168,-0.04259628560549146,-0.10901739743880126,-0.12437486988549427,-0.12883413241315206,-0.1285117251720365,-0.11588091812842495,-0.10077625074280713,-0.12421082304201876,-0.10553430548620965,-0.15145658098077305,-0.06430793993144131,-0.13083867519831469,-0.10028431247745039,-0.10799499112985113,-0.1217861659464214,-0.09240907438509706,-0.13417760788334762,-0.11975751097745907,-0.13754211087384552,-0.10174521252065485,-0.13130252401244089,-0.07392248678716058,-0.095058478911421,-0.10101389247180212,-0.12901958854284198,-0.10271666009064685,-0.18840440109677412,-0.14150272349735699,-0.12175335349011665,-0.1056720183710038,-0.13230454682580778,-0.14451823794760593,-0.09935962249840373,-0.09859596245304257,-0.11288006985182732,-0.07314940543028363,-0.0887211531598152,-0.09420108194192213,-0.053124609653455,-0.09340811424789078,-0.0983493718723281,-0.13331601564932297,-0.13475131203344115,-0.10209372057928554,-0.14359029174013918,-0.15162312905444106,-0.11833762650463554,-0.13657961215557302,-0.12503564005914658,-0.11754764176117738,-0.14191263062195184,-0.11465989702714532,-0.09050371470649193
2015-02-03,-0.06895658431299352,-0.020385632708586003,-0.02720716398824896,0.02777300438199175,0.030574632052297136,-0.029423768843382953,-0.04875128389655016,0.004970262806689458,-0.05836952844886076,-0.02381607838079425,-0.03233856732547258,-0.06386454354811413,-0.021557158760390223,-0.01643018371255533,-0.03051755632239802,-0.05521117405039126,-0.04555947131158808,-0.03943514708698147,-0.045154528848596893,0.012906743043222516,-0.060539882281490286,-0.0552175704683972,-0.07091290415850135,-0.03289554772414331,-0.07613287328349945,-0.017273034792875983,0.018791448332547995,-0.002437773308493087,-0.03427422182049968,-0.05295471459075874,-0.10040924774464395,-0.049081437472087326,-0.0695214372261331,-0.00787915690292745,-0.04173785756911844,-0.06738208141922465,-0.03777503059836391,-0.034148261588998176,0.0033062100608374804,-0.019804048194609444,-0.05718323892483678,-0.06754395999799026,-0.07334009877567692,-0.06644672829389507,0.00827327465852397,-0.05485051448128733,-0.011462627082714543,0.012471292999035224,-0.04038427711263151,-0.049648258513844114,-0.08683358857527616,-0.02222878265101351,-0.08219077316727519,-0.06475364565093923,-0.033458924540819994,-0.031279714129413015,-0.04643479651409271,-0.011940391773303182,0.023218259313316385,-0.05773037868042146,-0.04035871626278697,-0.034332773646861714,-0.11014115172459849,-0.0585004090019053,-0.11706355210348421,-0.01498115086093123,-0.0706388422485547,0.014169543722574847,-0.06767926884042352,0.005121316678060408,0.007663646819342834,-0.020247861197790547,-0.00885190447198403,-0.055613164320456626,-0.053831515889726296,0.0076090312502152275,-0.061506725464695246,-0.0869477400350744,-0.0696651106151895,-0.061003376570843496,-0.013326936915367746,0.02605285655425466,0.034848915376725326,-0.05411049812121596,-0.03595844788467808,0.03158625016154364,-0.001059099212136718,-0.06277075606909906,-0.07270636136093495,-0.0774869457721407,-0.07153188060861423,-0.07942063213855058,-0.06398804361884412,0.005768338960968554,-0.02676679521014798,-0.011250561224210047,-0.045058090546353555,0.030710436704506225,-0.012745354908981871,0.005838207526879548,-0.0887598944593715,-0.11613902368554928,-0.09427311474833408,0.01222576895403814,-0.08925340271013718,-0.0723791599783236,-0.07924842088454462,0.05111008604427766,-0.07724978627376676,-0.011200865976625467,-0.013608873013779997,-0.08620673961069443,-0.08494910542429654,-0.04756204217960036,-0.025674483827595823,-0.0424572085787091,-0.06050691612715201,-0.06170206222995344,-0.0788370820035475,-0.08779157517970365,-0.04024109575572941,-0.015173533590466054,-0.08874316536612523,0.009742482671272049,-0.04106918587142097,-0.06466261970239323,-0.02296191056092464,-0.053207127085916066
2015-02-04,0.1682212181236189,0.1651340305251277,0.1331000450331387,0.15384163094521136,0.2204052883984395,0.11620197823525542,0.08868883454953214,0.11631145513372322,0.17126984222656952,0.12285448342956526,0.13915374849515497,0.15886697068442493,0.15175220236152856,0.14196718177802645,0.15146682437900572,0.15320886014990578,0.16646860368612534,0.13458745475928777,0.15886254240538578,0.15398138670854297,0.17022649048184604,0.16170156130048347,0.1250076111045995,0.1224660249516312,0.11891183899171129,0.11915514832336219,0.1735511439782368,0.09736063498569307,0.14096393056015744,0.18165169641834777,0.14043991754052504,0.13143084601789418,0.15219330815692803,0.15581736251946562,0.16586069938025128,0.1742490899579068,0.15553149250593842,0.20217873788881213,0.1364810360795275,0.1868723913900001,0.1934356167510992,0.12547528657423385,0.1863655994555199,0.16207476681728267,0.07431734695898448,0.1342427870407408,0.12944499271732707,0.1497265107166209,0.1647538756359667,0.15272962195166917,0.14954716541553545,0.14643875954555635,0.16875162754630782,0.1280131824946695,0.12728743676325371,0.14192831132868283,0.14416237810393254,0.14026355893247558,0.10911920535014899,0.17115027869251254,0.18462092564351468,0.18711324056662926,0.156415918236257,0.11919426478820798,0.15380618578918628,0.162511710339344,0.08243708860826508,0.13049647902569975,0.1244420214650995,0.22258547777871296,0.17846702574269446,0.0703941377458023,0.16413590488449076,0.1297817879398044,0.1513408644418922,0.135890123558841,0.1382058507652753,0.14366198257250892,0.1311528323334248,0.1666066183828454,0.12750589852918498,0.13392060557255117,0.16686028089069432,0.17063881246349102,0.1589144516763447,0.17723448807679854,0.16846575753278067,0.12963565473151256,0.1736773499308525,0.15008298717927224,0.14781866049725503,0.17103784960801863,0.10912632637720483,0.14994472646704998,0.17352113008697148,0.1515903241610975,0.129342158237418,0.17953965333217678,0.18092103037688848,0.14327130995505527,0.12139019916062063,0.15124368831853316,0.13358518760342744,0.15657878049869672,0.15444213586230826,0.11611882499552031,0.16433294311174554,0.13827549016134683,0.14842754886513776,0.14300536719720428,0.15645774087162673,0.14534595868489572,0.15161320360279978,0.10871548048857284,0.1672775026572762,0.1549686090369624,0.1306076619806054,0.11856815533517302,0.13320091138903034,0.11789185871969439,0.13501847391909808,0.12066371538269832,0.14647984413441953,0.17954933628061276,0.19136192828918872,0.13078651525068646,0.14041531599030757,0.15931201272785925
2015-02-05,0.24695608109246892,0.23021272292395856,0.28640521667693747,0.21337874219967173,0.250898097869788,0.2054278265560621,0.2048634556087486,0.20217395988249273,0.252311946621246,0.2681468078474385,0.25318187498641626,0.1801927693726329,0.23419450751834275,0.25555892472178804,0.20003235173237766,0.24330021697865964,0.20327736166919758,0.2588912719237764,0.24043530866067114,0.20403001356426131,0.2327112501332717,0.270922902777467,0.27176330868680565,0.21765602776149792,0.22251542399137417,0.20699448487885735,0.17292237258317852,0.2761601864419873,0.224300548487323,0.2708495886788186,0.22397949178015467,0.21741987485917358,0.2833297148406838,0.23742549428864268,0.2378651328600678,0.215554766967686,0.23004586441261154,0.20501500421535065,0.18722182008566413,0.24842334714729786,0.22771974091354918,0.25539335294866605,0.27031621631012825,0.23365227841290295,0.18813800029830385,0.19214345949325193,0.19546498179476865,0.2601265406798623,0.21670565070418665,0.23121790590912486,0.23129786256033533,0.2318376314611225,0.25909005645970895,0.18057680731890854,0.22344611941146433,0.21828977648001557,0.22025031356769703,0.21942196266115627,0.238254337236114,0.19129149062204592,0.20489577193618289,0.164528646349333,0.17960232025600148,0.2336653174975619,0.22603007235812242,0.2202431789742044,0.2307964728521292,0.1991885505399966,0.26026652632459696,0.24537269337803572,0.22903029193200558,0.14555628612964056,0.1496773749432623,0.25305517444680575,0.2668667633666747,0.2340141745173049,0.25910629381041633,0.24609377936172183,0.22221429494189215,0.17748383802962117,0.22448727802045768,0.18762423271507178,0.20600966495640927,0.23098664667177754,0.21861230930997547,0.2935452226198024,0.20930018867930292,0.20007934164124289,0.22250804337741623,0.2523722216352355,0.2101568319393489,0.21137832354938008,0.22572845126770988,0.2791016071246726,0.19686040987374087,0.2180845954119862,0.22183050301608173,0.25842644804311604,0.21855277235738182,0.24076325394086678,0.23833847623523394,0.2075399122503456,0.20572723346228727,0.2001258395091776,0.23260029490343803,0.2525601812706964,0.18766514896406822,0.21609122448646176,0.2342466638569785,0.27481002612862354,0.24252795873819885,0.21116600788785805,0.23873850551175174,0.22908318633203717,0.21873851780865544,0.26480560390870067,0.23324732872707993,0.25858522246498916,0.21058810581495507,0.23539926973673606,0.19732538855308807,0.16350446315244282,0.2242924298119693,0.19864063839472115,0.24905857198860712,0.2198726721535182,0.2571890563246212,0.24708228959114886
2015-02-06,0.2533041906240714,0.2692817350287026,0.279784468626142,0.22859991418169168,0.24253822570642108,0.23064368169828303,0.2164784837950831,0.27218758656988673,0.263392236903767,0.2771728069555003,0.2582696494283439,0.2574131535736368,0.2816849543634014,0.25777874282844565,0.2989990275854839,0.27214276151952776,0.2888003286206401,0.2953835861510377,0.2821811628509765,0.2900239295938088,0.27274452577085123,0.2860987758543862,0.28571511198249716,0.24180246829380972,0.277711912534279,0.2770889407322481,0.27928175327641797,0.28160132913504365,0.24544052721971238,0.29095699193064956,0.25300198302649046,0.2728344168664635,0.2835302522698426,0.27967409296450557,0.28407827465971425,0.2748137079341926,0.2721957803962964,0.281095239856798,0.23730598555404478,0.2459777048393359,0.26284042193878465,0.28857620336884565,0.26416799946884917,0.28006522767812103,0.253830041483658,0.2740943381744006,0.28286655233065766,0.2784216424982949,0.2707859602640408,0.23907898499216518,0.29313438080157767,0.26019905455293163,0.2533791400362306,0.2554907373009868,0.25278822055515526,0.25266145724069944,0.2666639835901776,0.24091976205604537,0.24392250037986998,0.24379862900414703,0.2293732196480243,0.3054058408245614,0.2459367357072875,0.24174511150894187,0.21619242285542714,0.2388625715769916,0.27263631906326447,0.3143143685924904,0.24812954825145733,0.2712775898486222,0.2757511780734189,0.31560795374921496,0.27703423489121876,0.26552194078031743,0.24197309267904676,0.28322515273352883,0.25890635793935574,0.2830342847771619,0.29373759102226754,0.25956451499596944,0.2772740248111493,0.2974643719130056,0.25415755354515124,0.27139712331624594,0.2765438102811093,0.3230563068906127,0.25249878568697764,0.275013251706758,0.26839986981456,0.2714176078822702,0.2808164087639741,0.265521699785394,0.2202257134081502,0.280710371010437,0.295840994460614,0.26216725985551825,0.3000808176378401,0.3273277398411602,0.23075309338034183,0.34088105334061136,0.2776441929689519,0.26330812968562045,0.24283344445206434,0.2960260785395153,0.26820731489393224,0.2352196927532009,0.2610116893368574,0.2601598037337343,0.259778518462199,0.2963504576673813,0.2675609665871443,0.2378231605974329,0.23302037334688214,0.285033337426232,0.27042326294796476,0.27284502064181715,0.28440699169567946,0.2853001187743358,0.22991780507634224,0.2832707007685709,0.2533535945774239,0.23273238444807098,0.2761473736798169,0.28143893248888713,0.2929946037628241,0.28329046234991195,0.2950886084002889,0.26291265706390565
2015-02-09,0.13759609163420333,0.09058484742075172,0.1274260327032865,0.14334991851975973,0.0747995085041538,0.11009441869553677,0.092214993323505,0.09972793817997855,0.12265961591868195,0.11710124658544968,0.07428037710131018,0.08962801260014225,0.14469185150538336,0.09286692017805095,0.10865632348626665,0.06847979464836676,0.1150936492847592,0.1835907965148366,0.11438484452349501,0.07593816032522947,0.11114135779207933,0.0980565471499319,0.08968922865228815,0.10634288693292594,0.10560178708903359,0.12291653053123129,0.09834334676431625,0.10743513554837963,0.1578364321512008,0.13328638515989993,0.13777612466945133,0.10933090510026816,0.10690997894355317,0.14778374415491013,0.1398061357215181,0.1167312991837018,0.14215210836556624,0.10599390723407844,0.09544474259439974,0.14299925176435702,0.17921481281872167,0.12243644243723666,0.08528046785738645,0.1589983321015764,0.04499500336763638,0.13835261599517182,0.14309517297992422,0.11280744664438104,0.1776280156245145,0.143864952785255,0.18108672257075809,0.13975576503294135,0.17239741727915003,0.1599483859502345,0.15025913813755024,0.12544060814589295,0.1039012340813899,0.04248286589105458,0.09293729453721081,0.09687464352897318,0.09320282109009603,0.09710336019624272,0.12648200405661125,0.1476287759599109,0.06743671168109323,0.13917252548100004,0.107092181051515,0.10298178825880475,0.05454639455895268,0.10974230589165816,0.17739450017124175,0.18329700766615212,0.047780339497683615,0.16660237801203084,0.17178308768497716,0.16103219928291218,0.1295628103344896,0.12281048697633289,0.10380965101125035,0.12630317606175986,0.1389965895831004,0.1059047470059829,0.17564933929334173,0.08406554612956163,0.1225759861151598,0.05736859916772647,0.06234180088438292,0.08323864740943329,0.11242038766900182,0.1237229435646179,0.05363562502722287,0.10168540580017162,0.1211581355845521,0.050585426775417476,0.16821038391721777,0.12707849905291485,0.10937259949798958,0.06832530846952611,0.10758938071914097,0.11118449823827664,0.1378534882629113,0.12856021672454093,0.08439428114974673,0.13839985357871748,0.09782108225644155,0.08150483528684418,0.1563260345181363,0.1410044278918702,0.11341406398001586,0.08916503607977892,0.12948930287029864,0.1196149608527008,0.16498955194525766,0.12926155023534638,0.13809859347957426,0.07880168866925179,0.12487592621605888,0.14795485989122348,0.1695033922627405,0.14811055111046073,0.12822786658316612,0.1792724137496779,0.09788904653480826,0.13933255484566492,0.11373870186285259,0.12203974313868483,0.1346092785072577,0.11804238313517315
2015-02-10,0.010736429924317722,0.07811855332610139,0.09352575201278053,0.12716198682685348,0.106009653393467,0.0994005433094156,0.07408257146431577,0.09098226645899267,0.0718899779861689,0.04748755490161862,0.0578788766856081,0.10604797196491406,0.06270870366907054,0.04501660953654501,0.07307857669294186,0.034958346027648836,0.030788851659060264,0.027063515323031008,0.040963757863430504,0.06483792266888538,0.042969578430436035,0.07455034723273554,0.08601916796603197,0.09355780465430542,0.07745653373009463,0.09243885416859035,0.10802125789578529,0.06103931533942411,0.03515861478785328,0.05468277043069674,0.08536702925951786,0.10508350075151071,0.03858174050379063,0.05403400568644841,0.04932274937689763,0.07065968674568311,0.037357233198617605,0.10098269061476119,0.06609182383242794,0.04226634829532584,0.09480689368455769,0.06650682119111874,0.06174375046105778,0.05121891617026535,0.030226122952589293,0.05355225207435612,0.08139057373199278,0.07479785146466088,0.07419511720560996,0.04151732867232294,0.06219513841275807,0.0845288406337765,0.050786808002940956,0.07373939130242513,0.0684451625128087,0.08351279599716768,0.06982993302560622,0.11655137153973022,0.06468102561072299,0.13343659265198332,0.10711273677750835,0.08789123502892984,0.03575797508463843,0.04753454937603483,0.058385935014693725,0.06402744092038068,0.035258628669303155,0.055578805106669446,0.06985692472373245,0.09314594026057572,0.05197010476901054,0.06457426380474156,0.09257935559722956,0.05570098404304785,0.06427566814422013,0.10208236131610042,0.11169188784364799,0.05198625158842534,0.08936228257680942,0.03543600268556125,0.04501709153115441,0.07114459046821955,0.07172875078932561,0.06912308793092554,0.07729602952516543,0.06820802116498538,0.0318528547593041,0.07586064957838122,0.08057552084750248,0.0744445494159729,0.06833984669065546,0.028854607291550184,0.05201324328655157,0.07763366674904801,0.050004048757280255,0.04716654649176023,0.05774054423271118,0.07399317038026024,0.009232124748389749,0.05715949973108311,0.07211916642293717,0.10945037191264734,0.027578526563171682,0.06224430186291656,0.04889859412062828,0.04381379198879485,0.06260917178223006,0.09406534497800044,0.027368135916169895,0.052472343152002186,0.08004845974212689,0.1459048292078644,0.07951320472839153,0.06467066272662095,0.08166458766743495,0.06049152846584444,0.028901842763271086,0.047975574443633075,0.06256097232129036,0.05521103652259582,0.08861157597267362,0.1063610274637174,0.05116999371741155,0.10334350021158761,0.044792241045870713,0.06752913175764974,0.0470120672194485,0.05935667215801925
2015-02-11,0.2127730439855207,0.22527064753344236,0.23138605509709842,0.20262688995872583,0.2581559956431393,0.190306181352744,0.23618101662957133,0.24379569317661673,0.1909506187842796,0.22988919612654204,0.19313240340196544,0.2530923176797904,0.20826511498145422,0.16127034674114665,0.23847149282602403,0.23089344847403973,0.20084613147644578,0.275153093150212,0.17311339080363428,0.2269545508472794,0.20922454109025873,0.21909209763356252,0.24012572563457318,0.23495962212582322,0.21116267341053152,0.2621486639035172,0.1998493501687303,0.19434970088389755,0.25126890197036694,0.21630708680378483,0.2077305741351019,0.20765056170904742,0.25462604984669124,0.2250277182398792,0.20545624502463014,0.19777264211056186,0.22400755980768386,0.2112911270945287,0.19952279342986312,0.20815883341552036,0.1865441513204811,0.1795678871728889,0.1992413039309725,0.1602169301318564,0.24307437633570944,0.18976007244479343,0.23455931899426727,0.19687900935209734,0.19440802319445535,0.21128196904576343,0.21028422373291472,0.2490685602538672,0.1504838523046322,0.22324985177299878,0.2089177464566219,0.19707325638643455,0.24227184206233113,0.20068205796587205,0.17862292114108216,0.19745331541019362,0.2101900935406367,0.17982551754473317,0.22874853705269835,0.19686936930076548,0.19696793882563388,0.2619826140193257,0.22051617421656328,0.23453497786465427,0.15981807300800022,0.24017344388866596,0.2653031297005889,0.2503530970938391,0.2968051304441623,0.21149646018789758,0.22989136513809172,0.21399229526324287,0.23597303252208626,0.24460449348336077,0.20929009343931546,0.2650151331670492,0.23691317852822702,0.24816462424662838,0.2091238025538407,0.29698901442331777,0.1708735248766739,0.21907187992336627,0.23548211290801066,0.20486482787541982,0.19245422579076826,0.19045463814325483,0.3019403857886503,0.2387382812466336,0.1852808225934393,0.22117772273921293,0.1899451614303654,0.19390023349054905,0.2093645628358542,0.2302589198407297,0.216165137047923,0.19947280969954198,0.1774726220159066,0.23010730228792564,0.20146767378606822,0.21803747601785578,0.24290398842841862,0.24095621605681394,0.19032594345797432,0.30313979081222275,0.2440993547935707,0.24140616545272908,0.18531048808072423,0.2761021562038348,0.18373263034954074,0.2173294142475298,0.24754687815113127,0.19207175675417623,0.23605955198278977,0.2100996167499094,0.24498696251995275,0.23783910545865325,0.1867747895485961,0.2199888634087099,0.24157872237156958,0.2341595260809013,0.23362905404074163,0.21623623242649553,0.18693192238530565,0.19513994409182772
2015-02-12,0.08777458319658421,0.18682127281201044,0.11168525953326461,0.15048678436328541,0.13471450360580262,0.21329881625603586,0.175360218482402,0.10271072075101037,0.10305258011533522,0.10413659570648492,0.08558707284822642,0.21557787868486813,0.09949130158070907,0.1925013976346385,0.16909768718125084,0.1996215198081335,0.11480582193581958,0.1450832636986865,0.1087025122305728,0.09632814022977114,0.13657622490183377,0.074714776312733,0.09908467398924008,0.18782250194741193,0.04668376937555051,0.14613562564499133,0.16013968510352325,0.07219709409968539,0.14749770633162462,0.10748214247701433,0.10419357226720573,0.08833607015821747,0.13083425372697025,0.1444350944480934,0.0993997495002346,0.08017089072568957,0.08769423163659333,0.11794878537934167,0.09388227571419411,0.10193301504612892,0.18739982685874276,0.09593148398353729,0.11600622554416819,0.1479666672544805,0.10699565030470591,0.16747748695772086,0.11284524387204208,0.1284349074477274,0.16805212235644348,0.13393971977582994,0.11963422022254434,0.14291571949553855,0.15449559673810317,0.16179200536442664,0.12294373053586571,0.16046547415584994,0.1284032538028825,0.20228458992482,0.09733641883549907,0.12613052210301923,0.1578150003387106,0.1348045947488227,0.12781693090452478,0.11693440780685072,0.14173966484476294,0.13784139673732657,0.05053187863038652,0.16075522675096854,0.0865147681317575,0.14037174040831213,0.20697247009942052,0.13256864611432728,0.16288868241351434,0.12575116534403197,0.13909195919827555,0.18615070252045016,0.061635977241974844,0.14953084428896965,0.12532359764905018,0.09400791633527077,0.1655159349356404,0.1650720936321496,0.13649392542523706,0.17465458569193662,0.10127851506656686,0.05299258428271332,0.12449378517496254,0.09450804392382006,0.09379461946693134,0.11574763961474298,0.09034485915798948,0.050841603560373434,0.17203074202387075,0.1418068679676644,0.10724060081789023,0.09546885378965042,0.22475207891922094,0.06757274007742231,0.09498625745055367,0.1154233114998707,0.09266239293978709,0.1862675775168005,0.08798398423171197,0.12755250122528208,0.07195603941971275,0.12231942326369415,0.14950162553988205,0.16384975571663937,0.11215032462290882,0.14767009695124145,0.153999851961917,0.1580744065221819,0.11912970982163189,0.13018900635128589,0.07873576316633728,0.009471257516743322,0.133744928115246,0.14028311020274642,0.18146401516680022,0.17038183061702758,0.13656405042304726,0.1579166252771089,0.1255602695166597,0.029115026072910923,0.13355841510023686,0.17553991378929068,0.11785285048650407,0.1512031306950829
2015-02-13,0.135328285556705,0.08788897591172837,0.04836981486530427,0.059170191576590085,0.10078700460134876,0.07869029929443773,0.12642677049554651,0.05606441018890911,0.11831910399978372,0.12371071908935048,0.11424044792183681,0.07109595928449547,0.09457932051985954,0.13473398362523387,0.14165931221515837,0.06516402589389132,0.031638745404456645,0.06912218279676297,0.04957673460285792,0.11870807533692661,0.09882040948580786,0.09398068061808572,0.058851797106749676,0.026326659770439537,0.12199577482967958,0.10187385858221458,0.10703558704076777,0.14039503487026891,0.06778705193692924,0.08619161394122188,0.08697967854621398,0.06464395145426656,0.05023514209546906,0.064364393368092,0.07089593065387056,0.08193943905116663,0.06981384806169487,0.09874810998076271,0.10896547603374288,0.09054838211524244,0.00367329685299377,0.07384430446961167,0.09701195786627859,0.020641026693689175,0.07759231081115209,0.10194230211365729,0.09481790888650853,0.07336327176271129,0.07552020699655818,0.05342017629105793,0.08307068530677303,0.11013480002867307,0.048685040707301105,0.09543197268269198,0.05008331313487425,0.05453310667205289,0.10087275143568944,0.11066862470954236,0.1341387177003622,0.05119961749277132,0.0744757483732367,0.09502950543794066,0.08024618464300928,0.04472254583412674,0.046901652916187475,0.06421015442399568,0.08511049534244677,0.08066578221066296,0.12531480410795212,0.13165450670701093,0.06820783505629201,0.09890430074709174,0.09751516242139281,0.0878737824252723,0.04833270111938109,0.05446973066942642,0.12741630972126441,0.1129520707419323,0.032702994118721206,0.07469936661594562,0.08878138221193904,0.12321427733504545,0.09618870750216453,0.11746307786004917,0.1107425978677526,0.08484539715728125,0.027579369194521784,0.09455666667494539,0.06078219389145511,0.07133406565444417,0.0943113303544922,0.10581418160717508,0.1050372029262899,0.11950770786272594,0.07238240847759879,0.1101945676195104,0.016471755236085697,0.10094653342223642,0.16574661531599957,0.13944887534757808,0.06156254654924239,0.08224406096575684,0.06783669759706025,0.03176310055313429,0.10383221117553745,0.045627735637291986,0.06093354085534961,0.1287606760950817,0.0014204442757869884,0.11678201652252389,0.07873271500406422,0.09852831948542545,0.041207825895532,0.03897931884859855,0.0627444024583804,0.11558136274207415,0.05967842144776587,0.10054884965308718,0.07296273250476118,0.060315139088863455,0.06661387196839667,0.008395900522542774,0.03675706836495275,0.17700364825152895,0.07369054752221567,0.1263400110894923,0.05656713274732303,0.05544311644222115
2015-02-16,-0.07581008532494178,-0.08361322017098308,-0.10499272651208114,-0.0861232764596328,-0.09577674971011721,-0.10113088518690672,-0.09076773135624643,-0.07715584930146288,-0.09532366298449764,-0.037912754776949525,-0.11811296126885196,-0.0996443751211506,-0.1229638812759108,-0.05492760734542895,-0.08382104423961965,-0.07209284614624169,-0.1484678438567432,-0.11718750753141625,-0.06389486845545704,-0.09636016415271793,-0.14609829668318386,-0.13507382903598097,-0.11532503188482689,-0.14460793056018842,-0.1514003753872426,-0.13286816429509254,-0.06620657477042666,-0.15152569724752035,-0.10769196657960195,-0.07318603837358763,-0.07091867671687013,-0.1471992010250084,-0.09984681812621465,-0.07266161458904072,-0.12421709987868833,-0.0952658221259079,-0.11170997822296866,-0.08438595662517936,-0.13913425730898013,-0.07377601513120288,-0.06478368964911925,-0.1620546615394712,-0.07294696282475006,-0.09360000539852363,-0.04334786745576465,-0.1065775660374398,-0.08295535938939332,-0.1001051739612488,-0.04968529752857959,-0.10673373635563206,-0.12125564791889405,-0.10371637156586772,-0.09050359143535332,-0.1341695836133615,-0.1136322227567674,-0.08388466918406835,-0.1022626379866458,-0.07644826279804849,-0.11924290099177888,-0.08440716493999559,-0.09985905747076415,-0.08012308534711612,-0.09970607203697963,-0.16402317876014175,-0.042842723957414335,-0.08586282654783717,-0.08686925748729851,-0.02471156664044545,-0.1245872813736626,-0.0734289699796645,-0.07151250953172472,-0.07274837587692533,-0.07311855737189961,-0.08299777601902579,-0.05888199404434695,-0.14407193860392356,-0.14480266145077386,-0.09571890885152746,-0.0986456562961679,-0.051767568437809955,-0.08907492222818694,-0.08517468454984883,-0.06556454124008063,-0.0754996727171769,-0.09926262545445837,-0.06338008481400843,-0.12374280483825252,-0.06843151979751166,-0.12678909005731173,-0.13770366007319412,-0.0632219864671965,-0.10349657630322674,-0.10357369744801305,-0.05437619116020685,-0.08461346400229897,-0.126364923760987,-0.07979724851039396,-0.053834415118083026,-0.1412377365330267,-0.07580622926770247,-0.1635874442920991,-0.06158316214048744,-0.06932998113427218,-0.10904544267060168,-0.09887894775914648,-0.1491426538736234,-0.13231096402401146,-0.09718044822852558,-0.17659392536031013,-0.09839886863285172,-0.11110072117915681,-0.10281983825772689,-0.09449846673528414,-0.10340788698672247,-0.012414576281976099,-0.051472580059002314,-0.13514323806628864,-0.14597683088014543,-0.0471904284947425,-0.08893417613895192,-0.09800555079444154,-0.045272040018183066,-0.14557772895587626,-0.1216124504496167,-0.06986790111915668,-0.09638022266807009,-0.0971495060873135,-0.09651904072868543
2015-02-17,-0.05784680997145172,-0.1217842799668949,-0.07235719532775428,-0.0963614068508834,-0.08308477759223307,-0.12106705124612098,-0.04359092512897217,-0.07411170644577651,-0.03656131245170947,-0.09891008226995449,-0.04184027007934119,-0.13220337676007307,-0.05119894806492352,-0.1669349847601308,-0.1135322936096035,-0.0985900285934801,-0.0699047358309144,-0.0322502279902834,-0.052367336787474586,-0.029138408888368064,-0.06705124522138374,-0.08548710819998659,-0.006160069255034104,-0.10145123133979328,-0.04021686528662172,-0.02798541634955243,-0.1037802966481129,0.023242474634372862,-0.2141602543478633,-0.10782916845893345,0.04337498529906174,-0.0008541191486635706,-0.06477616487054172,-0.0714163146402874,-0.042900688886937044,-0.08986374582406403,-0.06363862469512072,-0.09539720396551876,-0.1326930974457628,-0.10081498005523577,-0.07866957928424305,-0.07269267327779369,-0.08255649622263078,-0.05870671322270218,-0.01291204500812626,-0.03688907826496635,-0.07809888116233692,-0.08621976119432555,-0.1441417644994068,-0.07497546576541822,-0.1809209448152223,-0.06186097716675094,-0.06900241582736011,-0.15890279430114107,-0.05201257849547889,-0.048368593865740404,-0.07689578782426454,-0.09703603303180328,-0.002458243599426755,-0.16428200970694554,-0.11033635747583787,-0.05111025849192459,5.976906006449365e-05,-0.13298230257510713,-0.1174230666163825,-0.014092001935851101,-0.06225044007426796,-0.022837565047223465,-0.016802818014905234,-0.10359520536533254,-0.08898841829924854,-0.04205235384086036,-0.07246130917431823,-0.1530261460728644,-0.08534828973790132,-0.09098200565752874,-0.11840250798776195,-0.09690878277489175,-0.069823758394698,-0.14639756450829253,-0.09322238139284944,-0.16389254679942847,-0.09392418584005834,-0.08770049145656848,-0.029959723365876354,-0.0536321272198071,-0.0787659809940245,-0.0341358454336084,-0.13413912309248444,-0.05579538158730264,-0.03205356850232926,-0.03349188201226837,-0.12329585877626789,-0.00025642854801863406,-0.04905883010777552,-0.1398075436276332,-0.09907974927916982,-0.12951955315975774,-0.14091423525592414,-0.046587090268979364,-0.0490703983129493,-0.10121215509953531,-0.0716168301966328,-0.09464912669761479,-0.0417670047799073,-0.07495232935507068,-0.11743463482155626,-0.08493191622718863,-0.12729845776639334,-0.02852912199271976,-0.043232310768585205,-0.08891129693142338,-0.10873920059927027,-0.0366847066402297,-0.11650532233926318,-0.04280814324554686,-0.05826712142609881,-0.05864887219683331,-0.04681845437245482,-0.08765036256748214,-0.14495153886157092,-0.06862837719340813,-0.0574843395426735,0.03123614222755882,-0.06729803359842423,-0.09161825694208625,-0.10631758964956045,-0.12325344202396407
2015-02-25,-0.07653379726181418,-0.09469042678248321,-0.10010421834520453,-0.07322644218451382,-0.06278034608309441,-0.13916167324520148,-0.07970972490452864,-0.1037911739202642,-0.11677247130917598,-0.06633014159336645,-0.07716282844656994,-0.10718290640270427,-0.07202752949115782,-0.07241873584041812,-0.15217451720265307,-0.14608551535115938,-0.10726402295119072,-0.10817642740555133,-0.10581487688257751,-0.12159124152428076,-0.07010465486836066,-0.0962298442447863,-0.12789489719146882,-0.10292567486901605,-0.07164753454337021,-0.09727251618323396,-0.1105128218697599,-0.11957267829038772,-0.09800125736587514,-0.1028037806955575,-0.07084139551849407,-0.14101007615451924,-0.13183464710070647,-0.128083344152393,-0.1236076095602155,-0.09257421174331422,-0.08063144522985903,-0.11103336015806825,-0.10203925853130183,-0.11170110119620395,-0.08276818043270404,-0.0877354185757866,-0.14727089682276817,-0.08347842558255522,-0.1128569258029741,-0.17210131122071393,-0.16619113629857046,-0.06561055266100445,-0.0707522066923907,-0.11855199725684132,-0.07231258533711274,-0.12538637785190532,-0.1025425788952892,-0.1253242812123331,-0.09678182686197431,-0.15999045363773687,-0.09557910587845574,-0.10263217388167659,-0.13316761318981746,-0.0442480620463662,-0.09873760735698718,-0.11266673984064438,-0.1089247288187401,-0.0684031457895352,-0.1337961495538778,-0.07857079730374639,-0.0748830973003012,-0.11098630066431725,-0.09539540147733234,-0.057566855267148075,-0.07319926063030359,-0.06912405298904228,-0.10707364982922438,-0.09472771852895648,-0.10204880014957649,-0.11247349665563895,-0.12023679436424148,-0.07741186468353808,-0.11188501588844767,-0.07325291181807866,-0.06439877482082995,-0.0806045108751749,-0.1471758770362861,-0.1496376535097953,-0.12511685503080694,-0.1519712205103806,-0.09212885671034532,-0.030463774105955202,-0.10969569157533114,-0.06453497374099548,-0.15853734610797893,-0.13314636467180083,-0.03251855070134925,-0.09450915520299649,-0.10132960067212536,-0.1174844089805742,-0.11863618789867035,-0.15088898370347098,-0.13143246784246326,-0.09504578367266657,-0.13519161122654416,-0.07860408988695457,-0.13238876085836818,-0.09553569151530612,-0.11347345679071863,-0.08274467513723528,-0.10493346989445752,-0.09833889176116746,-0.11067656993396431,-0.1096418075855716,-0.10773226144567369,-0.1335935176329137,-0.03558045600568174,-0.1420877611283718,-0.09903841958392705,-0.07915536632346423,-0.09962928429558424,-0.10695128361908735,-0.11818152978788367,-0.08096993413815194,-0.10885629367373854,-0.1233843651241725,-0.1143109723347753,-0.13996881715453285,-0.06959489391203792,-0.11705776569558776,-0.09780850498832575,-0.0972639171253006
2015-02-26,-0.0980870180514244,-0.08097700965386709,-0.08458687658617649,-0.02238279554599002,-0.10874484689499475,-0.10051240674267105,-0.08505489177282206,-0.10435437281141649,-0.10052590254619945,-0.08973793559717667,-0.11060244785208231,-0.08563521132454323,-0.12378640192037915,-0.08382195372190612,-0.08359107908297388,-0.0586609560151379,-0.11732817793905681,-0.11621718411287965,-0.12087853825299222,-0.10453711113431956,-0.06904983277410656,-0.10196079565705822,-0.09039489203321985,-0.0775931584005666,-0.10372729994032907,-0.07881260064795415,-0.08991170490173508,-0.08236488893382214,-0.08503464806752944,-0.0958982879149079,-0.08216775380371087,-0.12855813245363468,-0.06682302519192065,-0.08319825480170082,-0.05220851594961347,-0.12115809418322336,-0.07880537075320679,-0.11490327124079332,-0.12001336084822518,-0.07219049905235839,-0.08375977662707886,-0.08055886122593241,-0.11410219890278618,-0.07879910484442573,-0.0880716858544025,-0.08725711771286696,-0.06752432498241426,-0.06640995720535499,-0.09891941993333675,-0.11105021933343527,-0.12372470681853504,-0.10178294024627324,-0.09679624084252964,-0.13234225936440128,-0.10850722435429828,-0.08770537118720308,-0.08846595611462503,-0.10365697892639954,-0.11917398442821707,-0.09194498146705317,-0.06679568037133281,-0.08616684958496554,-0.11857364780753482,-0.07383602309685681,-0.10702172198020801,-0.05636811539425945,-0.08097530316338016,-0.03773138380057692,-0.09648487337541012,-0.10441992385712587,-0.09042766755607452,-0.04826725932633765,-0.07011118132301855,-0.09684058419698008,-0.11141701599361786,-0.0905255230397492,-0.08820712588266966,-0.09897822307728192,-0.08747208658335504,-0.10009066288240857,-0.13566801094818545,-0.09950078739818566,-0.09775540687901231,-0.07507233509865484,-0.09497478935917884,-0.0695699032029331,-0.07903624539213903,-0.0926853226891825,-0.11811382650160294,-0.04074286686627178,-0.13092279002900353,-0.0964458319437744,-0.09635425327697454,-0.06840107021877707,-0.10439678819393432,-0.07505160940037908,-0.12012855717119972,-0.11502114624468424,-0.1120966260998694,-0.07109180461363218,-0.06215829710092599,-0.11029252636391228,-0.06614823501550068,-0.07160825152870458,-0.08213064034400779,-0.09304151550373561,-0.10684049261854095,-0.055782493919723536,-0.057222688953397036,-0.07050930752710634,-0.08011301771651205,-0.026966061428691672,-0.10100789552935657,-0.06603207470655979,-0.09863649005222351,-0.11040386674302156,-0.12474797792177761,-0.11864787472694104,-0.08548145556291611,-0.09313357616351862,-0.08816760245805078,-0.09896810122463562,-0.14077424461175203,-0.0515211939556314,-0.07582858208922837,-0.040394385939449176,-0.10304672584811121,-0.09459883483231629
2015-02-27,0.07961844724338651,-0.04671228700567422,0.007088382829065626,-0.010147091251522787,0.01155184926829741,0.04299107921249165,0.019707598484672444,0.06880934423963811,0.06347154832351345,0.0683741074603469,0.09208535412573084,0.04680458242151945,0.012806950678346496,0.07517835730891177,0.025437734088884646,-0.0038484474687161797,0.03132066045614813,0.07551984707428036,0.10353598553837913,0.06715973418745186,0.08790312872826696,0.07877930302107641,0.01958686004257671,0.023860181510124787,0.07602449038315955,0.052108398057533326,-0.012505225070554358,-0.026590171673918195,0.09360241698599561,0.08499215139877715,0.07522029042053784,0.1143795508120271,0.04270670523709651,0.06854979273836644,0.06923952012614687,0.12406899153638071,0.034132347889144043,0.02142854302560189,0.06063793035512691,0.07128195185620947,-0.053037674370350014,0.08777636541381116,0.048424791096588565,0.022321670104258166,0.001634668368733286,0.05846584337187566,0.04309856293539524,0.08872443932839125,0.04340004754829298,0.05795830812426365,0.08671574688354503,-0.021463246290395872,0.05432675606050988,0.048316584389001785,0.0369840404746108,0.0568412967887073,0.10358972739983092,0.00775039580398975,0.05410504727717911,0.08668176660343425,-0.0491176573365482,-0.005301164692175452,0.015473077195123195,0.12243842008085226,0.08515554593718218,0.04039074430188688,0.029324499745810848,0.005570356660436948,0.0444960923280363,0.029308594082780273,0.025323261514043377,0.04720776687985511,-0.015013017941708506,0.013000228583657436,0.04508701180911165,0.07797703101760994,0.09576438218368194,0.05934981264454465,0.056011551367278915,0.0807395554921477,0.017120036303471017,0.0009425312591540495,0.09749255657144346,0.06784271371818902,0.05784046162090075,0.13638334865056814,0.04782519579931474,0.04365791208530384,0.019569990399968526,0.06280567943027889,0.030110143101563545,0.05148711321976326,0.15106885453078342,0.08941368472638288,0.038458206243671904,0.1272853093970787,0.056819366253316655,0.014312445783679953,0.05765971545009874,0.05454678439909951,0.0634117815897016,0.06338021125853485,0.049465407050619296,0.09261698886278312,0.15172267367929787,0.13536779616555533,0.13331090474182855,0.004192347183028785,0.05640099911663363,-0.01623534404611883,0.020448657784960644,0.05555486604238586,0.1444672813884112,0.03251816408643498,0.06280182351196845,0.06481702281896354,0.067442903188375,0.04532872968819752,0.12476474379652121,0.08097042860098547,0.1169454234527323,0.09544169002007678,0.11586432035644192,0.02543291725559801,0.12806974777835936,0.06355396857739916,0.17180140430135044,0.08229831046914415
2015-03-02,-0.00958681518340096,0.001391149858619023,-0.04266001561083422,-0.024316972217622804,-0.06606100449170013,0.025254423913834943,-0.04039009440443354,-0.0061094180263066775,0.0016960003969639416,-0.06779946453291999,-0.05198491680888126,-0.02737358952939439,-0.020879649331511638,-0.07090808298203871,-0.019050545105925208,-0.05672083690470715,-0.045468554102234146,-0.06047875395868322,0.06866726332956624,-0.006925692760260349,-0.027914115113011867,-0.07183217658792314,-0.0028538605835832067,-0.037072040181962584,0.013327557549812848,-0.062213874477321164,-0.024913557044538175,-0.08920580428306685,-0.03696899205657744,-0.07484967377802074,-0.004839922370520166,0.03230367900962656,-0.04668032372481879,-0.08041331839950977,-0.01170407250034216,-0.04047215124501801,-0.041399584373484365,-0.05933711431031904,-0.014652870940182984,-0.0249304902233881,-0.028084907839344666,-0.0073292979180188565,-0.039469345028555904,-0.02324593961813362,-0.04023218269377389,-0.08020960752201227,-0.049243168769119855,-0.1031478339879541,0.05955609157676248,-0.020051924805848505,-0.008522938703730188,-0.07075064834603362,-0.03916305839290295,-0.05850318781414661,-0.004671515017460173,-0.06976167258712891,0.013172031212426,-0.03594734954592873,0.014261192648788498,-0.04617319336702057,-0.07806706524837934,0.004019353964675445,-0.005024550261835228,-0.024957206404043513,0.02989015833220305,-0.05364465953209857,-0.03659305722878346,-0.06958944863683243,-0.04337658174198467,-0.023086596683510284,-0.09364927761564693,-0.009710377518932228,-0.01434372656402753,-0.005778805290695985,-0.10718961046139391,-0.07219904699728046,-0.030517511502950612,-0.03115011249489834,-0.016011102481717818,0.01702631734662338,-0.058156354540280855,-0.038907154244491704,-0.11730550143670289,0.04333936991892893,-0.11462386480341617,-0.06352773807598183,-0.0009832508630499813,-0.04709537867428676,-0.05219721503016085,0.020431676230878968,-0.03395531146371634,-0.0508475708324081,-0.017658918338571115,-0.05780904419176053,-0.025869850218218485,-0.017727140014173318,0.006334120188604854,-0.06032132651707452,0.036767189477698185,-0.07910136309946732,-0.07438929673636949,0.07064521484737567,-0.07491503300569557,-0.049515101322219555,-0.00375171508346679,0.02742511359208696,-0.024197703553982586,-0.04816545712446682,-0.06985422507011371,-0.051220166137620156,-0.05997353189950325,-0.06017056373183689,0.038666423677505064,-0.009197522265279277,-0.0384903831299721,-0.06834857746031957,-0.0024354661115333115,-0.003398202764437175,-0.016684254819303225,-0.04037673631410583,-0.06427292868640594,0.010625406706380002,-0.0030723607753720913,-0.06960137550319645,-0.07617117057115437,-0.041077081907001205,-0.009089226318693957,-0.04822509145628693
2015-03-03,-0.07842937843440374,-0.04979655803696393,-0.08095837885626532,-0.10539044125080765,-0.05838342311798996,-0.08089644316840383,-0.07109686777730821,-0.1256412422274637,-0.07451779030335406,-0.07041003232826062,-0.05114273151566185,-0.10310556865697595,-0.12072157245312766,-0.08658127173246834,-0.07183913205206843,-0.11111551596223739,-0.03286375076500841,-0.10542996441348967,-0.04731259965892027,-0.06756871066510983,-0.06031065928852808,-0.09030825777440557,-0.11179343460019209,-0.12973068459058254,-0.04869759731705239,-0.13612331515950768,-0.03951858854093238,-0.01541210548683932,-0.07460430747044464,-0.10605703312872541,-0.10638791911874028,-0.062023650997942235,-0.09347613566132863,-0.08851501476515534,-0.07875158860822012,-0.06806900792403313,-0.051192135469014396,-0.04199793925265827,-0.0570042093373235,-0.04495446461719018,-0.09988491288817872,-0.05353436484771391,-0.13355069466175923,-0.10034593612117104,-0.0799249927490667,-0.11968890933061226,-0.0729563843825192,-0.09508646354572722,-0.09411694108554532,-0.11920571456733489,-0.043301721631376695,-0.06637601879085439,-0.02493381376468867,-0.06116691414834075,-0.10055222775077972,-0.09283026934432947,-0.08057278702522105,-0.12199547146494016,-0.08591757179328341,-0.08102103752881003,-0.04180710655984929,-0.07937335543577899,-0.09272664153973634,-0.030345595113394942,-0.10163164388280926,-0.13397653264016873,-0.08595107008360538,-0.08040000337392891,-0.08785372477491442,-0.12876694600786628,-0.12352651202908031,-0.06944677573533316,-0.033292962671939555,-0.06038705467005372,-0.08114201696580016,-0.016997610897114462,-0.10211291068693137,-0.08973758186446007,-0.10767001195696248,-0.03697849759203953,-0.12097437609735606,-0.1051786067386277,-0.16480604550152422,-0.03921638090693619,-0.10483976791709755,-0.09563978782327576,-0.02872032554554336,-0.11858491171935362,-0.06594777086350084,-0.0377072661527132,-0.1069590770184746,-0.12485391190745018,-0.024198779336760536,-0.1391075549368959,-0.09351686379848267,-0.02859428521577077,-0.13207893884164212,-0.09743640476104763,-0.06970753221107685,-0.08546715233564482,-0.052332041319539,-0.0434829497919675,-0.08911244110837956,-0.09640518760789864,-0.0902282474694639,-0.03669195466259476,-0.07038448686945394,-0.045028932039560605,-0.09454976791589251,-0.12957909880200327,-0.13576567873621412,-0.11868829852905237,-0.036479879155520416,-0.03248514778590182,-0.11190742518524455,-0.08174113027328518,-0.046262343909113456,-0.041041912506562896,-0.02508323059921832,-0.057263278848806366,-0.10030207505038975,-0.05624049651696145,-0.027618255893439973,-0.06523322886203402,-0.09245913720694938,-0.06744651811179103,-0.07208952574735279,-0.0810735744157898
2015-03-04,0.22429569373692038,0.1265614399967044,0.2361712277678692,0.253965430878387,0.1916208042242038,0.19660073472353468,0.16364122955461846,0.2096207562661619,0.20165272286994737,0.21365044160681768,0.23671997446487733,0.16333878023325468,0.18338598883695376,0.19812454911316246,0.2374779052343506,0.18617840340798292,0.21627199038593697,0.183537092999898,0.20623019092571054,0.20812200540595385,0.18939858494747475,0.18886767191563067,0.19890272350255173,0.19184107408852766,0.21166319291839905,0.22750792242573092,0.24086340966982292,0.12640525967845162,0.20064825372935455,0.22294611907585507,0.17131042856159703,0.18927374929132618,0.12360730221149308,0.20281793599249215,0.1654711081977378,0.1992208375298028,0.14961505190307203,0.23592468939674963,0.16925907507677782,0.20452490694326453,0.21821320893859425,0.16248324629632938,0.1501997069258835,0.12479733786798244,0.18766655046728256,0.23801725310782637,0.22703581228983327,0.22118010423366113,0.1606364979699467,0.18825241046747,0.1615293862055265,0.2379068771801892,0.20466058739579662,0.16141322638648478,0.19244500874935438,0.2059973892966768,0.16367593290304583,0.22032797078234492,0.23680914279069776,0.17670607625563103,0.1959917863907488,0.21555695681104758,0.21253005364265834,0.1680345770673363,0.17636747761298877,0.21108142984128986,0.1523019104559679,0.14891881597524748,0.21832286187980582,0.1762660185179337,0.20002793137621486,0.22227856160957818,0.2535527854204892,0.21943987590731245,0.22511531934804233,0.27757931131052926,0.17409392630004417,0.16924172340256413,0.1598419358882445,0.12159595397555546,0.2283689992585856,0.1629883728123281,0.18162744485449067,0.266937192121604,0.23636980803942598,0.19052668476684015,0.19541286802632205,0.25188148180004494,0.1698338492851065,0.17094098249813042,0.2142363016070051,0.13226845453236483,0.10778860021548177,0.2279026730140925,0.2357451477677329,0.20794222278146196,0.18624829209578808,0.20253259734986695,0.12343860537885991,0.1981168372579564,0.10523284320108942,0.15837282747148487,0.19927867644384847,0.1943720085689755,0.17715239987568332,0.10509571677570617,0.15135359326109432,0.21256090106348266,0.17834436349597418,0.22693796812690603,0.2088408949084463,0.22081933400730136,0.17466629055362096,0.2342480838758512,0.19931145182847432,0.24000498378719534,0.18283555517161926,0.16011016385213123,0.18306088594092215,0.13456994538242134,0.20337487653565675,0.1883704982503132,0.15880252240374906,0.2310541708431551,0.21331834984200554,0.1851826101044969,0.16631531534732918,0.20299795961245928
2015-03-05,0.07513233694813622,0.023776036733948736,0.09820041636896626,0.10258956591997484,0.03259087095674145,0.026145480533220952,0.04867315042106733,0.07105117608680875,0.08641953826561066,0.022580119939115725,0.018451232016917583,0.01979604138832589,0.045941521921546845,0.024400459870136608,0.08816083025206449,0.048714414442445106,0.006560979399066685,0.05570816890909439,0.04674766180906572,-0.008245970418167806,0.07689227231774264,0.059172606655733484,0.024546126837169006,-0.003525090886495592,0.07420066494738975,0.05573426964550804,0.0015113569275716238,0.013367554298863757,0.030250007768099677,0.05768511325859721,0.03575751172982285,0.053176646055411926,0.15872653264157927,0.06954429357119375,0.04353627691641805,0.12257502408113125,0.06788453531372736,0.06871180436881918,-0.0024022620638243708,0.03466053506512325,0.03670907000593209,0.039047447410153514,0.07457552123797824,0.04826970760964484,0.12143603765972777,0.08178454463542967,0.04181337973467481,0.07235596432904945,0.06224354472863149,0.037755585246898635,0.07621688469073408,0.07087965696180473,0.037771742845630896,0.031130472609786967,0.05484535313679158,0.05950967902313269,0.07255084982760474,0.056372121927769366,0.09273318211485274,0.0539420190784371,0.027992432274156133,0.08606332535817479,0.058841003014059055,0.039122269521205996,0.04597184849147509,0.07989211695621869,0.0654845104558813,0.033365192803679875,0.07251306590441546,0.1062135910264003,0.06498163626764489,0.07205841593393379,0.09804058043073788,0.027588726967675038,0.05187907303599219,0.05606612186562452,0.05675070689498837,0.08317906969524493,0.043792561290155935,0.0894949507504653,0.04214572911167535,0.037172917378769044,0.042706273498463836,0.03209073113136742,0.06432489202378892,0.06460454277107808,0.08006835907162137,0.060710312898160805,0.0430880899854293,0.061814498337679415,0.0325433924743128,0.07534661156517022,0.039200571730446956,0.02666848957526219,0.045464748469724085,0.07898132554460316,0.12186732125665817,0.026480812851525908,0.0030000932169180804,0.06226592452738875,0.04763036385673132,0.037453065282942274,0.058085821707157315,0.03796637976574415,0.07076655377067889,0.028905695553575445,0.07121896653518224,0.05004132616602691,0.10907025448226428,-0.0017007737004021463,0.02417077338969645,0.011008544883953442,0.04250094770534309,0.06435944442723177,-0.0006584842929502025,0.040647049684647496,0.027628002361516538,0.06609626200172895,0.06413124941744382,0.08101792872019434,0.041108162694622065,0.08660597209713677,0.06239045458787407,0.005604449554116748,0.0025877015815823357,0.02096858589940407,0.04197197278069301,0.07333088897870997
2015-03-06,0.24877534343007482,0.2688140596429115,0.24423230970715418,0.23153018920567411,0.26879467046418604,0.2561136504192596,0.23870390797823346,0.20532717685673213,0.2518398279855665,0.25826038051507616,0.25579099459892957,0.21273284881302743,0.2221045337762487,0.2612182245875774,0.25628666155250285,0.2746887322175331,0.27209008510988303,0.21314424741290888,0.2837253323997029,0.265802182627579,0.26589076808121603,0.2715576284325742,0.20907674572719262,0.26443807115208773,0.2255911058378423,0.24646256241901915,0.21041609053454083,0.2692918288930458,0.2877620102628299,0.2677575979815845,0.22543947251704008,0.24352833337188873,0.23097060861731955,0.23208200628503559,0.21009119750128097,0.28653999484469256,0.23367912773774766,0.19921983413740418,0.24270901628112782,0.24961330396191797,0.21294637835822267,0.2761573382163849,0.17888506008018148,0.24238486898551123,0.19575563420510922,0.2448564921145876,0.24814519512149508,0.2506024006561345,0.2758262307027643,0.2451058170666608,0.25849727650642784,0.20333481445307658,0.2182132747535632,0.23535753459357822,0.23404702497510385,0.244527124655468,0.2567117320091779,0.2097169154009231,0.2584746557979147,0.26024727417601423,0.26925255337716586,0.2206068440093086,0.24276743239651885,0.19739650559956093,0.19134807615405286,0.2337686162549424,0.2523586128060817,0.21466828657657852,0.19338891150452225,0.22305733790515844,0.21372890572524797,0.18544953997484603,0.2041944013765751,0.19444089873998957,0.23057288187423175,0.25255697901919677,0.21652765910051408,0.2714788288215999,0.15522106460409926,0.24977612334736957,0.23630934440563026,0.23126741219934888,0.2932589882270979,0.22483915371419186,0.23528296082924924,0.23148193606140183,0.23044734937094463,0.25494632242829685,0.2795753024147959,0.24833486106210503,0.2492307405509104,0.22953928950063224,0.2117904850111237,0.2778971441381797,0.2545483471059946,0.25082491022784514,0.22888900627568365,0.19709821054224508,0.2317136118892505,0.22295246518722453,0.25197157496921435,0.2229989217897674,0.25766329324201553,0.26511644382826693,0.2399721591302547,0.2506347159540104,0.20586957670261816,0.20533291969930254,0.23297888009069864,0.2239502344433906,0.2430291863093135,0.2221987452985176,0.2448569892730165,0.2422126035899113,0.24049492121820076,0.2321086042609796,0.26036907799108494,0.27687299777472857,0.25825963477743286,0.24736913081404494,0.24360290713621766,0.24587541831453572,0.24228692877502583,0.2310996212296087,0.21237837485325042,0.2126006046709507,0.2361905235411328,0.22806322612534755
2015-03-09,0.12654693010170745,0.08445319603698498,0.08436855631583975,0.10386480560836688,0.08012060663978679,0.13805479724693998,0.11505776013464022,0.13558603168261543,0.11029982032257882,0.10102872612311994,0.08783491474148326,0.1078281025722282,0.13030973720747163,0.09487784653774459,0.04817844586840987,0.09418777305414418,0.14582445883662576,0.10297446272982076,0.1428397987642406,0.0667312129339211,0.10660269935589531,0.16735302941644387,0.12416131777711803,0.11062136258392133,0.12817210850907443,0.10984961195359885,0.11313494471906958,0.09180043862103951,0.0892123555381602,0.10508970401752006,0.09225310714504122,0.10922030429903562,0.11313736312466342,0.0899612267267804,0.0921123862777972,0.06313594238513799,0.09076422132587911,0.10568210934675706,0.12171370954598053,0.12393080125158021,0.11777819955768962,0.13387819206651771,0.10531948249655135,0.1290944206267279,0.0728348575428789,0.11439351827876817,0.14319061687034193,0.09060480328046978,0.11782937078214198,0.0965537041385596,0.103052203628508,0.09585009980233956,0.05879549088026728,0.09984096327861981,0.10517851561380515,0.10039966448405889,0.14564757369056205,0.08989112336596483,0.10993743948787528,0.09594161756914861,0.022787454328723117,0.08323516289732028,0.12105463401565413,0.09205162044876003,0.08057991758234721,0.11048506999571646,0.09535659270497684,0.08536740025637346,0.12872219917193736,0.12253589335424883,0.15068252695807235,0.12305326395532253,0.09190548724046817,0.07916360633632666,0.11343233571177107,0.0810239755637728,0.07909349191820683,0.14037250929292913,0.11728789066185516,0.10045403391003953,0.0963492652562523,0.050550785792158805,0.11797968625397082,0.10192373052003202,0.0867696676170662,0.05996504857760647,0.07893382785729536,0.0939068233506605,0.10434255493741507,0.11810786033060391,0.08234704693446909,0.08451247538461204,0.07937444162169051,0.10814669264754462,0.05781241293357662,0.1262667184447303,0.10475167871753183,0.1129117669091691,0.1062285097770874,0.03269718636955863,0.08760784243297588,0.13177894178645977,0.12530036955218754,0.12124357392132441,0.1191317768506556,0.07753645980494227,0.08769197973471968,0.09114580258139178,0.10267260170865222,0.1438888088655141,0.12251079977302702,0.09270848183956686,0.016200858864719767,0.10032881201943254,0.10753805029516406,0.12907670751057132,0.10829380991784515,0.09684277235361503,0.09662209644816422,0.08783589880349198,0.11394257186328169,0.11505431591760978,0.10135740283402553,0.08243635056175856,0.10507814128891785,0.06632725547935002,0.09532116647266366,0.0833552184623816
2015-03-10,0.16858768320560763,0.13878752683612355,0.12160008856615577,0.15473207677368517,0.09207077882567487,0.11614788026432674,0.08265918777817143,0.07269012429984296,0.09852230443289281,0.14756560941302166,0.06697812302054207,0.10778382567333393,0.13077304401882237,0.06182654636499204,0.013877028863878248,0.11535374036728206,0.1046038218600751,0.14415189032646902,0.07068263311028763,0.12108197870767495,0.07557540085267442,0.08863934658156733,0.09901679674796711,0.08880958970695609,0.11408085318410079,0.12517174997423958,0.16191966345049646,0.0803112103378386,0.09524586231739064,0.09144589798971034,0.12198879396805495,0.13104562983230608,0.1240740262379901,0.10587326481817623,0.08760903125045733,0.06529537305282658,0.13368735046875768,0.1446089881978163,0.11562337398783998,0.13527759839146425,0.14379811920752536,0.09043526394477244,0.09435331598948543,0.1300394240767569,0.03282764728684953,0.10482474429735703,0.10874968479223025,0.10608582270883503,0.14930395901417337,0.11018641868279434,0.09835550553258418,0.100220799429546,0.12815051263638857,0.11881567860495638,0.08627710020875973,0.09481582621453002,0.11601158735758486,0.15830962353437703,0.042598421806994,0.12043151219968666,0.04155655394381436,0.10170132418184304,0.14186787706619555,0.05889846301473624,0.06652938969581794,0.11439526173070028,0.10023310023340357,0.1439855834583147,0.09480450947498108,0.10960877293364289,0.14679311893076633,0.0815358783698982,0.1046205509533214,0.07556457614527974,0.12092403638614375,0.10292008782805101,0.06324753522661845,0.07190385691726713,0.09226709965524167,0.07183694054428195,0.15367172844791907,0.0984489916419017,0.12543351108032869,0.1111699909592456,0.08882287457512228,0.05628380414677132,0.10620538652233062,0.14429753184414265,0.07212773154747489,0.1500464355350163,0.15571956627412722,0.14162776537489583,0.07887988880097184,0.14938563635178764,0.04615532225044873,0.10718699067016464,0.17986407611791858,0.08458352553364958,0.08370524813821913,0.12527507672664318,0.10245167321715475,0.14932413233249978,0.07819399597787377,0.07205540282079238,0.11925899957598317,0.10547471877319098,0.09471643571936086,0.10147744955163526,0.0663985091427734,0.13182402470041307,0.14734567104004834,0.09025025985475461,0.07751991192647896,0.13743811158100772,0.15244361619077937,0.15144725107831625,0.11974365124797141,0.11508509081103277,0.10243494412390847,0.08204660774606448,0.10886137609125697,0.13589116248787977,0.10293386472837149,0.08903740059439827,0.11142338751871152,0.10714762809782043,0.08115209328954204,0.09231285864559183
2015-03-11,0.08317582154018933,0.11235332829034375,0.08229016366244435,0.08469226463975048,0.08606109809302079,0.08485020696128166,0.14811619339368648,0.08055132202913835,0.14097828293121617,0.08152554569465785,0.07349115264704786,0.1010380648378429,0.08371115252407076,0.09188921896073714,0.1067712234997788,0.10779465038072858,0.11530010886246306,0.10567399179568362,0.06274812259000113,0.07984377979125097,0.06769058557997248,0.08704270224085482,0.11618576674020806,0.1307277770606265,0.11092299081778562,0.12595604922819822,0.1493270845254256,0.0920589700539716,0.09293921557801926,0.09159399966815548,0.1063264264322891,0.09284425337223884,0.12483913623793091,0.10731787122320918,0.1151854653705105,0.07785449379140486,0.08010308073656854,0.09617334292825137,0.10620391042586769,0.12552010873948596,0.17329298669720505,0.06349010707868971,0.10494922843239565,0.09815524844578295,0.06510594067342003,0.10842937185977916,0.10138543953878067,0.09840224858724295,0.11545017866952542,0.09711558450374119,0.12193516246323595,0.09689859832369366,0.07114858756041238,0.11598550965340683,0.07745250352133949,0.088988197378968,0.07985952482018864,0.08429372896354664,0.07094636234499392,0.08669139128268266,0.07501645232538647,0.10043630951313061,0.0838238278874061,0.12720728699659015,0.1248396282700852,0.09107539777752036,0.05607911877058136,0.060787374455104584,0.12815100466854287,0.12856332761384862,0.07740723656314365,0.09625551229801994,0.10426530373791479,0.08924749832428555,0.09829695370622216,0.12938698944015145,0.05997847359343083,0.0836624413407948,0.09351538523070782,0.09451371847178813,0.12929793162022263,0.12149925186522316,0.08634992096759653,0.14108408719882648,0.10208068097281049,0.0944202323624706,0.07190631707803864,0.07423707339297086,0.09791316862586598,0.12111002454047019,0.09865367701809165,0.13226045722127963,0.11579952149908036,0.054752108050426775,0.0934278035072419,0.12467282936977657,0.1070216678663189,0.1237217312155093,0.13444114372914953,0.09792743755834077,0.10384461624598591,0.12543547920894588,0.10934159947385648,0.09042296314091489,0.08062709498090097,0.04567608293215783,0.08074862692301377,0.10405914226526193,0.09383865035608473,0.09962888474791975,0.11405280735130555,0.08648276964925827,0.14622236163177513,0.1304222250928045,0.08562810979723436,0.10550128850952337,0.09485666488333716,0.09656500052307639,0.11435147086896731,0.09765928003424576,0.1196555774923512,0.11792559243782266,0.09026502081938369,0.07942014987568971,0.09369448493487402,0.08198903998401105,0.11867544944098009,0.07513552410672775
2015-03-12,0.20227079830738368,0.26144891693672184,0.24529230931669954,0.2069125243293974,0.3092593382227528,0.23864093223849325,0.23254083315058924,0.250597471634057,0.22813974643242935,0.2097937631474217,0.21626442663028028,0.21962590255273184,0.21092271549588626,0.22472446252934056,0.24109985542912374,0.22549452579940388,0.2748780690853862,0.22897427775476556,0.217665972239143,0.2570392006367616,0.22810522810522812,0.22483512422536814,0.24618470959934374,0.2243752182776573,0.22710165850409755,0.26532207629768606,0.2578503813259911,0.1967498964450184,0.25025584171925636,0.2354210829820586,0.19865804926780536,0.2075251983788569,0.2423587591270518,0.2637337256239695,0.23755614304394793,0.20325507825507824,0.20922674886089523,0.2628306652696897,0.2817411247289296,0.23532818807209052,0.22184167458557702,0.1837395328248987,0.2279260373772569,0.2850670670792622,0.24560652761872273,0.26074890556597874,0.22425491175491175,0.25868491264832727,0.23449517961713084,0.21799643445984912,0.24895328248986787,0.20557237477969187,0.21926295249465982,0.23163269657172098,0.21906345686833492,0.2604895104895105,0.2302900351680839,0.23572717932474027,0.21585883628566557,0.219557881143247,0.21903316630009959,0.2309758331099795,0.21143439893439894,0.23985414991512552,0.23577134247865958,0.22715546648473478,0.19658441152343592,0.21525352382037902,0.21235979467686786,0.22047820066112753,0.3012272280564964,0.25166246355270744,0.2585021685631442,0.24265521064301554,0.21568776751703583,0.288170670792622,0.2380576740332838,0.2349555931873005,0.21668930662833102,0.23412461522217617,0.3058399933399933,0.3021642991155187,0.228147360769312,0.21373189818311772,0.24575018477457503,0.24302171405829942,0.2561478155990351,0.23516270315050802,0.2306859806859807,0.22009240759240759,0.21155115209993255,0.23264438813219301,0.21339382162552897,0.2532553828285536,0.2612347002590905,0.2749704563728954,0.20083828772853166,0.2862046490095271,0.2274412579290628,0.25160662508223486,0.21061661915320454,0.21536035103108275,0.2181659803611023,0.22910930532881757,0.2125486302315571,0.1885995102458517,0.2770608456584066,0.22026206530366038,0.24252373642617547,0.2199766696717916,0.2846787358982481,0.2296676900335437,0.22063911698058042,0.17770390178926765,0.23359668786498056,0.24133183889281448,0.2244356253502595,0.26767186065966553,0.19713010566669106,0.16518339384193043,0.2603986460693778,0.26029712157760937,0.2235523622718745,0.21697131843909803,0.22721435068996043,0.2920148956734323,0.22385084427767354,0.23249210139454043
2015-03-13,0.0769129244739001,0.058538014137541554,0.04189408152822787,0.0775756354387026,0.012476852415876807,0.07184380659990416,0.03910774185164429,0.05590496901472511,0.06054971451312915,0.06223705156631987,0.07734338831899808,0.09495281141622605,0.08154193367608001,0.08110842409622898,0.03617622215183191,0.08524199377857915,0.04860586567903641,0.03649754716827888,0.014587546599741721,0.09044664684908588,0.04031639092614702,0.04934648684648685,0.04313217270534344,0.047447978850417884,0.03455132266107876,0.08035358949993096,0.08695928055684153,0.0431281117256727,0.010142296727662583,0.041452449989035356,0.06722494984690107,0.046137805284146745,-0.0035031025884684425,0.04679923734801783,0.039252921874873094,0.05964157793426086,0.10476007732105293,0.06533557905509126,0.059414163072699665,0.036316325950472295,0.10252071385432662,0.0335310015188064,0.06641275391275392,0.043294611892172874,-0.010997640570811304,-0.0027340545633228563,0.06755541206760719,0.06512186999991879,0.04423066770627746,0.04137630662020906,0.03297058632424486,0.08424146991220163,0.07771953656099997,0.03232692104643324,0.07330829739366325,0.03137817467085759,0.04371999951268244,0.06247918747918749,0.07861701306823259,0.12486649529332457,0.055222237831622785,0.039631100606710365,0.05778266448998157,0.02134552439430488,0.0903816711743541,0.06488836366885148,0.03023602413846316,0.037291468693907724,0.08481203755594,0.05242115607969267,0.058584200352493045,0.1077915986452572,0.06960874491362297,0.09013293616952153,0.0750722854381391,0.07344992405968015,0.036838669460620685,0.07409561982732715,0.10914187438577683,0.064517291651438,0.012005778774071458,0.0647858239321654,0.057447126044687026,0.11930244552195773,0.08850042234188576,0.046172831233806846,0.05297649504966579,0.050396757713830884,0.06436449729132655,0.053405943649846084,0.0700458078506859,0.1206496755277243,0.05190744215134459,0.06658382268138366,0.10806926813024376,0.04104229104229105,0.08129573678354167,0.08600088935454789,0.06987372383713847,0.04625658893951577,0.10553978541783418,0.06324163641236813,0.02312677160238136,0.03966612655637046,0.03309698431649651,0.008671714464397393,0.05732732714440032,0.07200370767443938,0.08946998123827392,0.060119758290489995,0.0771768881524979,0.09681324772788188,0.10518800305385671,0.11430896339432925,0.022123202001250782,0.0234623100476759,0.038762558579631755,0.05605928624221307,0.06993057755252878,0.015823099664563082,0.03429141996215167,0.03401476572208279,0.08328917017941408,0.07116640249141395,0.044109345938614236,0.07857944900627828,0.061942630540191515,0.01689722878747269
2015-03-16,0.11079701959513073,0.02514636989339305,0.027067962678061715,0.06416428094535151,0.05014931085783642,0.1271983074845626,0.08707936642094555,0.1130407117174238,0.10063898270390759,0.12421551678080828,0.10175727540648939,0.10570835631912921,0.1037179679002353,0.0816008489481293,0.04198267763081138,0.052824736045742664,0.09389775388398636,0.09530615293224474,0.11114778684773358,0.08108067292498054,0.09850849043303339,0.11138814617350411,0.09308860337653496,0.07198977546454657,0.07914852391582211,0.0771383382134962,0.07819926955639042,0.09837447805287833,0.07554364165191618,0.10833149637386891,0.11036452509553943,0.04843811489759889,0.07325121775502129,0.10326973709842881,0.11914639697691272,0.112868373827035,0.0973368973519808,0.07853633099738648,0.09540437791542658,0.09945190713196589,0.11104932214600907,0.14321253310176627,0.10505631502250355,0.06735670351880704,0.046778188825223714,0.05024652059571406,0.12698637502730978,0.09870290990878865,0.06053044790465864,0.10997111754015998,0.04281492496893343,0.03354472009623754,0.06198047201038945,0.04645813274307308,0.1440407194586715,0.032536581509161965,0.12498431128741753,0.12756557247335873,0.10292176177041254,0.084645061992788,0.09027666206506559,0.06979684560746377,0.17401761374460661,0.07734824018014058,0.09941738879162292,0.10244205836417568,0.08336280717357708,0.07799545906157127,0.05841797623793408,0.050021136138180544,0.10470478633592258,0.07649670318123863,0.06604779851036073,0.0457817255591465,0.07475403461657076,0.12234568874178874,0.11533770421818762,0.09281448714439963,0.10801550127293508,0.07988635344065309,0.09996029121804655,0.058374335505917016,0.10517966732696447,0.045277656265608715,0.12003905141063495,0.11565369931912144,0.07225500830027012,0.12698256785741902,0.06339242441721255,0.11301583820747078,0.1021247942066116,0.050344244345211474,0.10305983513178442,0.08797125942068963,0.09537036719773571,0.08494735128211504,0.04563857597125359,0.028225342324855417,0.06423253990644219,0.03021725361170563,0.05747557478430578,0.08253335176004159,0.11854790987008383,0.11110946133749983,0.0689833803074695,0.1276381625126094,0.06680009528077664,0.04694724504198422,0.113873720489524,0.15076925771229016,0.11405925656886749,0.11925096724324583,0.02922383608154104,0.09565641256219548,0.09068348725087332,0.09976688698759548,0.136921819385586,0.08158384358928386,0.0868572815106507,0.13505199134656645,0.09478685495914389,0.06261626938214782,0.09114136288306976,0.09647343122075444,0.08750779993932006,0.09415359570064602,0.09682343703937911,0.10365908367259143
2015-03-17,-0.039702449905924246,-0.0738499571391175,-0.08639135736382561,-0.10167450695745597,-0.10443391064217505,-0.05492920139390696,-0.11568645765624737,-0.036125716642011516,-0.07395604161502203,-0.0641735796892681,-0.07321896856659721,-0.04529902728807551,-0.09244022957114666,-0.10217294414239257,-0.11688851618150214,-0.07872468088286139,-0.07978460410952189,-0.053488558617440264,-0.0258412125365798,-0.08303925917244745,-0.10318515051881068,-0.0926214520768544,-0.06665739403220382,-0.04325837050111423,-0.07154227966925067,-0.0812516434414418,-0.11171988175121424,-0.07198188384276023,-0.04550461584497086,-0.07415909204158534,-0.03775316581091646,-0.05019660357678258,-0.11924593163390218,-0.12708723148171086,-0.06223901675018616,-0.03880547464658082,-0.06031460633243237,-0.07373471665006802,-0.07595507306453783,-0.06278674527584069,-0.12292875874569424,-0.09114070684114146,-0.0826501532543966,-0.032591623967677084,-0.10670249153295364,-0.10586490852337999,-0.12848421841646646,-0.09145594262838101,-0.07857645407147018,-0.0668523224417046,-0.017607010113371124,-0.10458822896636316,-0.09136812331889238,-0.1109371222574761,-0.0940488965755945,-0.08327351806394596,-0.09900992612260259,-0.10337375983990577,-0.1117226736949338,-0.03282868534068975,-0.14290464216876714,-0.12298053660446788,-0.0415334571274589,-0.05526423459773642,-0.1167448580047086,-0.11691440511088896,-0.1095761626948909,-0.0791840824729609,-0.11561335950268455,-0.04512288104303184,-0.06169890261552774,-0.10125414096219358,-0.060904975447665204,-0.05369414717433561,-0.09320014579255985,-0.058977011647446564,-0.07817593710507405,-0.07494388194025255,-0.06612134090607667,-0.04386193789407367,-0.08788479325119877,-0.10375397186014766,-0.0850410720271796,-0.09800052412636727,-0.12344196869883303,-0.11237622807719898,-0.1255922727161385,-0.12131755361091438,-0.03445968789205955,-0.08265319901079506,-0.043986813906410106,-0.11945405832112957,-0.023718320326860384,-0.07835462148044976,-0.07583527331286548,-0.09283871603327716,-0.043727924612541894,-0.09891550767425064,-0.1165666812553993,-0.14251804864838968,-0.11032541876890953,-0.08386642530951086,-0.07371238110314605,-0.08127194848409813,-0.08910918732337554,-0.04232992242565349,-0.029005753434569008,-0.15140810394939785,-0.08415272641096512,-0.0720219863020065,-0.06628682700372576,-0.10465371272892984,-0.05479569573844158,-0.07654188879730581,-0.044429463836318135,-0.08312732175682039,-0.07154075679105144,-0.11006094558831081,-0.07729723638412131,-0.06809905206080331,-0.06881074380590772,-0.021681216922363963,-0.07932520251942239,-0.12393920415946182,-0.10207903332010704,-0.06970974956951678,-0.08321717157057465,-0.1248140819563346
2015-03-18,0.14547503742506163,0.1463449253389424,0.13679539591601916,0.1290879959681346,0.1660795224908754,0.13756300862558538,0.15090624535618596,0.10159036029674669,0.13631041780838846,0.09535226413529468,0.09602168804295716,0.11321690875912702,0.1441426526701151,0.1897121999232486,0.12553599899898513,0.1297959015261341,0.14974687175598622,0.10102832262306496,0.12099023033971143,0.15296302805528067,0.11096179784553098,0.17434801392814891,0.12283791987021844,0.11933742693753993,0.13139923765848577,0.14816193048778867,0.08705196537422764,0.13055257674890597,0.06390301233365035,0.14739208056501452,0.12395453784022212,0.11029287109635913,0.1449813590438445,0.14605745859686006,0.12684327725015374,0.11578348946711634,0.16404266415467544,0.13503396338364027,0.1326110614794493,0.14945379682574705,0.13123769377184893,0.15416213631146386,0.14136801113378805,0.13208879648501967,0.12078589820005359,0.13644663923482703,0.10222771748176217,0.11888501271104689,0.1326950812643694,0.10505232344639971,0.15330876376226021,0.14615193687517283,0.10883520240176837,0.2014041247271496,0.09871007258115615,0.13743673036895984,0.09869167771700205,0.13025433022209135,0.11988782608893764,0.11001570523782081,0.1578798417059066,0.14044752218834647,0.1570434183440357,0.13517490781574001,0.11777361490519504,0.18540136169417143,0.0934180690274143,0.1219388238955384,0.12471295311771124,0.0924359324291319,0.17115252772948517,0.13076313962212652,0.11454158755746842,0.11443519564046896,0.09847740240753117,0.10700913926560475,0.13866371752388823,0.12551312970841513,0.16451993630570108,0.13610832288193855,0.1136121497591951,0.09040249663603561,0.1382811712521705,0.11973913099798648,0.12753979629555673,0.15644558525902705,0.1118295879909635,0.11918554501864582,0.11680987317106675,0.10048095112485747,0.06268397971457243,0.13747799452368395,0.08994491981172163,0.18602974698299155,0.15589498223063028,0.1384481993181907,0.14150100103003738,0.14538854991789651,0.12672122484069873,0.07116700388584317,0.1059661007522175,0.13140023197546707,0.15426703675299136,0.1425853036981487,0.11047880837186284,0.12282051932304562,0.10717195867129317,0.1780235066495368,0.10694500582031068,0.11801622824863306,0.13542995012144432,0.1379259343237611,0.132807687662502,0.11957857853012949,0.14452496754942623,0.1722288758617461,0.10728680228263372,0.0974254150413122,0.13926925656550196,0.12900964537316845,0.1422591677282812,0.14854101383691057,0.15435254801338344,0.14080599096075258,0.12475148290073679,0.11870031833176978,0.11653991611064288,0.14816913928590308
2015-03-19,-0.05802278533474538,-0.03905588148274129,-0.023770265434933283,-0.00894680167650806,0.0069712357471782,-0.03522449097550805,-0.053808059558240896,-0.002476582300873278,-0.006819608259369632,-0.06366800159351438,-0.04996864421309846,-0.04519535905842737,-0.016745636076663514,0.01791925875153052,-0.02325058489979451,-0.008631103152180028,-0.03067229684152193,-0.03649634752709205,-0.057795214506889105,-0.010475776015327596,-0.046992079990887184,-0.03355762537876121,-0.04717092266881524,0.0005124231511069044,-0.001821862584284487,0.009042182119127702,-0.0693113959865106,-0.02592855960755199,-0.08477065176103735,-0.014763074274530632,-0.0561166852572339,-0.06267658284517758,-0.01843401463321909,-0.018376733137824747,-0.02334052462333225,-0.06961878905622833,-0.030897275746509682,0.017543170743307898,-0.018019825358829192,-0.016220253311214,-0.013541501026595962,-0.05530230309194413,-0.02251525638199467,-0.014893707187104168,-0.05493478266785959,0.004267601003022347,-0.05340527474447249,-0.05682868646921706,0.006130415968629491,-0.026389662685862153,0.004305702269189628,-0.045394677927016756,-0.05356260446259181,-0.025107956827377757,-0.06910636590512143,0.001540120568476088,-0.058783514696656734,0.004749440695299081,-0.06200427019514418,-0.029727800148232317,-0.008550502107756174,-0.02969954818896542,-0.017883231023658054,-0.052283490526975944,-0.004782356884710922,0.0008999156199510226,-0.029248035225268795,-0.03481859585429742,-0.006996377399002869,-0.03346146504033902,-0.020910337741805517,0.04872996427423154,0.01943449686046879,-0.058816432117086974,-0.01301767341486756,-0.0475630805988227,0.0005225316502941422,-0.05192684194026724,-0.022210187060369566,-0.03744291775867648,-0.006688716154509243,0.02557529709287494,0.02482569642699566,-0.0473681741378421,-0.02608303821051593,-0.04781708903993791,-0.010410458201420746,-0.006031663707338783,0.01151306218969023,-0.060652031892574634,-0.01912398450081979,0.035824780311857866,0.022351446856704045,-0.04918951219882059,-0.017614189429905416,-0.05471886125423971,-0.05106217647132812,0.0042349438725437505,0.02060682357390153,0.028195973732935503,-0.036021248065291875,0.020966841660339307,0.011141380450344098,-0.06410265880743868,-0.07496514835712975,-0.056214919133950915,-0.042112525998606674,0.01859134435133841,-0.023473490266487446,-0.027759493921876304,-0.010619367184623663,0.004602478034098823,-0.04905654655566539,-0.029581356506160793,0.006631693851401748,-0.014315967579710494,-0.005844267683944603,-0.03898718540374221,-0.05756323741015633,-0.03660132040326722,-0.018761115299226635,0.0024711392628493814,-0.04576376774349437,-0.05030353368599951,-0.02842691406052086,-0.0049350211416669,-0.07033182703735887,-0.02277081997683099
2015-03-20,0.15563078200756778,0.1637100162251141,0.20135066491283785,0.18111851962139672,0.11544554488458296,0.1233865137925645,0.1458964842470102,0.15454560260607333,0.12382971634651924,0.13617501063442583,0.14158551866433022,0.11393742508293149,0.19080254672189928,0.10503823583839042,0.1091688939005668,0.13133671608708677,0.13326957166961154,0.1978866060623098,0.15232215183047523,0.11052261096062063,0.14169837116649464,0.1374915376653573,0.15324959421189902,0.1202499836812727,0.15274150146919976,0.12377046878288293,0.14397647127621319,0.15716249824148998,0.15089097691666312,0.176089914718135,0.1463940611883714,0.0946822233840908,0.16022952147076694,0.12733506895352106,0.18476160357763102,0.1539295305374395,0.13701807012218575,0.144867218130679,0.17413320622038003,0.17706762775961382,0.158887346143889,0.1766716180702006,0.1540857286597534,0.1451696115398877,0.14527784734878174,0.13840333458625373,0.11703958647765507,0.14496442517231606,0.13873035035957101,0.11030742175762989,0.12809477147945503,0.147340739791755,0.11655791147978067,0.1283538192685142,0.18305804376086757,0.16711172872207888,0.1280434748875621,0.09792493744060095,0.20345767242483903,0.15038827031611265,0.09862167163246255,0.1428861437517749,0.1729554364705189,0.1269075118600937,0.16360765852987436,0.15169146023315194,0.16097383501913304,0.14157859362442468,0.17652901354473827,0.11479997727561074,0.16101128153121483,0.13697087725764429,0.14440400990588603,0.10551119041564304,0.12885267862467276,0.15642818752854304,0.12495875433408213,0.1508614813763247,0.1225903906863866,0.15235908537663811,0.19157225208325235,0.07470504131492753,0.12735533110731878,0.1457538797215479,0.14552355802394873,0.13121155240286808,0.11557635119390988,0.11992194197611755,0.15271585317325334,0.17907794119589687,0.1145078431847806,0.11706728663727724,0.1048974266936444,0.13179582058452832,0.13820994643481746,0.14744794966881117,0.13661410946102912,0.12194355630083814,0.12039643545112692,0.12990195041184216,0.1288406239255779,0.13270402674399223,0.15059089185408958,0.10809525623224825,0.1762386748346244,0.15197769521591437,0.18793942744539663,0.1474715461010819,0.11141568462547614,0.1682997577903186,0.13827663200427823,0.13427652376846932,0.15374768411917913,0.1447559045262714,0.13823533824780446,0.14579106975067027,0.15229573408565042,0.16401597940134188,0.15945212162062994,0.16828642067642646,0.13722710373414937,0.10834507063476673,0.1518061081160326,0.1740467714630405,0.10790520235928504,0.10206765020187218,0.173728476110345,0.1876726851675535
2015-03-23,-0.04514535528656195,-0.02604661732275957,-0.1090634654177658,-0.13768578355085467,-0.08692258792845069,-0.07112092015814737,-0.08140998924054123,-0.049690232745431724,-0.046243615178146624,-0.07248592229336774,-0.08331924814594904,-0.06192498130880672,-0.07044431819784835,-0.10597951470865463,-0.040704609895880754,-0.10013529474376713,-0.06479656415471562,-0.07069413256833025,-0.03455209745325278,-0.015847060197977852,-0.048402688454036336,-0.08599641693351578,-0.058972862823953955,-0.08421847728651323,-0.04881562596581852,-0.07311430546347106,-0.014820105965992106,-0.10320026571631193,-0.029530674716810784,-0.045231533549890415,-0.06227841478162402,-0.046170774026999956,-0.0866699410986959,-0.10723628104886128,-0.029216226648832555,-0.11924686353441166,-0.05558882709075263,-0.029328566170671432,-0.03742829699183999,-0.13599365974205513,-0.06877974400439098,-0.08587227919705455,-0.05009496280356358,-0.06725110576201718,-0.06387117375564101,-0.08787797568285373,-0.029712777594677463,-0.06375319160941753,-0.08467142613484076,-0.058031570483431834,-0.059172919506680736,-0.07229817679111644,-0.08720547744937988,-0.051168087368344106,-0.07153129284066381,-0.06699770063056328,-0.07169236411855152,-0.06678047671981042,-0.037265948078359444,-0.06894697087251644,-0.031607730204150156,-0.09355035208693743,-0.09760226936093432,-0.04295396516192408,-0.047648628649912345,-0.09628599898176277,-0.07160669882107622,0.003837245985398998,-0.07151436496751001,-0.06447801235991223,-0.061967557474617796,-0.08450727706183418,-0.06845965331202815,-0.11201712280017799,-0.08143974126002367,-0.07662555672825248,-0.06434874496491955,-0.013612318361997437,-0.08928709288144461,-0.026066616310518747,-0.09107683074306952,-0.0602436028539669,-0.04309862153251113,-0.05792898474170098,-0.06664580605530541,-0.06015678801301394,-0.08395532580384954,-0.028407792464275133,-0.09627471373299358,-0.09669893649354495,-0.06935221389650144,-0.09432162043903018,-0.06175057291873722,-0.14576565924447824,-0.07937761853037846,-0.11762024881408707,0.01715896427064591,-0.10182040062894836,-0.03548159157915255,-0.07507129907498669,-0.12260576394080887,-0.11903757346632828,-0.0835664976871652,-0.0813781853576462,-0.045302835803477645,-0.056387001958247134,-0.058053115049263956,-0.049243189319434416,-0.07066335461714153,-0.07046637572953363,-0.13329855424403103,-0.05991107736935721,-0.07717289129355881,-0.05418740437995894,-0.019829464502121752,-0.024557470770564478,-0.09587870409436519,-0.0845098418910999,-0.10699518709788286,-0.08041791328055768,-0.058889249389891235,-0.07622750500173893,-0.047881002181387286,-0.05431821067251105,-0.07812598184870329,-0.045944556085762756,-0.07080493319260969,-0.07946943941809152
2015-03-24,0.24725147016320234,0.287611099727847,0.27105256052155163,0.24579401250415148,0.29989095885085487,0.26243992678797357,0.21606872740960226,0.24483874674008102,0.3036404750910315,0.2739635004777336,0.3037389535980976,0.2880369262644329,0.27464437875777176,0.29160703687275136,0.2852355833564375,0.2619893611454288,0.25509798346815266,0.2924086307420965,0.3208477411106594,0.24268458976960355,0.29666120799347045,0.22105671673793809,0.22456646955160312,0.24567369623278726,0.2497467884632179,0.31078652030539816,0.2661746976957414,0.28030848127709423,0.2894129780916641,0.2955567662421798,0.2711393910331584,0.3214751445024519,0.26556053066242546,0.2823262317632727,0.3045463714651725,0.2842592695552008,0.2160470197817006,0.2794052321746485,0.27835161803990827,0.2796847840656751,0.20658249401656623,0.2821043903952043,0.2602908716257068,0.28931185231290263,0.20964782541192162,0.22413072863055222,0.2723433702001932,0.2717138489910444,0.29580300166328993,0.24458672647468585,0.3272959655061377,0.3323687115221246,0.2570384336208276,0.2892345902634274,0.29416271296742047,0.29659449674674815,0.268370874294185,0.2510784325930832,0.3289899982101608,0.26130107050464374,0.23412624929865353,0.28738940360775583,0.2979551943981464,0.3037765448561713,0.3190523614468883,0.2410282638618268,0.2742991745287011,0.3033059000952947,0.30026096804477653,0.33407827558956643,0.2652444464220034,0.2155821588720011,0.23856630118517233,0.2572327774114293,0.26512743701306996,0.2697966948292883,0.2772858264553695,0.2937910360213965,0.31213980559604954,0.30374265977847115,0.2636131976033427,0.30571556850787773,0.21484674679503912,0.17750750898678574,0.2848289624240352,0.2384974721210938,0.30376648522372907,0.24417639936191007,0.2707915395323923,0.28718609314155474,0.34296357830776325,0.2715798970432608,0.30142788540807686,0.2493687580651252,0.26517720572094206,0.2849761507302954,0.31934514969639155,0.28643044872402135,0.30645187763146914,0.2494564818148605,0.3178160855651704,0.30162219515051386,0.30418210687989544,0.23399658078469823,0.29013727162750563,0.3122139292035187,0.25905989028737963,0.28368715471325656,0.30059399482404875,0.2668312210761826,0.24652135262963107,0.26658608371719533,0.24436859128699084,0.28982704974726153,0.2805260870104502,0.30794758613932904,0.29307521375497997,0.26660937970811416,0.32110611482812323,0.30827955400992313,0.28872415799653994,0.25722956663723023,0.27705392545485874,0.24231539943374705,0.2828159770269083,0.304696207043128,0.3251034950880676,0.269114757640572
2015-03-25,0.048624000998880784,0.03456480619983214,0.02566039494118695,0.04273643991427423,0.026311097510699672,0.03384924058103113,0.02030573225870778,-0.0055235594438091595,0.00012839330602671664,0.04427212974574017,-0.0019343709013138525,0.0209495518881036,0.03867047540445085,0.03058672696562235,0.02304487769676641,0.025315453749944043,0.03201705486760658,0.011595636269241736,0.035065403153993466,0.01132482354546019,0.020178662595011235,0.020920696485305847,0.014147089224881934,0.040034621189926456,0.011421709667057092,0.04372731856264124,-0.009410302782127209,0.05720040911299941,0.015523941976727199,0.022416147589934553,0.014885946373584131,0.05591198306950108,0.0059749214783979265,0.01059972778002007,0.04730459432416499,-0.0011751296607270005,0.018425895421397026,0.00149095072070612,0.031728236111162975,0.025421080407891792,0.0167313685103104,-0.02227742987373249,0.03850819685477171,0.009731153682960982,0.07712757966527792,0.05159610748704974,0.05241438317556228,0.03414097135060111,0.016158760838277848,0.009846575294152012,0.03265372682841947,0.028369361334117653,0.0022803710064209014,0.035502999308348444,0.045611920512340615,0.012283400823999282,0.034191534487613695,-0.008732335492293585,0.043176683353289544,0.009477808540965998,0.0751551177081844,0.03635092458505684,0.02901556351970779,0.007450782676540082,0.014200034918088826,0.05409540893488115,0.030963700301255434,0.02164261101218184,0.018813457895671487,0.039337061681925634,0.033453206795843564,0.01578019913184856,0.04614111271594351,0.026095343810881577,0.05243317889665073,0.006786049498327534,0.04594494892261197,0.014017372276525043,0.0030872633708939577,0.02777081027241372,0.03568619140684429,0.07205458807065941,0.04281638791101664,0.019135634971690133,0.022573925755691095,0.03948716272216717,0.02523206428314318,0.01183998064339155,0.02512220196973888,0.046363484627412466,0.03342646922077409,0.029139721170277952,0.023117678024925894,0.029234758689584323,0.0018348329980848927,0.01574790225899236,0.013085528076083718,0.02924323774195752,0.03490524243204261,0.08317027163098066,0.021255313266373414,0.02034014695929226,0.06439069897896159,0.0035084463603547956,0.00991752252304925,0.02345361844832363,0.053985811349942875,0.06405475855556385,0.05075665352125445,0.056234679668905684,0.01965158821913661,0.032082707527183126,0.03691770823083664,0.028955999614850035,0.04276529531707199,0.021992582044279407,0.02098555495948429,0.01315382802032061,0.0238973033573974,0.02018660444899227,0.024062493920202904,0.046602004975309516,-0.0016852614147754188,0.046357925329625745,-0.015049813294059466,0.03873136295163877,0.03005091655036859,-0.005829585550545004
2015-03-26,0.12679152248662062,-0.00012135723305508633,0.07007068238844154,0.009147986009477157,0.02286709196363656,0.00522984075963068,0.024660664403518263,0.04637486265313151,0.04017471068326309,0.060450661724912674,0.08446190093532535,0.021195970065215845,0.08562190115398703,0.08771394678867989,0.017872859165477695,0.0578682672701729,0.032879063690681186,0.05145710677796546,0.14290743504381434,0.06859908927409789,0.08878648233486942,0.07192876002427144,0.07209111632254785,0.07813328522776349,0.1250728416725432,0.06330856989793966,0.09730062154582876,0.05420185753098162,0.015991822053123852,0.023370013830351335,0.030249656974487647,0.10219700324165942,0.06128977592644221,0.05876150023779457,0.060905478021767774,0.11398942770771492,0.06638896633156764,0.05380662654224817,0.06970825065188514,0.11693917378683766,0.061944667661577316,0.08626203322564246,0.09672116809070086,0.10207017946657482,0.06413128447338066,0.025362568400107147,0.09033898027124983,0.06992855229567434,0.06455548813487053,0.06825032389261525,0.10373091493513947,0.053608191066577014,0.02859602801056136,0.045098971743444245,0.08184725388261148,0.06987443352958218,0.07100382111287862,0.0965249192318415,0.04650715297024561,0.07425969354565383,0.09848553490888168,0.09032750053298784,0.06402742017482001,0.13517829126829242,0.06578163351208925,0.035675746592977675,0.09045049772865177,0.06861931547960706,0.04479885858602424,0.030862456335995537,0.06359173677506819,0.07301769519654952,0.07705856306476212,0.09337728433125059,0.0529789920789806,0.07511356741066304,0.07111697853288945,0.09270981954944761,0.14378754831056517,0.0865528532616123,0.08989947029207734,0.016555698126028293,0.0664239522005565,0.1627608223865829,0.09294324089410762,0.0731702117191728,0.0468263990247689,0.10810032197932554,0.0635316048127436,0.08178384199506918,0.0600177115961756,0.05085141392109593,0.06311997419792162,0.05654864402424959,0.06653601631216141,0.0765550945438444,0.09073967780201278,0.00697694854575619,0.10368772925310635,0.023726432370675284,0.06192061487664748,0.10194499565409909,0.12114349126173256,0.101501112441303,0.07927907243714842,0.09939868037675408,0.10814077439034389,0.016226883360392717,0.00789259338220422,0.040654673073453926,0.0753863478579355,0.041752901367182155,0.06696623316988372,0.05009812442942967,0.06277175547064193,0.08251526531861741,0.03661271189683542,0.024288939545511694,0.10584373342954446,0.06729203907484242,0.05271495809895534,0.07712252160650737,0.07683279487894343,0.011371500729783362,0.10790024654104553,0.0877226932559271,0.09901438247207965,0.08910190180997206
2015-03-27,0.06408854127101848,0.1474416053908586,0.144655351279508,0.16809032273047217,0.17778483819160476,0.15133241517272775,0.16685366018766842,0.1122030194320538,0.12068085717730956,0.14236529076101664,0.15747515923933847,0.11444279752632441,0.15287044954435777,0.15085473214263104,0.13803492418280056,0.13037818184844552,0.09938680307395334,0.15399959387287437,0.09423009182076951,0.127213704447215,0.09195384515508606,0.11380183475603853,0.15148519638478294,0.14120161180048033,0.12784168219586148,0.13217177249702144,0.06740165572846185,0.13379075604610566,0.11607283215765497,0.19520935584641597,0.12457360089857183,0.10489770151313137,0.12558891907995146,0.18387149801581545,0.15331636071299634,0.09788910515252233,0.14601850227459015,0.11589711994993865,0.0853767935561954,0.142488510328063,0.11646875326793,0.13697761188888496,0.18512027030964837,0.0692270182384959,0.07633369295404092,0.1414063330990932,0.1290224903338796,0.14643098391943365,0.1482347968190874,0.15250161967438722,0.1427661687695015,0.1127124743236086,0.1605893542163483,0.13802442565466655,0.13226902202078894,0.11286580808977614,0.17137824953636338,0.1793571309181983,0.1438743160417501,0.12301539830184229,0.19778483788558873,0.10932531761511499,0.11619715683292595,0.09999875675334267,0.1329044592499517,0.13390789751791654,0.13696904730014406,0.0784392003990189,0.1411742603719207,0.1437110363015609,0.14357483171287513,0.12353978922001188,0.138895803489788,0.11240000497309424,0.12542729700209918,0.1476211854773611,0.13749314487567527,0.12628707120086202,0.11515807882471675,0.12329775345323547,0.13128133154502508,0.1464514688827197,0.1378390437499847,0.10221090714199756,0.12991762799583062,0.18447267689001465,0.11410573951781199,0.11702654055551141,0.11220191432382917,0.12726951241255885,0.11285061285168747,0.053105423180524504,0.12888987734692386,0.14558861517520877,0.1368204102439312,0.13353796253972133,0.12453657977304669,0.10911147917364891,0.13095781111226443,0.15437146279046265,0.16058603889167442,0.10101794281350852,0.06237562352284062,0.14664979534791056,0.14180223812056722,0.10421502090736566,0.10587213069019964,0.13853666245400847,0.14731092634329598,0.16658815793670084,0.14334745569565732,0.1516697494582963,0.122597943669988,0.1426656039210601,0.10403157294207692,0.14470839647429026,0.13267763578684622,0.10420258843983857,0.08882859909582995,0.15137081768353366,0.18688761463788928,0.15156172512933863,0.1434842128384554,0.15270553323632152,0.1089462654940666,0.12144117163585559,0.11999209847630837,0.1255494114609209
2015-03-30,0.11019648258038414,0.08000367351674662,0.14095562547567597,0.12557034847989873,0.1394476796507548,0.16487585003032038,0.1420595937894074,0.12902325590294494,0.1309450190160536,0.15196770257196882,0.13651788604964377,0.14077741618115927,0.11418323222734802,0.15849885455429444,0.14457365681235915,0.14655555189601024,0.1660104309836007,0.11429638966282335,0.15746294469813146,0.1158150902124065,0.18002610000848848,0.14552428860120736,0.13660453075265266,0.15699473530931693,0.15495188827370687,0.10365385085822769,0.1285979588749266,0.14826985971074746,0.11682165909846706,0.16816479549185306,0.10011508439180501,0.06881994697726898,0.11197502227274626,0.1343391954260356,0.14421067837199386,0.1459594254062236,0.12212748551742104,0.15971379368639058,0.10172853449231424,0.15748645083207077,0.13166714931684054,0.13035736566757064,0.15971051376072465,0.11533858604317938,0.1460198506594975,0.13472704663603433,0.16129772445590626,0.12849682783355973,0.12145291413879038,0.16454293757522628,0.1711167285912093,0.12628861787895798,0.15426911708091134,0.12618502689334168,0.12637580923624453,0.15964819517307155,0.1354838894834526,0.12565480658888165,0.15063525335652606,0.11658659775907387,0.10668565380229905,0.1291022474460666,0.13863234479562708,0.13441244709924183,0.13745020492019047,0.13334947785633477,0.1629111745564155,0.1117744001528456,0.14798040627072728,0.09987018327541397,0.13724056300470838,0.13493914849576585,0.20868964373037624,0.20221206386726112,0.1538880990493833,0.14412649361323443,0.15081562868180337,0.1440245425904511,0.12605792977378608,0.1534302760918443,0.14211507919858976,0.14725966273066424,0.12501873999195715,0.13421209830647998,0.14082442844903792,0.15508062535609546,0.07917658559464921,0.16213929871636162,0.08851508061989037,0.1687931745840216,0.1396816476815927,0.15727161570095097,0.1408550410885868,0.13549536922328342,0.09528457386727515,0.09387529913947137,0.1234536687950207,0.18653347252973598,0.09888620557562855,0.15386434061595372,0.10403076898267326,0.15496637461206483,0.1572456496227622,0.1852081092335528,0.11514807702741538,0.14973325321203945,0.14432000922752555,0.17011689791737178,0.1095976228192092,0.1091559261628611,0.14771145236611927,0.08692814325184758,0.15714260529142354,0.14412977353890039,0.14557868070183438,0.15937022147288218,0.14812390301861267,0.1528133767395066,0.12511631778051918,0.12485173711013245,0.14043493727620618,0.1002402682213888,0.1459588787519459,0.13454528408871286,0.13759588828518646,0.14292604081949625,0.09970728030067173,0.17064660591242295
2015-03-31,0.026377708859858455,0.07374038213047367,0.07508269170926427,0.039351487099025986,0.07025354782042856,0.08262132752531463,0.1360811092817946,0.075696311135936,0.0650608788369499,0.013744801830307983,0.12535575235413365,0.02065724517130046,0.03338335675519172,0.05176952672995969,0.12092457277943337,0.06696268906892403,0.04756329539051591,0.08262406079670293,0.05618266671349725,0.04541905640066095,0.04008725148925745,0.0944020005359954,0.08144192092126627,0.060107917754224534,0.026624249939082467,-0.03682700537730181,0.03793808019664283,0.020860053908311787,0.1010102307714709,0.05604463650838846,0.09076346966390003,0.13721268363654782,0.08299332576126128,0.07010103127696181,0.11822082072213413,0.06694109622495652,0.07082780813910887,0.06699466834416705,0.05638356216053677,0.05878337443945784,-0.008203914071960826,0.051161100518925716,0.029328275323520527,0.03471172664990202,0.011696488251921358,0.08406230820122258,0.08514987688662429,0.002137964879922625,0.012478477196111929,0.08458736963491363,0.025864400493137065,0.06744811806748482,0.04091297277566071,0.004882442680907421,0.0589481907041719,0.05018969586752646,0.09799406579448978,0.09938393429543667,0.0657964021675395,0.032777937142684864,0.018318136551432433,0.01731390760914071,0.04299217232073504,0.044335028553803286,0.07390191846952177,0.033131349133191115,0.08813652253261182,0.06866415050813629,0.055036059366108406,0.08289301470131093,0.012202963440172016,-0.018427715699870027,0.08346372176718647,0.004270463217068664,0.10480565142125428,0.006813225589597452,0.010242114546210764,0.05151587914512612,0.021046189689854528,0.043075537098077966,0.05253292942870987,0.0320090679011581,0.06629686415873591,0.046884897431941644,0.06707666648581584,0.025357378650608754,0.0005228748165804118,0.006948522523317946,0.02887728554445222,0.09001646659347962,0.07079856213525414,0.018683276574675403,0.05800111216812843,0.08335439091165475,0.061971462186762555,0.059028822210126536,0.012314207585675533,0.06819211453937814,0.11156721818161298,0.03807064385897503,0.007816336189100909,0.07681558576944189,0.010165582947338565,0.07200475479890774,0.051279997824316456,0.038408749529706854,0.08167397566213233,-0.010324112687859549,0.10225851581450421,0.005685204487649015,0.09301705192354745,0.0551041178236769,0.1314821068438531,0.10388945885189854,0.04302770484878285,0.04488140950432302,0.06966589447194561,0.0609617917359272,0.028656163889139327,0.09958756301386451,0.10339747000200582,0.00272780484551621,0.08095539861415016,0.09008317072644077,0.08696066918136826,0.08923721092067734,0.029770518634146297,0.06669756174425963
2015-04-01,-0.19243674738657682,-0.23262941842613097,-0.15380082613918053,-0.1634595701424234,-0.16737366266388312,-0.17240245858570283,-0.19304388089814808,-0.20368547356531616,-0.13673182879454562,-0.18305578060314043,-0.1449258970388017,-0.13182979819260884,-0.17456819933190118,-0.17733632599551408,-0.19753315007869465,-0.18729649926607045,-0.18687982806125705,-0.21878282298368926,-0.17062881326280072,-0.21731204598402712,-0.15534100153766978,-0.15368772169015277,-0.1158485584503521,-0.14782695633880283,-0.15564764026614505,-0.16458233319884963,-0.15003728258974483,-0.21937683079376843,-0.12894046824287728,-0.11242917357653484,-0.17908790896909965,-0.21146901455013817,-0.17871005632827358,-0.1728769387311304,-0.1654712503871345,-0.13414327289815456,-0.15205399075975168,-0.14437461757613307,-0.14557101130362676,-0.17362147320300209,-0.14381914905979667,-0.12480643081335126,-0.17013171222756757,-0.1923741908518059,-0.240411465610488,-0.18937175645304657,-0.170076975259643,-0.15157504229041185,-0.16091663196937192,-0.1767462279688581,-0.16801624012538155,-0.18025134880774085,-0.1289988357239805,-0.1807029540254724,-0.19269172111981717,-0.1586553807995501,-0.15457021566281387,-0.17439563467242722,-0.14888846253819676,-0.14036262124345922,-0.1854082809878119,-0.1952777635840076,-0.13721999318195438,-0.13359394832719748,-0.13816448514889734,-0.1528856575479114,-0.16406763813821215,-0.10854146765879528,-0.14574499666595836,-0.15118099197540402,-0.16007658707387679,-0.20979211390867117,-0.22919681040157922,-0.1301840586416937,-0.08827034253444827,-0.17813475962457676,-0.17940934902053415,-0.09776553084789046,-0.16763838748455545,-0.1688272409154473,-0.1574117904007337,-0.21365182061440205,-0.17349049545832548,-0.20291133644752612,-0.15869056885035873,-0.14587541587014596,-0.1547104093255594,-0.14691458044997882,-0.1941955913865197,-0.17164479841233904,-0.1361730090352751,-0.15476347067201685,-0.15185822231834806,-0.16365264255486583,-0.15895922682558025,-0.153756980710792,-0.14146154965561789,-0.17106168214179585,-0.16473230132015312,-0.22496502838647364,-0.18934187453688367,-0.16187006058413933,-0.1643200984392519,-0.1762108669101267,-0.12817079944899942,-0.13978145986462764,-0.1331778356628731,-0.1802731570591524,-0.16049018630600054,-0.16100069231297034,-0.21056082771498186,-0.1728853168384658,-0.14564334229695564,-0.14853211370619818,-0.13591496332934508,-0.15737017913430126,-0.15825434872842942,-0.11191755048858702,-0.15616177678629348,-0.15436746546529742,-0.140583524006869,-0.1505948037321712,-0.14540707967009764,-0.1980294409549224,-0.17628794549761226,-0.12094216844002481,-0.10453364522366315,-0.15480452339796028
2015-04-02,0.11232361901190031,0.0863552798736174,0.03226728489349484,0.09006874487542654,0.05134777255839807,0.02006127997026364,0.034268525685127185,0.0406478647031648,0.08686407159783914,0.08883598915710735,0.07328546013108674,0.08860726794466708,0.07439862588540525,0.041171773121404034,0.06737976113294981,0.038087806883335934,0.01732695836952791,-0.00444009591768945,0.0691327318905658,0.09929044739585285,0.0915733827155193,0.03644849855974092,-0.016678775299840683,0.04457913272211659,0.021789954335349356,0.03691459831989086,0.0811560949665004,0.08515941435640406,0.04233018043422721,0.03852793463767763,0.0542775823748947,0.09956829220238099,0.029527377915165944,0.027624439769173365,0.041303867301482465,0.05065239304804857,0.03803055676300596,0.044719604968584785,0.0783139755782165,0.028300549726826437,0.03483432443531517,0.03395015916231657,0.06464013342350058,0.06277182461858564,0.026365495659673145,0.02837036694674105,0.06726609869892883,0.05746571590507539,0.021356249765239806,0.03224885314743739,0.03857876157377546,0.037907399187076585,0.06827370081673648,0.07765601809774124,0.048825695306202746,0.05190714812435391,-0.0005694292456235481,0.06479599260160826,0.093619306527897,0.072756245604134,0.05807765889756514,0.04023035772807544,0.02223259550960797,0.027750390033899328,-0.014857383666708376,0.08566349468418753,0.040976564174522785,0.056634890988091546,0.05473055649770068,0.08405211324855835,0.08047998500884732,0.0746818045293789,0.01942342984912378,0.0003535544016475781,0.03698385700204614,0.06953041077519942,0.04229219986659367,0.03538783535479819,0.08272195557474524,0.039075580910687815,0.09515640244153703,0.09233550748810719,0.02375293529046849,0.022976009267258724,0.027906780606508044,0.06587841163590608,0.0349463112560582,0.10801729288756727,0.03194891837068423,0.03190563169433717,0.04397004729558155,0.09874389046962928,-0.028938679116845962,0.029798268728434624,0.09967190095673426,0.018114496610164697,0.05466492831098095,0.027664654487844182,0.08283757289092382,0.07677636400932147,0.049219743695400796,0.024398325671359133,0.07027466233948915,0.04480310636360266,0.02997029835830422,0.04419960631466078,0.03385716262539031,0.09179946369196862,0.05996545164689804,0.10004025660900373,0.08163392401959597,0.04480701612791787,0.07826119375996106,0.03389318831086625,0.028783964157515184,0.009274240224576952,0.03190758657649478,0.03758428509331178,0.05960184356558275,0.051272928498649596,0.0826973799133353,0.021169698153627972,0.020435500269005948,0.051371238317482956,0.043505902417589226,0.042513660088162805,0.04968696053106936,0.05001733561570529
2015-04-03,0.12238946170252736,0.10782373692026594,0.10371094829205758,0.08632220171792959,0.08947138457041613,0.07823658124191891,0.12470245002154959,0.07332217175568301,0.12819956016753417,0.10138027826586657,0.12790394412580536,0.14215540010388003,0.10755561449457947,0.060076362872835375,0.16017803268905614,0.07824542209550332,0.10922929858877875,0.1108339135143498,0.145682348130712,0.11716805915006441,0.10993325155543766,0.12046215562112524,0.12269944413133088,0.09181502724088011,0.1444352352219607,0.07900573550376289,0.1156339604308215,0.10353192100697323,0.11958304324282511,0.09808927051906861,0.1426399893909757,0.14913193868868038,0.10087911237830012,0.07019582490689477,0.11051066980516967,0.16071953497110145,0.0642989755660909,0.16687166395915526,0.14936898407541246,0.08075401430008068,0.14800670468419508,0.13378476941948747,0.09467117550199472,0.14703168340903316,0.17882947098542362,0.10122697267816713,0.17126059521046758,0.09823072417641923,0.11470897015106808,0.11482113848092033,0.11989302567162859,0.13596403982804542,0.08516339002530694,0.10884639415376478,0.14227364652057156,0.10558605266745957,0.09126247389185427,0.1503386673693208,0.05848639869022792,0.1351534440650245,0.1266524042538767,0.16849481269751357,0.1385483318414393,0.09519333841682415,0.12967874548287636,0.14353346815635049,0.0829051044878383,0.13994769252999015,0.1325630739647913,0.15858778415055974,0.11985434693719679,0.14212943009647583,0.12288896993004673,0.11751483605742134,0.07319397937870901,0.11265733956613512,0.12112079921316403,0.10086474599122545,0.13103305374133872,0.09323840466797069,0.12237896318889589,0.06643742126973634,0.07827028699620948,0.14955880681060918,0.1146874205704561,0.13351954381195505,0.08518659726596603,0.1277077876869012,0.09707588767695521,0.09889378819525026,0.10003536341433766,0.1873686304412691,0.14948115240526472,0.1263468487882505,0.13577340892263148,0.09374538531553446,0.11170418503906554,0.13903292112853496,0.11780768933240504,0.122467022180249,0.14652388688127838,0.1277077876869012,0.08661052724640564,0.13689453966780493,0.17205074649957455,0.09311076484434572,0.12922841450342032,0.07254805453536611,0.11219485241300046,0.15879554420979347,0.09600343467353004,0.12944254680714723,0.10266109692890849,0.10538352727955884,0.13248074351578645,0.04531158483351568,0.083112311993723,0.14801412326360108,0.08477605012763982,0.10646542673695145,0.09377161864978063,0.09263998939097569,0.10367171700427677,0.0833750626284781,0.08653316977754201,0.126486092232205,0.14404844787764257,0.06904761904761905
2015-04-07,0.08962803346650418,0.08254958202079132,0.09824731434861159,0.13432724897754503,0.04110831718611102,0.13553417204496973,0.14595836869099818,0.11636250212215161,0.09627083074611796,0.10683813872931326,0.08849143107054962,0.09727150499943525,0.1105402466791895,0.11908797189271352,0.13941475475123555,0.05149742668962944,0.08882987004357935,0.08426301598302305,0.11982590699227466,0.057491337330565745,0.09220597147249635,0.1097407018727013,0.1144932138841768,0.10739870417933556,0.08529546205829824,0.1402587801084648,0.09757573957590958,0.05241162633187873,0.11105218742778061,0.14096466710935543,0.1263421695374822,0.07764204456371078,0.08737112900064305,0.09624016403101078,0.10136951747857811,0.08599609980164795,0.04369702998389763,0.07791804499967542,0.11431612051135061,0.07987905710625912,0.07198666025520578,0.13428374364339216,0.12012318073511545,0.08687769879180132,0.10223039571528071,0.10766477352627765,0.1384889514870538,0.12691710137656376,0.08254209974198513,0.10046940794867537,0.13333003643122998,0.08928489778935891,0.08998802202312274,0.09019799232475752,0.16648158429223384,0.08246555969034432,0.10657236053171766,0.09156868964041828,0.15948404771354235,0.1269709753355358,0.11258058678730289,0.0764863790745815,0.1315113068316751,0.1193120323066948,0.12511163305921738,0.09227200160682625,0.0810432871734814,0.0650338984713197,0.0898896675134096,0.12087190732351648,0.08132923357110246,0.17336087443789944,0.09648162987789075,0.08490839838383729,0.12774537896117039,0.03368862979044858,0.07409824317019864,0.11409620424805945,0.11028303305968691,0.09431976460119064,0.09216010953819193,0.09416489043548396,0.08666910987372993,0.05526142825686776,0.08801347235761783,0.08478324503299448,0.11629564315768369,0.10353414552240502,0.11869344874701028,0.08464704061364454,0.09060052749512837,0.09363432207703817,0.11459902786513221,0.12021960130783985,0.0804584093727435,0.08987474857092502,0.12836921177839583,0.0880444153494377,0.09863935100390073,0.07446155733336575,0.0809825062966924,0.09821637135679173,0.1516209361940328,0.12232786890228059,0.11001587347852793,0.09183824716792283,0.06928964698604965,0.046661774724982015,0.05849606837517162,0.09527181415307671,0.12240992308594574,0.1214998675943866,0.0680008161214099,0.12275222993295297,0.08033021697806123,0.09218828976288501,0.06288334257248766,0.12108766273907204,0.12891264807223213,0.08627513928145206,0.12373356481638284,0.12142306266826232,0.10803690338562019,0.06859981246329233,0.1206188211576586,0.11199069942074551,0.09432667151900757,0.1227856594151869
2015-04-08,0.2912559237188951,0.3239917652895045,0.28443879489187474,0.31957829099275564,0.33262012480251707,0.2871098385190128,0.29840458464692554,0.317572113066825,0.3104038364894847,0.29380236653140357,0.3195875519642155,0.33599645702696,0.2995544484839289,0.3005733571410333,0.3049769744017151,0.2707379545408811,0.30129941244224545,0.3087785003642826,0.2473679804639278,0.30791719706069337,0.2816812766417232,0.29144185797221156,0.32934785701795316,0.3625215115985262,0.3111845945873635,0.30841961686493924,0.29495199483583706,0.297588504233323,0.3192632030587273,0.31693197983512456,0.2911362958857806,0.31886812730502356,0.3089757619643837,0.33691645860726305,0.32053048451483845,0.271393006717127,0.2937145105246359,0.30886580381754863,0.34025277665042813,0.2948723863874137,0.3319851948814886,0.3101919322215891,0.33470016651201046,0.31998870580643773,0.30347011887360914,0.34222235360717895,0.3305643035519094,0.33213300294318887,0.2957611686948716,0.3021437141928179,0.27965506295104975,0.33609287761300377,0.2599360861364702,0.3046797005767445,0.32735673047463665,0.3161501166302424,0.33008689732645485,0.27778881349911366,0.29385983209557864,0.32683898784355914,0.3031051741022514,0.28480541414024174,0.2805294788674639,0.31778014946020877,0.2945289743861174,0.30823782676288536,0.28147959461360866,0.3184078502381213,0.33995881818753243,0.2972922944480366,0.3147897299090976,0.33418270015768387,0.2831112851040801,0.3366012268345526,0.2938893937079187,0.32177847104833673,0.31455378956387875,0.3023011919407977,0.28892249028128564,0.3145587625453939,0.30518192962182467,0.31475491903849157,0.3038998131816094,0.3273075984267173,0.33277037340738086,0.31131140561599985,0.32472961485088236,0.3221450458467577,0.2987814261350737,0.2959589828484743,0.30551815842759905,0.32185937568638734,0.3059389279191311,0.2798575738094167,0.31596777397468684,0.31518066151153873,0.3071153143242153,0.32777234126376753,0.3044055919519593,0.31203391242329986,0.299547265288407,0.2944781394639625,0.28924739174027553,0.30706337429505703,0.2891962805413698,0.3149253817937609,0.2913208487553429,0.3023945060672748,0.3287292733728185,0.31350531929443426,0.3044514538925991,0.322291196247953,0.2902140840914708,0.295795427011976,0.3008581984711512,0.31651038151334004,0.3228705485944682,0.27987553179822144,0.28407880628552795,0.3181337837012862,0.289389674266959,0.291132151734518,0.265172359395174,0.3109541797771615,0.2693424806723794,0.30547367787071356,0.3340589281733068,0.26673801974219424
2015-04-09,0.02235769297341314,0.09082267906431216,0.01653046454962284,0.034639050391955445,0.005266939250480668,0.0032415546698431434,0.0350559232414887,0.02859574486895463,0.038473466177307306,0.10954509796012574,0.024546909644668324,-0.004688415814134334,0.014548731689588333,0.05250445530733832,0.037451242340401175,-0.00048818095130084664,0.014471097933326002,-0.020159911724064956,0.020313521576313553,0.014673196375580561,0.03683238250400395,0.004470433487831918,0.022724035894423282,0.02727956260975982,0.03644200350899087,0.0768847700942622,0.04034606973583426,0.05000636127130987,0.0031973503958147697,0.0370462206796162,0.011922997812302966,0.020717717268871706,0.014806221585803608,0.016976098887171377,0.006695013578309802,-0.018590107442632356,0.04757153460248454,0.052059926076640485,-0.008812122027556199,0.03273105470430894,0.05324957360142908,-0.008566512029986052,0.00815955643221234,0.017416760243891723,0.015355459690606145,0.0588146154248886,0.06536513628246815,0.02107217742932551,0.06643349833039139,0.014649572689715562,0.012208115379785972,0.07633939986343716,0.020175659496687565,0.06013079768408341,0.052996227855903966,0.0569801380527111,0.04677834416038792,0.06479351976393874,0.07049449946802912,0.003384113453584647,0.08942450399996883,0.00811811492531074,0.0545754255455676,0.0551945616586775,0.004792019581388333,0.04774586520818394,0.013325102129140428,0.04619681996952938,0.009545912976427196,0.05443452442210216,-0.0017966274625406938,0.008504626046346329,0.005660081794494854,0.04473914574411652,0.043348645049211515,0.01604559891887412,0.01538502129886262,0.034150011900619726,0.025298934856576024,0.03323028672411688,0.05555482649200874,0.07224084481009979,-0.0040546370352525325,0.09306933619961302,0.02032844051879813,0.011968032569713603,0.051924274210715916,0.01917802428720972,0.04503117022941647,0.008454067407926376,0.1273367657031206,0.028977559285874706,0.024832579765576682,0.015788661576084204,0.03595713787824215,0.05707849256242423,0.0755818491172759,0.049007115789909295,0.01642575567551813,0.06174756900667116,0.04788234590424654,-0.0012697677714650205,-0.007272431907805425,0.013234207090669583,0.05822863251729997,0.016744302725235097,-0.008689731443840141,0.028011699767844643,0.020068187855456082,0.06862934564275083,0.06871609653053151,0.08606268248940319,0.018209950685988345,0.06427357586932551,-0.019058120193907756,0.023976398232989627,-0.006475649868443998,-0.003738300199236987,0.027628500097871288,0.03617097605385441,0.0349144695645979,0.02170844269862141,0.016176830357395856,0.05339187823485834,0.007867808223625077,0.036193078190868595,0.04593901550727419,-0.0017582249994785445
2015-04-10,0.025457282590574844,0.04672175024234046,0.022771747500209442,0.021485376925694816,0.009017134990256194,0.020257658311293208,0.0216627575288482,-0.007099050165368289,0.027357790154273164,0.0691603031347429,0.01738769718813864,0.055232081368117164,0.02787402079444108,0.00333995004542373,0.038098578418720185,0.022830158091239443,0.010869778319638267,0.024379661269951933,0.049906441647076354,0.04143257923727974,0.01503072167231699,0.01978821022782988,-0.0005167714789737468,-0.008440330403834947,0.030875946586218974,0.008080402178552867,0.055327546898167344,0.055124184026353405,0.032896790784215216,0.02074873994698987,0.017449352812003643,0.017494512852290724,0.05134723622581635,0.013460396199579916,0.030582811953457315,0.04176735845809057,0.0190194078653378,0.037139400796574774,0.020501035773918208,0.006173404549184546,0.041574008585005165,0.04210457145352765,0.03601986446849978,0.042386348471366825,0.02820393627944496,0.028664727128569406,0.03294654795435188,0.016456643183896565,0.045677082185459725,0.0006517107610291628,0.016549937877902814,0.03586139869839061,0.021382332608023618,0.04584203802123889,0.04297964864136598,0.03388003573322021,0.005614718062758715,0.03381123685321876,0.028249092506286495,0.021003745443940288,-0.010962283988562487,0.05980595514904963,0.0223344793256932,0.02970259679696357,0.02235286784509153,0.01980497623081071,0.0435705150367389,0.027653628981063997,0.0496976778680247,0.051650646795888856,0.021342040116989033,0.01800181965216239,0.027483535176629412,0.05238889176585134,0.04662165715984763,0.010036345719849104,0.055850260123184656,0.018924761074316968,0.016282493088418233,0.03935413570646226,0.03465424648377062,0.06777663119844651,0.003858614460217893,0.04592749055256055,0.024754732981797343,0.084229694781677,0.06139629165760254,0.040607800058383915,0.018790633050470303,0.016034788915346567,0.0600536593221213,0.039215680972168925,0.019675715756216544,0.05012034339478344,0.030337000716206066,0.023673596208936522,-0.0029573065902966486,0.03328700598262396,0.016034518495943652,0.010797035500253684,0.018583762207239053,-0.006906511550491623,0.06738094346355125,0.010223475946667438,0.06711944790093083,0.036995267254820184,0.02952276789402399,-0.010757014883074692,-0.019163270987689465,0.004577118813767472,-0.007216682605637038,-0.0105523059406141,0.027779914842226076,0.03637140969229144,0.00755308434286537,0.033811890043685205,0.017802790971615724,0.012779480143035754,0.04207834077144474,0.02589860705613484,0.003790198351279977,-0.024551377590804016,0.005710716950794131,0.024435908505758597,0.012393050816267839,0.033384897806479796,0.02296266359866861,0.0357443070969277
2015-04-13,-0.02923977155809781,-0.05013966256240669,0.023994934691038982,-0.08227896277737888,-0.08274631141723979,-0.028311898566465914,-0.005755327544115825,-0.05792517378555511,-0.021481008904022464,0.01669689789959054,-0.06106356772783946,-0.022286877834470926,-0.0018948086870637475,-0.03089057212279469,-0.01686813166967255,-0.0456006231839024,-0.043368162906458195,-0.03402200969316946,-0.00582810189640068,-0.09354047271228977,-0.012519061462355239,0.00481380936143052,-0.024903543883536647,-0.011606438978371271,-0.01720792368217904,-0.04341230911280746,-0.029039909642080215,-0.06141299163991305,-0.016312959680734783,0.0017067190927392891,-0.0473627256991526,-0.06945375490909222,-0.04973190543989667,-0.03764574435253001,-0.07139324490803675,0.005552790100440696,-0.045915265236428096,0.00579572801174455,-0.026257895983779048,-0.010669469192703772,-0.08822151121561207,-0.04521079880420007,-0.0660154343163986,-0.024528434905950743,-0.08089029788121026,-0.04012194519957533,-0.010651008051866806,-0.024798663199361415,-0.032731067598410546,-0.01324734009073529,-0.03513984514848608,-0.01870086811508157,-0.05150363985471396,-0.03890725564305606,0.007849463041665663,-0.03140908938282428,-0.03924196415301325,-0.016242330096256294,-0.012995840490927337,-0.04326488753887747,-0.07970641954410428,-0.00860984800193609,-0.04794652583402595,0.008721952610786657,-0.01129099426754832,-0.0482025738308517,-0.04038789264873396,-0.00012227163030624095,-0.018164424819746523,-0.039122100513955836,0.00717897581068829,-0.06939382308956352,-0.05285183824134404,0.012767352136944228,-0.0023630260271317446,-0.02377366855376113,-0.036204170050652074,-0.03921574398196944,-0.013320381995785897,-0.04421550251559839,-0.031703397425152734,-0.025601328346327046,-0.024663281499890326,0.013198110381836712,-0.0003876839575763019,-0.08913654167448781,-0.03218633016733716,-0.06201766089051516,0.005756397755178837,-0.041887525900780306,-0.06305977891312366,-0.03397679327575718,-0.006281603834352254,0.0203559495240305,-0.015102015862936066,-0.022575834821484318,-0.09822076073010422,-0.04850704887827878,0.025180193443325397,-0.0014038497375106127,-0.03861375025902487,-0.02597964110739578,-0.04764793694744544,-0.019825392389542028,-0.032810798322604987,-0.008610115554701843,-0.08537608755182742,-0.0327907362517993,-0.012899789048021958,-0.07698750568716917,-0.017767911620900367,-0.06078343998209593,-0.01746236636241028,-0.017242707848393882,-0.011779545617813556,-0.0483516007213762,-0.018677591024461048,-0.038126001567056894,-0.007793812066389009,0.010201251852635774,-0.019742986137690058,-0.047088484114255626,0.008793121646476991,-0.11056109694493635,-0.03552806421159389,-0.008095879138924305,-0.0207944685070999,-0.05690258711484661
2015-04-14,0.1333106836213386,0.05492346359698391,0.07724663322417845,0.06539027378511207,0.03366297501871734,0.09168951454087253,0.13915086539484406,0.07395141089457744,0.09781122330584664,0.10070849137338808,0.07136353908401223,0.1023976533222,0.09664466291789693,0.1095692117708936,0.09439600023943814,0.059898557351833616,0.06998706342475386,0.09317942097824691,0.11196984435931025,0.05641500249137932,0.12348703158213985,0.10565461995359847,0.06427288547946883,0.06174214915518901,0.10827391428296164,0.11982226080387609,0.07277855387511242,0.11611184438718977,0.09100920319935266,0.12857064373197033,0.09736570000866811,0.05200869508413068,0.12816283958510505,0.11866936677473555,0.07838066767816236,0.05896022515599686,0.07175576358183505,0.06121845428562208,0.11078852430384664,0.10173100833948928,0.05423796635778865,0.11996493758984372,0.08433428022978384,0.11576280558320388,0.08397403501157444,0.07531284345268263,0.1289120293750231,0.07399212653736563,0.05733884834687838,0.06840504572900577,0.07921677551010663,0.05984361858942081,0.09936071506762895,0.0962398653699697,0.11492314449796924,0.048258372899721624,0.07636706637122107,0.08437912894978376,0.103792988556615,0.0971697244233448,0.03457702362466936,0.06483212174212814,0.07622602954831055,0.0951577630794606,0.08084853875192008,0.04107615469115686,0.0930222578519416,0.09543438322416051,0.09517470936438394,0.0855273533538233,0.083270490860079,0.07621810306020124,0.0913615344152453,0.10139044267796507,0.06847228421434683,0.061184015061423,0.12067668155662464,0.07738821670144133,0.10648170798872869,0.10719782519032854,0.0810395944480721,0.05172909552186099,0.08099695540858753,0.07530273034716385,0.12895056850686493,0.0921784968590642,0.046292330521436185,0.07254513246665201,0.12318227178069563,0.05200158857754991,0.08366626861119221,0.0919724081682221,0.09139596115365183,0.09127843046789307,0.10471355448599985,0.0971273587110364,0.08181611695560845,0.08959309509954773,0.09124837694884097,0.0856913496595332,0.06320554285647362,0.10968920240123799,0.09957309028352328,0.11568682062822495,0.06477936073693621,0.08748710920705653,0.09440310674601889,0.06951039032902785,0.07413507665050942,0.11596233442181758,0.047545535624235954,0.08542430900840225,0.06926848627856834,0.1301280797656286,0.09249938296390321,0.08026799182970704,0.07010186083875079,0.07210999560216842,0.08576706128733594,0.10512108530568894,0.0898142167850799,0.08513567551035285,0.08944467844288027,0.0672021695629822,0.09585584068743236,0.0840800859559335,0.11544082616966013,0.11250665893333396
2015-04-15,0.029923867427541318,-0.031438117583261,0.011229376775603832,-0.0458518211075778,-0.028182226184864184,0.020436678549116412,0.037468792861135136,-0.040345835504013286,-0.029771350821544165,0.0040031509165488685,0.032012087624348186,-0.022626029828752926,-0.016524818934365117,-0.015239087546174084,-0.030459042184785803,-0.0206695533668755,0.020362880191375853,-0.003916779505267328,-0.030172595225852084,-0.04147660167763001,0.04629452979240394,0.033859779840371015,0.002249483274832527,0.015083837667668026,0.020541636213458534,-0.06479823802321955,-0.052022929426215246,-0.002141792337981492,-0.015739276415304523,-0.019561484691763584,0.06041789550044116,0.017729098801790646,-0.014172564613197592,0.0101158415554741,-0.021949818210048714,-0.03203723373143015,0.04947168575676036,-0.008965680483724975,0.02995284011613576,-0.0017328947706486296,-0.03043608269571096,0.02913777825397894,-0.018521201174872624,0.01925043828024968,0.009858913939636602,-0.025459340111488524,-0.004237665697813304,0.029583848327432976,-0.045918978149679775,-0.01874751613861033,0.027598945831462888,-0.0026540076061511344,0.04098487461659632,-0.07085188997595232,0.02417524868680284,-0.06778953145697011,0.012141743139077826,0.006583366462906115,-0.10459636859998953,-0.017781577633961713,-0.0041540496996797715,-0.02077396437671584,0.03089909905872023,-0.011735032189752092,-0.02404405160637518,-0.024103090292567624,0.013750547337821963,-0.03913938506536593,-0.04526244609303971,0.030630691698345314,0.0015579653300784209,0.029043207025170676,-0.05839172856960805,-0.011622969605323207,-0.010520912541294487,-0.08805128056551631,0.017172057864474892,0.018866140165497005,0.02147641541150559,-0.0006734783461953034,0.018457242598164142,-0.1147495593274038,-0.028825919739618535,0.005343001100416311,-0.02170437033874864,-0.05346718351028428,0.01529265968734871,-0.011851469598631637,-0.005238043436074185,0.04316383946069899,-0.027675477461712356,-0.038614580696869995,0.028849144677038096,-0.004022283824111236,0.011592355364787015,-0.0022516698928396546,-0.00488873120943555,-0.05440208909978343,0.003350445441421278,-0.04526299893334406,0.015175675623967383,0.033394030204852834,0.016443367413599613,0.006240607792342194,0.010414861567948798,0.07943163238141927,0.010473353599639463,-0.0028163643780747417,0.003982378045481156,-0.010993222030834051,-0.06496168771925233,-0.005559203715611624,-0.030634518279857796,-0.031494956769875425,-0.01677245342367232,-0.027474855259558402,-0.010469527018126987,-0.003475082667827552,0.01607437562489683,0.0670952802397071,-0.0037555164272416674,0.05823018418430999,0.02558835057390906,-0.0058049257410657615,-0.003667505052454781,-0.008924681396091334,0.0210199589025177,0.03469670788259911
2015-04-16,-0.015092379336818508,-0.03563414491681872,-0.03966972051339816,-0.07353821233630195,-0.07292698485840698,-0.010227533620573236,-0.07247808858887018,-0.028209344668235586,-0.047275808087652235,-0.03430946638402552,0.02470227495761941,-0.02434910716965853,-0.03962429004756553,-0.05214335799829231,-0.06260750862841054,-0.04143555945320258,-0.04593533892614985,-0.017742489843722547,-0.02639753442371956,-0.06578415246795082,-0.033186414451865064,-0.016257616701537844,-0.030742363557844786,-0.02390670096666924,-0.006818085327609344,-0.03425511207669004,-0.07124741935313833,-0.025386976978382787,-0.03679921816331792,-0.04453754084347771,-0.003047897502379126,-0.01838040930145588,-0.015358472065266832,-0.04919091855804963,-0.014985022819344945,-0.04475901436441184,-0.01917138616193489,-0.06602669202119572,-0.05205844629429559,-0.024146022170609044,-0.0031025226486452204,0.009885723449070509,-0.0354322478967465,-0.033523086654017674,-0.01721544235617602,-0.04651565904327394,-0.00979648503404211,-0.031965470682612844,0.02701273864853657,-0.03770593454389437,-0.026664438410486324,-0.0537228852081498,-0.008956291835577735,-0.052654180319470036,-0.031154212364172835,-0.06407399324871062,-0.00862908431380693,-0.030583136129665085,-0.04489773953686508,-0.04157942259500595,-0.0718600757426507,-0.030732898877462986,-0.023139250597424988,-0.025739333508025233,-0.02579882578471083,-0.09212703548092675,0.006378112899575377,-0.07143890531988599,-0.08371158252430903,-0.017460442368344906,-0.04637801554857863,-0.05729565957870483,-0.04427361147054523,-0.01911892479067577,0.014516115511286622,-0.04871606860920739,-0.032650443122815696,-0.01635307476367429,-0.020670321114972554,0.010202384612701594,-0.01638525467697241,-6.976825311922485e-05,-0.05379724329015202,0.013269752314723281,-0.05137104007913742,-0.044416392934590675,-0.047800421800243444,-0.022573262710593345,-0.0684693908180186,-0.004538449452792909,-0.06144389378032809,-0.012378720261636668,-0.00018767109099912286,-0.031209107510387267,-0.05147812617717149,-0.03479108340573941,-0.03905127125530739,-0.05050083032289076,-0.003254497954141849,-0.02225662261214847,-0.017255194013779583,-0.013352500663204162,-0.06779415347763702,-0.018811998726865963,-0.036210244624130465,0.05337457770624477,-0.04391882116594747,-0.037820337307825004,0.008487925366398369,-0.03357203257256355,-0.0319200445326796,-0.0439547869513983,-0.0277466570072853,-0.011089902712537304,-0.06460753080280465,-0.06627628916383578,-0.044824726288205476,-0.02509952111421554,-0.05418394308860843,-0.006235601854969415,-0.06268755278249663,0.00922941546945254,-0.008708317209574573,-0.073834792899921,0.00329641296726125,-0.003033294852647206,-0.047819351161007044,-0.020283621316516152
2015-04-17,0.2467996129688243,0.3410673969966818,0.2217081850533808,0.28697490952530313,0.2966517430069261,0.2674051964948532,0.2375753699482318,0.32329184227932933,0.29093920658608985,0.30307001000377193,0.21471866441445134,0.3310466788023899,0.29611492857962834,0.2469832887810158,0.29417703943016765,0.2531774275546517,0.290904220717101,0.2958645609546769,0.24135712372424578,0.30697530762965275,0.2490026294067162,0.23354762178089009,0.28129403982922524,0.25084868065008115,0.24299216644527172,0.3299260376863407,0.4335913541171261,0.32260087136679955,0.26345069999070686,0.3246316917307619,0.21458856071414903,0.3377672455734676,0.27179865632396916,0.2970256544817445,0.24218858476693397,0.22775199392120524,0.2880304595721884,0.3480317715422755,0.285800110424149,0.29397751064609057,0.2852800079374228,0.26955464082085595,0.25901514778796375,0.2704090613400681,0.2602325466979353,0.278828082719714,0.3281783841995069,0.2503780113813405,0.19425630428959553,0.21218984207160077,0.2821019947411865,0.3381696292823048,0.2585821976592267,0.34875663501538834,0.28639213692594473,0.35862046345343324,0.2244310696382789,0.3110325751239538,0.38913634102475797,0.2621392765578278,0.37082395194368273,0.31603774100617177,0.26120176459976713,0.2592141299178379,0.2647533769563387,0.32181915585657983,0.32140697858755485,0.27155215238972225,0.362059465044197,0.3025506885109686,0.28796431441363135,0.28549726399571423,0.28597449311489026,0.2733243682044049,0.27230759138691635,0.27808900623732447,0.2647916427505453,0.2782929082550251,0.2542729225773653,0.2346759160557806,0.3003864845214862,0.2713753839051772,0.2537262683744144,0.2086475513509965,0.2644713033876161,0.34804001891970776,0.2579759581481542,0.23114179663370343,0.2940611487391421,0.21937834484040428,0.36292044541384455,0.33192624541493787,0.2842569056092188,0.19572352417031558,0.28981747216163467,0.26715646883251065,0.2305104110292952,0.3647741498160509,0.20943306492611968,0.32338040026020737,0.2603211046788133,0.25744351695448014,0.27703177700881754,0.2556297183090892,0.3084829799213911,0.18163788532288128,0.27986180581749404,0.31836520829308645,0.27284167254319935,0.30477775773379034,0.3368122406809125,0.3904505510890141,0.2596049876729477,0.2783158677315491,0.27732259704478734,0.30662326232295234,0.32240024927431654,0.23832373955207153,0.300511668333962,0.23777380542390303,0.27785339827585265,0.2813060662216902,0.20756296089782486,0.2916019507369243,0.2889679715302491,0.2716363000256927,0.26539296237379123,0.2429752201649802
2015-04-20,0.08466609201118368,0.15525508007259042,0.1413575130678867,0.1345824359517996,0.1807010690255826,0.0936318226524771,0.1485871210865409,0.14077346417796638,0.12031959685707656,0.1667291051951066,0.10183558222546388,0.11442772049641392,0.12614129894241288,0.0841085656820166,0.09657361668269072,0.13614306711312976,0.12393939096732748,0.1077340892263148,0.10376233575351701,0.15433926541042173,0.08262606504658025,0.12747350506691424,0.10127695078959875,0.16089414182939363,0.10481218711666611,0.12290665163721559,0.12071798782172419,0.1310673301544026,0.161436196664788,0.1111820221242361,0.13771176607101415,0.09439047840068958,0.15103382731602738,0.14001757119649905,0.12516991015482545,0.07338626794417,0.13126678380797666,0.1454187801832267,0.06839063311562732,0.11934047232260274,0.1418998637817682,0.10976969576412604,0.11719159234824121,0.13268132038148284,0.05347390290532551,0.17793132009572052,0.1572699444131331,0.11680259479052704,0.10149410425576588,0.16065599133596348,0.11471173291781323,0.09527898418592315,0.0950297826255125,0.14264920504788864,0.1450314402855596,0.09285382753704871,0.0868790681740322,0.11070963489056315,0.12298430237160192,0.10228591320491995,0.1824053523323487,0.13253378863729293,0.07512846865364851,0.1139779420703069,0.11631745295008233,0.14235542441622737,0.08828973687409518,0.11921512505329805,0.10135541336516041,0.08662268342008421,0.10898562256185834,0.19401255871053003,0.12125562223032633,0.14104727384644594,0.13849197139983865,0.12811059907834102,0.12191260816231807,0.1256666556155997,0.14535081612129652,0.13539214711180364,0.13142566105074513,0.16911611636202928,0.15050562789555874,0.059045582756686844,0.16209097238338363,0.15725778823945452,0.15347114013858038,0.06779111273193426,0.15467404877940966,0.12176562897147719,0.11840860745623993,0.13286366298666136,0.06247499696095658,0.13701556777834561,0.1222038037772547,0.1347213473460863,0.10727768016001946,0.14430823049643857,0.11066538474289694,0.13478102310778103,0.10001602404712176,0.06185889997679276,0.06044270574323951,0.10965752743427379,0.12160980892705192,0.10902485384963918,0.14790748046723912,0.1083938528983993,0.059151941119915126,0.12123020477627115,0.12599266209152496,0.14341743195305506,0.07029086408292722,0.08680780078349397,0.05570290311529578,0.15160682513896717,0.10319320580402039,0.10517245190023096,0.11790383361513554,0.09704107681596659,0.11837847694194875,0.11005812861231752,0.10100177922178387,0.09825218749405383,0.147327852004111,0.11702914166362763,0.1343113527611091,0.11359502259943197
2015-04-21,-0.07671537688133029,-0.09298114317593854,-0.07465060241644182,-0.04490814518917927,-0.07543427946245364,-0.06890937760205337,-0.09171618638923008,-0.040442083062145064,-0.08049571525422086,-0.07323174044480803,-0.09126845159276945,-0.031079739562888627,-0.05033177120187342,-0.09526080057861207,-0.04028681563588191,-0.11563725068815345,-0.06735811486147883,-0.10226477302513697,-0.07471779086635204,-0.08046923543161282,-0.07215728985506704,-0.08542277414616763,-0.06782504635791382,-0.08091042043454916,-0.07852777120243831,-0.0801346479120562,-0.0334527904450123,-0.0871708030614793,-0.05819874823401005,-0.07635854410533643,-0.05108241863175289,-0.11714166743124124,-0.07561834193867831,-0.0734793214135949,-0.06774091964332034,-0.1125909037848705,-0.0987156419651728,-0.10626756727420092,-0.10047750379664244,-0.07685850521790377,-0.056126932003717385,-0.06553442836391532,-0.08411344628615221,-0.06547260369782144,-0.0988697801737904,-0.03254151639835981,-0.10773950247517557,-0.07416532113326663,-0.08040029636317188,-0.11245172771005642,-0.06702273722075043,-0.05499628699122977,-0.09680359418684498,-0.08696105088381835,-0.08382493117771414,-0.06121375934762898,-0.08385937231590343,-0.04483535494105336,-0.07952684651433882,-0.06367601842375113,-0.09149062697080464,-0.037255430866402484,-0.06489416195888836,-0.06017854907107088,-0.09276805262606007,-0.09033882316607028,-0.07418423552882959,-0.05868803148262924,-0.06368109990315611,-0.05214473013180421,-0.09359578237149853,-0.12451346599100052,-0.08769278391813486,-0.08561784649443642,-0.03263862452257063,-0.07552151152557238,-0.06877754144193539,-0.07638225767589299,-0.0869167290912305,-0.05412735401297892,-0.09155837822326446,-0.01809403682157186,-0.09955889929494463,-0.08612855948910877,-0.06129026384311501,-0.0951148491979247,-0.04914693958727991,-0.05405169643072706,-0.08034637622059684,-0.05471567640631055,-0.05791954917114776,-0.05291062199989862,-0.10128150676027417,-0.08383678796299242,-0.07532897991700607,-0.06571482088279194,-0.06588900270461806,-0.058914962841676605,-0.05695491499743654,-0.03566212993747804,-0.08735317171123563,-0.03536257978804902,-0.04594165530038576,-0.08129209599874512,-0.07831350215419516,-0.08891149206209487,-0.06726551901454372,-0.06949125603815383,-0.04838274154565383,-0.08114360387835526,-0.014501695308566629,-0.0985301679668912,-0.08522600797143051,-0.06606572526614668,-0.07686415130613153,-0.08988544228138189,-0.04644698019676946,-0.10322771337237989,-0.06575744884891148,-0.11990569338833307,-0.06037729137668771,-0.06921765401928857,-0.0851037701612997,-0.07537529911925309,-0.0686798641155953,-0.07625211534224334,-0.03951189002662311,-0.09947334700533696
2015-04-22,0.05747217893887655,0.10222462214660483,0.08387704582877477,0.135000995287144,0.08727082849849153,0.06459321914724768,0.07740333079158793,0.06552509144757926,0.09350197261545604,0.08709180121340715,0.052788184199184435,0.08044237421123009,0.0944247367083292,0.10218148062195406,0.11439511984882139,0.0687923394003691,0.10503707632971963,0.04836775740697764,0.06528196797400788,0.06954051584737521,0.038756644454022035,0.025714727756964935,0.1321420283128336,0.1091408900529346,0.07254970217374487,0.04044358982859795,0.07065556881377255,0.08134800915028347,0.08337864270795346,0.06497309065190245,0.12981356850003867,0.06843401800688796,0.07130424692504062,0.04964857607001955,0.06610803523080154,0.08072914939937452,0.06725624109007725,0.10440937572522627,0.06280155599023085,0.060715667097658285,0.09950656985931992,0.024796936644233002,0.065305727768016,0.10909834344505961,0.04591663075069898,0.07674192443280399,0.023816154449712117,0.06322978483572589,0.09802406922388357,0.0499679519057565,0.07558543027329288,0.0657356142735581,0.1065007901512891,0.0856772764752183,0.0632855927239775,0.09185315342196289,0.10653560101227773,0.09559589994251044,0.06118451706623475,0.06747560476964051,0.11142830778146443,0.1035379990938125,0.08028876438020091,0.08417321442385263,0.07980417509310525,0.030993269900208866,0.09292068649228083,0.04913028781541005,0.0934760026080518,0.1299550221573893,0.09593818033131099,0.07572080584380422,0.06140359601719546,0.09178629446673077,0.009584037838853341,0.0722380620848943,0.09923913403839141,0.0920736222082242,0.05114212777243643,0.08958768469095692,0.07597277017096,0.11382611568939716,0.0476571738001304,0.05840654665207926,0.08123528826708218,0.047893666633513465,0.0419111715236106,-0.004886229265435578,0.06986374034413023,0.06355579131165114,0.06994330802638994,0.06549470101338284,0.05615765452154405,0.08259677971908189,0.07980914807324647,0.10150018234260516,0.1043673816707003,0.08117839769983337,0.0753699344671728,0.032770281470675997,0.12196344307042846,0.06263689509222116,0.04861861662743537,0.03687630540728708,0.05791974715158749,0.08608670667152912,0.07666732973068549,0.0769422356504991,0.08666357236791211,0.032506713523190664,0.08546287394047897,0.06552730166097537,0.09985467846920622,0.022634795389494856,0.07293151653792174,0.07529257699830919,0.06404590613223707,0.06828399031926533,0.0567914332128767,0.06414868105515587,0.06118699510437733,0.058226414260296844,0.09341190641956482,0.05061554443081479,0.057961188652764416,0.09218468543137841,0.08012134071544608,0.07893445612173856
2015-04-23,0.005049255795293284,0.0362023020243045,0.028104277620241477,0.013106339783183383,0.0946746163728121,0.05415321489396732,0.05775072938228406,0.04921338817986707,0.03022088755011458,0.06961990517662492,0.020405714338460588,0.07808607734335157,0.0505653323052177,0.02694095819474682,0.058014536409316655,0.09978166356550805,0.07869770296586326,0.037292842254501614,0.04619592808770315,0.04232631243661546,0.03580203824372511,0.07544185335941328,0.05460457640979287,0.05762926042663214,0.06022719778209514,0.06492863498190933,0.025136047236976128,0.05684747124510146,0.03402789585401603,0.05150256964365095,0.023263980535001394,0.09499380682235559,0.04533039489049173,0.06626318817748601,0.026411203718555598,-0.002849704508036709,0.02154923485928951,0.03335526820091263,0.07002337474738066,0.05213024843210782,0.03728722364642079,0.039149926001594164,0.07608157202232904,0.06323235044703443,0.08174566407332304,0.06399434072389937,0.07403131517836271,0.06316867288878518,0.07872338803137555,0.05306775332330683,0.035154292997836754,0.0851071970222455,0.021846753534807008,0.006742329696979164,0.017261701788095423,0.05888542066184314,0.04548584304739431,0.06517909052892494,0.051270868948508734,0.021651707568572966,0.01872148971399801,0.03290470934338434,0.056898841376126066,0.023443240888056,0.04628743113359071,0.12204767228425024,0.08188639682810919,0.07136810449542218,0.03920771739899684,0.08366294719271004,0.054934468969966496,0.06358419934612819,0.05104345592602701,0.028946801279598124,0.010515626352395717,0.07129826367619438,0.04058106574560772,0.05441595170993691,0.07593441800116481,0.043475184012759446,0.0444501462911639,0.0484540928767008,0.06811652618585802,0.0628938961983567,0.033985354964261284,0.08496539405639635,0.04165475499457508,0.02611127706814633,0.018785949894591068,0.04941164477929015,0.10517044382054207,0.06562321074063968,0.04448546325624331,0.05567211194514791,0.007637026145657668,0.0497396644701035,-0.008263902275817277,0.06366124604690737,0.01636727289218267,0.047976230609110715,-0.006109834958738737,0.05134284064249633,0.03681713343699253,0.067986495541702,0.06720283349081103,0.04640461924499059,0.047719373535901534,0.10045299376949984,0.026358763376467986,0.05530716997266062,0.017172341461587446,0.09791762344650591,0.06666398222058421,0.07227590148225635,0.06866153116969717,0.05782671436775796,0.025449083972907308,0.0629527578068224,0.059042741688105985,0.04885754300141539,0.03133899055819696,0.04436720493378043,0.027519674827070868,0.08238297476134701,0.07223550101462763,0.047806863290302815,0.04859721416033758,0.05560629396477264
2015-04-24,0.08552510300111223,0.14063429536835523,0.11592230375743029,0.09110012360939757,0.11195342656119026,0.09779132545889976,0.08223045868437368,0.10121225466417985,0.07594671526851192,0.08788224255206778,0.1073483089731032,0.07927614144014539,0.10668210267550056,0.08420285740964545,0.1259994097786777,0.10773090937694729,0.1033628435076056,0.10755753520793263,0.03881200166631841,0.1055738992680025,0.10362183455020775,0.09474550518102486,0.10431212059350686,0.08703677592539133,0.08002368376765615,0.081995547387468,0.05977689848059481,0.11137283713717509,0.07321928273929047,0.08199501228200808,0.05637416286095205,0.07672154797447868,0.06809136711685981,0.10292940808506894,0.06987487361477919,0.05585189993206837,0.07553254364253244,0.10579436271749028,0.07496319143317565,0.08592054593599445,0.07450674647586233,0.08861694234854042,0.1409486510125132,0.0836864806408209,0.10036946356480302,0.0808177802701801,0.07636035178903147,0.07119230325710668,0.09058880596835227,0.053069886645934906,0.07157383345003092,0.08491401256588152,0.10508748840493357,0.10040531563061779,0.08701216107423491,0.08014568781251831,0.09389254707790949,0.07863080425547969,0.09116297412684836,0.0806775826396806,0.07236741420919678,0.06769699439289745,0.07060208193481293,0.08533728098467969,0.11106247597042046,0.1469364811090382,0.11866900008320891,0.10307014082102836,0.14032632336262413,0.10357688569157432,0.09574240665285919,0.09314500475039873,0.10429713764062906,0.06982886388667811,0.07799991491823188,0.11042837600041312,0.08904663203285762,0.083809019791143,0.06673701519779772,0.09709568836100142,0.08608696373403012,0.07166400830697892,0.07938851358672898,0.08827340464327062,0.08579265573107311,0.11201228816178167,0.07190773925702212,0.10205344044717694,0.09746865686656693,0.0764347314479606,0.09642145548149993,0.06095734112518231,0.11688656379620938,0.09116993049782735,0.08676066150807167,0.11688602869074946,0.0646897017081369,0.09002214132913072,0.09640272679040268,0.11696522429881788,0.08467000447615719,0.11781176113641419,0.06143358498451272,0.09848589234587828,0.05880835759813634,0.07665358958106862,0.09262648755973452,0.08731905573672674,0.11045459616794928,0.09180296025691485,0.0682872157151912,0.07619553930737555,0.10178695792813588,0.09369509316319835,0.08894068115179311,0.07958971323965956,0.06474428246504893,0.06742516081925716,0.06530186235428745,0.10280686893474685,0.09542562422058547,0.06987487361477919,0.0855020934663356,0.03612310156262888,0.08784692559171295,0.1149189810200769,0.08735730409588448,0.07781958437823823
2015-04-27,0.195891112640528,0.1918682456851456,0.20299652810349486,0.25228913640003775,0.19901502271983723,0.1636713042055663,0.22674961295187993,0.23944459047944347,0.23461911073090794,0.21641734454014486,0.19593538069380687,0.2543424930252017,0.24246634351272467,0.2257909083660782,0.21973561494805105,0.21690612671421758,0.2123391828744761,0.2703125206719672,0.23665177400572257,0.25304797989322564,0.18439556360979137,0.22529164854625902,0.19437342565415222,0.25187684103991426,0.23215895950963739,0.21011425480021378,0.18988011214436767,0.22322309933476273,0.24316677413087595,0.22838543539404718,0.22176120581198688,0.27348174656912994,0.2321047376928994,0.22445343688654165,0.20550409067176814,0.25073477765354935,0.2512047000652784,0.18835244652594477,0.22184476503681494,0.24874638243201347,0.259251793939709,0.1956223610271311,0.22122370258519308,0.23702058713599822,0.2207320390585401,0.21623058050471408,0.22224003422260039,0.25651608063530634,0.2467647976802129,0.23285755653978313,0.2416794723171649,0.26047401131603437,0.19292672471770875,0.222785395683704,0.23225640161507952,0.23776895298343967,0.2350410979133469,0.18121562185953868,0.23705797584391458,0.19898018454773025,0.21252432779538308,0.2654419870467219,0.19131997774248796,0.20311492550042992,0.2377906940983636,0.22407545581623783,0.22942298426409113,0.20934205230869912,0.22076399587806683,0.17102975481331031,0.20810595205175964,0.2230284770650221,0.25873632765566557,0.18761612997111177,0.2161941706857451,0.22851300073101039,0.2469819468883084,0.22201895589734996,0.21000843057817442,0.1732132961868741,0.24679911197003251,0.2487982467784585,0.2005924322869679,0.21759424609861677,0.1917676351570058,0.16697909696772603,0.21610642040261843,0.18976011823198263,0.19622796895127695,0.2055918409548948,0.26435519324166956,0.21515897928599412,0.22871914841107213,0.17187163364903896,0.17957951374242764,0.24098244693388118,0.18651335775629607,0.2514118955099148,0.1960935931445785,0.25166755006612856,0.24472610975909398,0.21452508171833287,0.23200598588173896,0.1885709054397586,0.25172229576515387,0.235351498168586,0.24362150395627266,0.19858939437062922,0.24468577082297008,0.2252070415568563,0.23291180886096807,0.22960948635837825,0.20251088922314608,0.2642035293194894,0.203970425275629,0.21255502237685336,0.26509674861937577,0.2381547922880533,0.26788013521192483,0.22162263894698986,0.20763000499372639,0.21735064083501143,0.2587187437123574,0.2717037256709766,0.21897808116058148,0.21974321124121726,0.24273273765582856,0.23528575094152687
2015-04-28,0.14583661373571502,0.13869932560719375,0.16818259575857797,0.1315737976262693,0.1702665235406873,0.20137060863524908,0.13664149045913315,0.19519146531748457,0.16854753845117076,0.12820581938447023,0.1597935792895022,0.18672209924989763,0.17891678373516773,0.20984826885494046,0.22061200474840206,0.18742658379426355,0.16741746022694876,0.1556910843048723,0.20254267600449957,0.1233587130166623,0.21022720792920943,0.16886893684521556,0.17414816465965463,0.19609293597432959,0.1752673568092397,0.14677694433068786,0.13008962868117796,0.22005837009543458,0.16584312648063576,0.14517461782102256,0.15295919795549148,0.22962411939431954,0.18786772900931537,0.17185327644927345,0.1572187634455981,0.167228768266574,0.16304022145386118,0.17504341470242138,0.18467914590968706,0.16441445878065597,0.18402183435541478,0.16742782791707922,0.18442047204093165,0.18072698243194907,0.2167795880916711,0.13677575204632283,0.19422934367337627,0.18162845308879408,0.1508504097829524,0.14515025374921592,0.18936845215570197,0.1498452622248026,0.15672474301088088,0.16742886468609225,0.13625011015670765,0.13176763932879573,0.17873897784943005,0.11581491955253387,0.14620727765381678,0.16021502589330608,0.09484878751538066,0.18261753072724163,0.2030133691364232,0.16927638706734333,0.1934906457515798,0.1974194819265242,0.14916669690576287,0.17526848443474308,0.16886323461564381,0.14433846361199956,0.1971546129941663,0.14515751113230727,0.10966268720160491,0.15480464679871647,0.16537658042476425,0.18375071925850278,0.20556848636907937,0.1851337691219085,0.15904866075362736,0.1969576013312114,0.20235139212159226,0.14243291908353184,0.1441025986615312,0.1657980270285682,0.13004504761361693,0.16425842504419227,0.15313596707221613,0.17638654895882472,0.15042637125661587,0.17098653755436558,0.15713945061609996,0.12064466297231309,0.17947456546418739,0.17983587946523455,0.19354870481631042,0.19930536476125799,0.19013980830140945,0.16440136781047218,0.14708745665009565,0.1336519843307906,0.14850109119938623,0.20367223584421507,0.1864639437656487,0.1823282721726013,0.20938379633709508,0.1959623030786856,0.14839741429808145,0.14400829000718188,0.17440839368192962,0.14437526891196273,0.1549834894534672,0.15013452077944292,0.1747380862280788,0.14568885525149425,0.15589221749340354,0.18637841032207228,0.18487405848414,0.1904632802334804,0.17821126242178872,0.2037593244413111,0.18671691540483237,0.20480179568393062,0.21453964863898148,0.2118619883835257,0.2274235771641257,0.1400545340500863,0.1873752637281177,0.2092236155245792
2015-04-29,0.1324305827079173,0.2037539126748429,0.13589702484465813,0.1269590264415348,0.09892656671258811,0.13800944472012083,0.15353871151993326,0.16463837639684292,0.16039357881396535,0.20120319807429957,0.140606036414892,0.18330750262872345,0.14885691517508876,0.10780521000510028,0.11963216938146376,0.136869774757862,0.14348462968322187,0.1416295880821561,0.11797255901795609,0.16812583492448543,0.11166769846941256,0.1412931560578186,0.1641028844382287,0.11903732231223836,0.17543452671250517,0.12360040843586051,0.1287096134156299,0.10774326296826156,0.15539401231362182,0.12643079187635775,0.12523617307807464,0.14098575360722979,0.16285357599654401,0.13684515145870016,0.13197388530662094,0.11996108481974131,0.14598246898872297,0.15582245771903774,0.15902426418794458,0.15114429007091185,0.17264794682525372,0.14721881779926985,0.14300849283521883,0.15047997937878782,0.13246194501527078,0.1755034719501583,0.0844283681660997,0.12416778108707374,0.10814993619336598,0.11530805885602277,0.18325410894843566,0.17470489947944656,0.15537172174806477,0.13336730484655804,0.17422694828308422,0.14064958077551507,0.14696169871749576,0.10920175400863573,0.1654278771257582,0.1408177967876838,0.15010811577887445,0.1542927028595309,0.1507904921408497,0.1387592889777544,0.12455993952530381,0.15057717661232137,0.15159321169352552,0.08539944439469356,0.1346681926201712,0.1342402656000008,0.17161402745307938,0.1553325836620286,0.17132113978936492,0.1695897550475306,0.17440760554114526,0.17698112909249114,0.16308425743079702,0.14043807959534602,0.15085347594817944,0.15381475166316855,0.12896984280887708,0.1269040776055105,0.13183936433541052,0.1650906675235524,0.14411032067455526,0.1832626623049866,0.20189005852460337,0.12394617139461724,0.11715428790791489,0.16134611170259422,0.13884534092850942,0.1342550395794979,0.15928527115906,0.14048240153383731,0.08650787057847235,0.13396915011659782,0.10949618267596148,0.18331605598527437,0.11234626475578817,0.13809110829236293,0.14749330278676864,0.12485230880377277,0.1647161341836698,0.1652308907324635,0.14155053433221543,0.11278196755464126,0.12565217723759825,0.16593589466636025,0.15845300364738996,0.16174760107524352,0.10618007226041919,0.12917978883330958,0.13307649072382563,0.13108018914335773,0.11496229589726607,0.14153213165599976,0.16386002095070618,0.15481264326077976,0.13056128551259988,0.16883755607811543,0.10242799985340105,0.12946412314047306,0.11042590661378779,0.13201977951010194,0.1588804122823149,0.20467067698153144,0.11667555913368427,0.14396309926482975
2015-04-30,0.25310603565759643,0.17820115187781072,0.26549735220585974,0.18024301098866638,0.2224046481732285,0.2361979560998802,0.22125361748719516,0.17907633758342856,0.2820321674426682,0.18486325818984273,0.20913179248409783,0.21389792782709335,0.23780537521800224,0.250109332031585,0.16894737343692257,0.24452042682378003,0.23736698818578714,0.22940825162992085,0.22333436753140448,0.2439327663509339,0.2598475599102471,0.2329365260051399,0.20577664921942754,0.22749798543157296,0.22892274328627202,0.25920692185592314,0.24013076430380378,0.222279167827051,0.21141055792691643,0.2152776821821085,0.19440347066989563,0.2231543535326688,0.2319358599533446,0.23564520723317423,0.21601309231223742,0.26915322473900616,0.2520201276828704,0.24085449468482195,0.2325881459722927,0.22278691319407307,0.253921922634219,0.22730367620352593,0.23109773595334882,0.20810677159717947,0.17791312947983365,0.23363963950608393,0.2845285380427819,0.2397712339747832,0.2398268265332163,0.21399111154408593,0.23437981471265,0.22027254119408576,0.2000373793773845,0.21852958212397455,0.21731766435013355,0.2435817067656673,0.23666175687309327,0.24743383986559134,0.20726152741633597,0.23922854471388894,0.19438201295431096,0.2444092417069139,0.21340077151882042,0.22506991426039127,0.23965104815798025,0.22225534244486542,0.20550292205076184,0.20540129427435136,0.20701927526364106,0.17193242909830986,0.22353397128882607,0.22393000208604455,0.2669597012191183,0.22330948324334396,0.21009380847145875,0.2504063551294989,0.2004196443982291,0.23872662332917888,0.2478316254946414,0.2206542767619929,0.30928681630418553,0.20222677434336073,0.23653574707397831,0.2528698996474902,0.22827098672026142,0.25385150539353707,0.19822082634896665,0.2142828401126252,0.25767150833729535,0.1976701952940105,0.24490060644871325,0.21525068008229814,0.2324907266318004,0.22890262407464862,0.27146111009338486,0.25597355276686806,0.21950059881127224,0.24422082111290305,0.22860030644736015,0.23352266131672253,0.24483915749212964,0.20051282811522164,0.2591947444383616,0.2213520957335623,0.2649970191799621,0.17095929459926235,0.19249744009504735,0.25863541164375925,0.21094834551251573,0.26139144467587416,0.2221076544742041,0.2183691578839248,0.18045026795613164,0.23921477893751503,0.1991182490779577,0.2003322846635485,0.23617360126475717,0.20670689803054096,0.24196105132410883,0.22827522234376108,0.2243551527948232,0.23209734309926924,0.2134664236830652,0.20072725655489207,0.2570255757535968,0.2326072062780411,0.2661792875893054,0.22903234004432577
2015-05-04,0.07524654452940226,0.04043663709418056,0.10871273618910728,0.07950878326914965,0.09675830813393305,0.08043340540519427,0.10997309490658945,0.09075659995544653,0.09381259794462034,0.055319590960549635,0.10570110980313342,0.05787801143407112,0.08281664781521549,0.12337126720692185,0.09355457578959651,0.09331835471128941,0.06381380341589646,0.11781917417531085,0.08386540784691768,0.09979404394592306,0.07473101318586561,0.09918489621413222,0.09289720920577339,0.09491342407718718,0.11255100810752824,0.09213930118579786,0.08673571195911609,0.11678913742125949,0.07221978563135445,0.11403348132426552,0.08910997745519511,0.08577800348311314,0.0904852406711372,0.1264172623491315,0.10511145479875988,0.12701486833442524,0.09606118664550885,0.08256452477506795,0.09585343520856124,0.10378415395159461,0.12827654236893207,0.03905111454801885,0.1180146144159949,0.06248701553524216,0.10583268571320024,0.07574360907854359,0.09845186706993932,0.12715849895750014,0.09043035325446215,0.10734106373874211,0.07840128857194006,0.08500419350129718,0.0934758354301608,0.1397469536202478,0.07421317349302953,0.08928900276752774,0.1243910446307536,0.07631813157084316,0.09177304309695687,0.11173667377134472,0.04409358100559518,0.11299369820650551,0.09286976549743586,0.0633352056611505,0.1377789576008663,0.1307266940078892,0.11111111111120246,0.07753824230445112,0.10269538253203585,0.06252600099007677,0.12363621440984393,0.1113519488881084,0.06414312791594676,0.08955907963555965,0.09337555047726388,0.07420445306234284,0.07821046502985483,0.1069329988792561,0.08339270920704799,0.12695279938659643,0.13000161584461647,0.02581503966515669,0.09735463170294932,0.06721502786696099,0.08859906281025728,0.09416705780370871,0.060959914232049495,0.06431163741480427,0.1290898178713464,0.0684707698858443,0.07116050978617712,0.09747979553162889,0.10359307392625391,0.08349761085854376,0.09794608209011128,0.09392955430912417,0.058956267040154754,0.0646676361734256,0.12173541700340103,0.05128485286842266,0.1353510871043897,0.12452518537337529,0.13576376866247453,0.11154200298042716,0.11567523064266261,0.13560167124500427,0.07601266001355352,0.10728668928857801,0.0882982079515665,0.09642000671994058,0.08842593661280096,0.08140188617792782,0.05993936735845129,0.13517873035669983,0.12397092505825953,0.06891961558295334,0.07854825347733632,0.10176845204669181,0.10108158988848724,0.10914055025926607,0.10915337442204061,0.10357922383045741,0.12191957198084351,0.09392725800519452,0.1272074872592989,0.07860750110935472,0.09393801825655537,0.11389728871559986
2015-05-05,0.2657594764986603,0.15484726559055825,0.27578630184154873,0.22793425916302407,0.24083721263158264,0.2644792510327818,0.23354698343720764,0.23967069474078614,0.2455187666994115,0.21498396799352124,0.29324650609387076,0.21463624616793567,0.29141449431498284,0.2810145659913566,0.26308836373043964,0.27831071153298953,0.28510220102862327,0.2526074695218778,0.2319697984560481,0.27731956996672635,0.2649282436674248,0.26952426324239054,0.2717755717043933,0.24614821934718675,0.24761575773808872,0.2789731596824627,0.2594081949944544,0.2851813902326982,0.26481555133854884,0.27862366117601656,0.23025834716413318,0.22556105678011,0.2983204528203531,0.28210265611273266,0.24390858621655398,0.23383379049042782,0.22337497788684846,0.24662081645612127,0.20411905690750612,0.2776822741314203,0.2385346528672572,0.25601159005089485,0.29874457192294684,0.28392248493714756,0.25819846314564776,0.24793403742369766,0.2699547276337724,0.25757583064292683,0.20865340027545204,0.24481088628221578,0.23634322530032884,0.2318827410938759,0.28374583209728804,0.2527100093886928,0.259689319432453,0.3062447032704308,0.2548113152237459,0.20231928213880157,0.2123636714358964,0.22621487533683146,0.24801938741224397,0.2654719080107855,0.21897109365638504,0.2285760842006434,0.23709247700042263,0.2625545980375882,0.20388250454148737,0.24259285791986013,0.2554280772939451,0.19067262853095776,0.2666280196279696,0.24326111294862063,0.2435207621658279,0.25687835649934354,0.27856579214226945,0.2584296527022478,0.2567915529487229,0.2427430835719636,0.26266627512025803,0.2792713882555014,0.32533234719111376,0.20045412101143362,0.28879379978929637,0.18961882703273247,0.2744147042171222,0.20485511040692078,0.2375394391426534,0.23845163785882456,0.2586446310863872,0.23386094832644075,0.27642286121276666,0.25550041358612896,0.27147734313135463,0.2519171021017371,0.2486218667283231,0.22109016630004472,0.16708236768626916,0.32278736270361513,0.16503334703082964,0.27449711333599525,0.2502609817280541,0.2846483859745013,0.26071725621611824,0.2662097381910608,0.21999674613608666,0.23212893829885256,0.24720839019789542,0.3042782099838518,0.24457357248154243,0.28937181894833136,0.30638506105842256,0.2443420963465541,0.26172920287203766,0.21354818314702473,0.2614863052172308,0.24255780113935232,0.22135489174828246,0.21310423964294706,0.27140602208537684,0.21085851503507774,0.21059099765977327,0.2270486462835822,0.23946231545698635,0.25584341039614994,0.2680932737149078,0.2735136732092181,0.2543168903213805,0.2757015287833403
2015-05-06,-0.014262504409903998,0.05493510847060444,-0.0052240449183737,0.031004216842310566,0.03246689542381848,0.00951090110286398,0.0367129708177539,0.013601291340404421,0.034878091725744596,0.0018836108543075635,-0.03073845675998696,-0.029148262411306827,-0.02795638609867512,-0.029126461359752342,0.023850093917647877,-0.012603829111046837,-0.02054915822933928,-0.060135251159014934,0.04893592273399589,-0.0214512693185891,-0.025473374568098932,0.01822208833811753,-0.031007763867424723,0.0038518610852384242,0.007143819869965762,-0.009998475208806066,0.026920454877716604,-0.062260725444097546,0.01322810863438352,-0.028330338253574422,-0.04700870977657936,0.007702696238638991,-0.005811390895547491,-0.019077971973850694,0.012444809676178824,-0.0024835244964951167,-0.02648263501359189,-0.024011421699151072,0.025283577178095176,-0.007341824714672386,-0.018150793058440518,-0.0013421753268779246,-0.014368944838081784,-0.03904363147040815,0.02531076437179842,-0.03759989371344797,0.01355871516913331,-0.012391204737650735,-0.03249690809752715,-0.03674580063656536,0.03199394084656587,0.03784637386910236,0.0012406080749299679,-0.007039432208210841,-0.029665845023506266,0.011161112464058813,0.03083130359131312,-0.013675430699513979,-0.005398454023115273,0.013508188026118797,-0.009543014096776095,-0.028988986493479346,-0.005435130394013015,-0.004792127614635418,0.03278365187875718,-0.050490209468351,0.03386088030850824,0.036259023878974075,0.0027387250411623314,0.02369133096573933,0.008507283282479244,0.011471714799119955,0.06194243803499146,-0.02488910638643872,-0.026587536544012885,-0.001337558976668648,-0.02969559704680415,-0.007338490436199347,-0.041887001559032015,-0.02164562288105018,-0.04557881727756456,0.040883232114332486,-0.05816905279175979,-0.0021931857863812603,-0.0192298098858537,0.005461035873250209,-0.03347512993747358,0.003351719314282576,-0.027104606190293392,-0.000792532344745421,0.015606988083417107,-0.0141732501576088,-0.02877482322232646,-0.01787891413835398,0.005131967535925931,0.012105995686726169,0.014220697687511281,-0.012348633317200956,0.004755963517350919,-0.008449062734201032,0.0027184628873646328,-0.008283373658866703,0.007405432488619591,-0.037443690769268366,-0.01965223732009179,-0.03748011134951233,-0.014758542453508418,0.011396827611538317,0.019848446784082166,-0.0043112220656394105,-0.02050966248377104,0.0019095156332134817,-0.04819519994706231,-0.00490241528720517,-0.0021672810074753416,-0.03192828120894295,0.004003955480200895,0.0319300765896592,-0.04431230442372868,0.01909823412764839,0.0011100582485625184,-0.01759011432599691,-0.01913208987829771,-0.021449926382978733,0.01632385795512049,-0.010100042460754022,0.021654599784631436,0.006246898960718276
2015-05-07,0.22624743677375259,0.2465112849354522,0.23049941073047617,0.27231710957890454,0.1808561143606073,0.1745322713230287,0.24473421315526578,0.21873915558126084,0.2072912966366111,0.2588176906533774,0.2422796715479642,0.23551826863765246,0.2498654105842809,0.19710687258825899,0.2396096842823415,0.20159070711060442,0.21801895152344444,0.2317387362316759,0.2719060143963867,0.18591983872348183,0.2552951541398268,0.223690814961675,0.240379646027913,0.23836369022505094,0.1992007992007992,0.2303285931013787,0.1974805935374774,0.17753876418831488,0.24937809302379266,0.2534382177514398,0.24394732353654044,0.2431978804250948,0.20703019701736006,0.2693145109062952,0.2319003204754167,0.2848460910078368,0.2055123310579023,0.22260896997739102,0.24439103899951137,0.22910927326845168,0.20450815372895,0.24518203234506186,0.22647775844181492,0.22317579724511688,0.2242056049477633,0.24213658512688857,0.21442408682460032,0.23467700463849372,0.18329321512890187,0.24356875473691902,0.24261771604518717,0.2402740058752571,0.21457592471713136,0.19864630858824375,0.2128190166701078,0.24856965883923524,0.21731208457780984,0.20488184973635332,0.2575343161419708,0.2204960636282844,0.18536325252998265,0.22291523917869724,0.2507194987297683,0.21035729354086222,0.22022983435050186,0.213316593547659,0.23148071440754367,0.21589076694336334,0.25040299879837746,0.23518894455993297,0.24794794422522276,0.3064527257081814,0.255119496052024,0.21299855471870877,0.23854887089803647,0.23626053022715407,0.22832187068387327,0.240270384301193,0.23239122879687704,0.2573629194938566,0.22700303547543596,0.21777295133422475,0.2410213663101981,0.16624889872643403,0.27090162725592765,0.20281159184994785,0.2403083437743258,0.23279544588915574,0.2642700047064617,0.23717976503599095,0.1945128042689018,0.21370958020403413,0.2460545872612625,0.2374254756796477,0.26879231166779305,0.20989254647791233,0.25055381075920224,0.24573507256161148,0.25346335307824397,0.2648484416349955,0.27684536259632536,0.2033204279674113,0.23458980044345895,0.21336583826956096,0.23841960350304378,0.20608069722318756,0.228380861756985,0.21077121733628634,0.2220113647584764,0.24180979482648285,0.1994716707518006,0.19804252230439648,0.20630947999369048,0.23450208328257108,0.1864453902964814,0.210025404633877,0.23520689836479308,0.2547873179452127,0.224194547429464,0.24303475728379448,0.23370903807360804,0.26083005569526746,0.2204822135502495,0.24899497139446006,0.21736030336800555,0.19632306076465253,0.17819330861692864,0.2470687207529313
2015-05-08,0.009771737293062514,0.08333414764488381,0.07665915215839629,0.10228778002062802,0.0524282894079004,0.04559314952992186,0.0887091002032128,-0.021031316768253146,0.02034450323279789,0.08222421999963496,0.05593596237907244,0.06659350131246712,0.04847593893705443,0.05470193155520569,-0.011461105693650152,0.0023787200496255033,0.004026971010174801,0.06970421331931839,0.04725307581295118,-0.005704665536190774,0.02549687380550358,0.08236736960569437,0.03972300043605303,0.07134028133467114,0.044937300980174504,0.07610584339738652,0.06167971341652711,0.00807373930629399,0.01161694586762263,0.05816544135004026,-0.012972298520738314,0.03950319979979869,0.05473188129548053,0.05390750200384763,0.08803954584011933,0.12166193646900221,0.07123672630050051,0.1229411457146395,0.11766897618083445,0.019493219937189277,0.05414608468061331,0.03680670792962996,0.028521797573262515,0.10206617674307533,0.08211660398373213,0.07238852224429057,0.04709469752539609,0.03980066671168101,0.03627218120913153,0.03665848209640533,0.09309699096483527,0.08311662073528191,0.09816001993943296,0.04768353987656246,0.0726123838622771,0.03861079906415174,0.06791433562085926,0.011694359815972362,0.09072233189694194,0.03795038190995567,0.06599508950605648,0.0319563728732553,0.06104264690729109,0.049799818981745715,0.05372983405306467,0.07868304392917241,0.0776353106422695,0.08110592715513538,0.038813340528044304,0.06641380287081808,0.04648859600186795,0.035918875798431706,0.08936139539394451,0.04812821737623636,0.10172251616398947,0.018832295160276687,0.04766475783605112,0.06967274071089398,0.043613420935483226,0.07643782865399239,-0.005890961625246259,-0.0020764320394910584,0.017288106856614548,0.04556067902178565,0.0723377599726383,0.05090491363561569,0.04135805320597274,0.049150061904596615,0.11156227490106602,0.07573730930519101,-0.013971300026855041,0.0876085852718136,0.095994501430747,0.024032889891052036,0.070119448701434,0.06148377104794934,0.057321772395179486,0.09206402547049036,0.04174587696139611,0.06129342030773299,0.03111727252284323,0.05287601264387344,0.029602018714022883,0.03378279940730407,0.08946951903256385,0.056017689636432604,0.0721164364682344,0.09436147915169338,0.03455489355913514,0.015962196321057182,-0.005313286973843394,0.01737998656830516,0.020692732416332484,0.05484051255681639,0.016962213072606955,0.09448026286735971,0.05138613997087923,0.08274301041592118,0.10520480799933538,0.06199951572793643,0.08142116086209601,0.021675489995520485,0.05270849714742094,0.06768438253027445,0.07060422839571319,0.05963856247338922,0.048611474202366,0.08242676146352752
2015-05-11,0.03936915378482753,0.05359501129683609,0.04248157809020932,0.003726701702282431,0.1071297215362176,0.05687849618742318,0.04282372675303414,0.013115784236036935,0.017679390800986097,0.06178168658264226,0.06709448073688026,0.032031937295000035,0.06392563011529048,0.02816596518498606,0.022616180502674485,0.054651195596740414,0.07411263205687711,0.014866538938017657,0.06419339863402297,0.019120570213589327,0.03510691504508015,0.04385709778940688,0.034682178773987264,-0.015650608250053266,0.09526095888837731,0.015769359997345543,0.04187319980818495,0.02773892056459375,0.09047805913998344,0.06654919733570666,0.019429376053200345,0.08850775477130254,0.03526413928069606,0.03481298523428761,0.02457391719183634,0.019715098399817183,0.03164336516293136,0.029402727442963062,0.034735527291129366,0.0805334338748357,0.03657092615733146,0.012849811100092897,0.06094349930369807,0.07872702230641347,0.010042345385489766,-0.038609963348574534,0.018912305810130738,0.006844255672774031,0.04051153020478389,0.012943427488347066,0.004939867500754275,0.03463344695544399,0.07191534000708678,-0.00032188648564104963,0.05290069737801518,0.0228770239735087,0.018806378225613006,-0.04877006582006767,-0.011551750825467097,0.04143179212548515,0.01425560679240186,0.08543841965284323,0.01425867362250428,0.06444988188951384,0.051458235549134486,0.06729915437476199,0.08911536360356043,0.006183041840118552,0.012187314851159965,0.06383534800935771,0.06076755179043133,0.005888599062815026,-0.0065839251684507915,0.08665953643223528,0.027904095781129876,0.006219718945653747,0.018662234636027134,0.04373193396072733,0.06474560708309482,0.03909599911772974,0.011094183216257849,0.044989477131915846,0.055906175335347454,0.03225712959332103,0.06707139724388608,0.00818181585015895,0.03451905542349506,0.0553542162000409,0.004770332068874806,0.083533262031057,0.06929690245178043,0.011802077001412668,0.01061686787778933,0.0529083918756799,0.07377484360939564,0.00864169032725409,0.1040432020396404,0.004356371446518515,0.03870486215310616,0.025201791433192823,0.06682286496931543,0.10963171569353108,0.034420309370131075,0.05147336806120845,0.07659564645328429,0.07895041922194601,0.03901854117457151,-0.019580580465440537,0.03711928266766157,0.04120762576018613,0.02389218469874159,0.02298218210825996,0.05060440279160536,0.052106112252504444,0.06555532472067953,0.02602894670023608,0.06197840923960376,0.047119051832739844,-0.019667136031040387,0.021667448940613728,0.03696308436506762,0.05975675128054179,0.07196714962469593,-0.05812450675054337,0.05856410414250922,-0.005618009228272152,0.05464786131441903,0.009926671437263382
2015-05-12,-0.00891406525619,-0.019084386495247116,-0.03529872377926643,-0.005942453687833869,-0.022142173890573522,-0.05293603096980482,0.017583702252010294,-0.04032091660854154,-0.016761674366926455,-0.04649805220428547,-0.018051783653033077,-0.008546525175277318,-0.010515801338046036,-0.042772893701022524,-0.009771744272639415,-0.0618444536008866,0.015043751504432984,-0.06110090950139891,-0.014724173736940169,0.0004703897476579618,-0.03674272284105178,-0.012566382598965016,0.03216681036124497,-0.013625144255634627,-0.044896316122429426,-0.023732368239253655,-0.018823797361021334,-0.014494621488219407,-0.056252355635681296,-0.06921115716262706,-0.018509862218636743,0.02878226122815093,-0.00824028452167666,-0.0027510362232166293,0.0008751198576930018,-0.02979485595211693,-0.009601183104595496,-0.012228081575431291,-0.01641542237164933,0.004740831022742511,0.014676467906479765,0.008086394745997937,-0.06336488458459237,-0.016200489651618046,-0.01280696525732682,-0.03373546014133008,0.0034953497715827166,-0.007442622517741949,-0.01691582062556464,-0.024918345443817675,-0.03758475639697386,0.050589981339582694,-0.011162907844775066,0.007332334845172197,-0.013790832247448719,-0.07343722688572424,-0.02447309102618724,-0.03553597051677113,-0.06650885270170868,-0.01716101833481274,-0.08340700809178674,-0.011141876242098973,-0.025442083647044263,-0.011750510304908321,-0.07012321056648295,-0.030830277659475266,-0.017046370451932094,0.0076775609086114655,-0.023073207033429792,-0.0021236789043663704,-0.027553451369356337,0.008252595703730959,-0.035552385426176863,-0.030757692981946805,-0.004944991458476283,-0.006875538694365857,-0.04724518706520566,-0.05679558654382718,-0.0690285412954883,-0.042018064351318385,0.002102903784649743,-0.014625942639117658,-0.08523646895293081,-0.0561915691742882,-0.03867455249173868,-0.012204228660201088,-0.03607048100429523,-0.04796359583466583,-0.02481293094747775,-0.0037738902655612043,0.01962222881383444,-0.025848609137795554,0.0036797610194377194,-0.007197424808493851,-0.013720042950636504,-0.020523509933392827,-0.04067717143923778,-0.006782178897120764,-0.0014252758057444349,-0.02843139253960345,-0.001132372266035933,0.0013485874008645382,-0.031009815731100444,-0.058761271945163396,-0.028083088680650604,-0.02662139229466221,-0.029400385160460465,-0.05485016329628867,-0.02990873438611918,0.005525668878703996,-0.07238821158151428,-0.05270083609597584,-0.005596458175516209,-0.027570635727640458,-0.0354885211692702,-0.06700822502378614,-0.03128963863987625,-0.01356948745343082,-0.06428591489202953,-0.012515598972991036,-0.029661228330235902,-0.07647808885313578,-0.04477397375076485,-0.041325560360764145,-0.0601737236029346,-0.02459363801713557,0.0029736634320318475,-0.0596928180539386
2015-05-13,0.029346165692306622,0.01043088671420545,0.027734717992211014,0.03221627161568321,0.025448639958700038,0.017937603293252027,-0.002023383377722824,0.03201499110835724,0.000592395484646898,-0.011928114051613379,0.04272354204783336,0.017389624779390565,0.046340860148599256,0.012537514890789558,0.002411206985495087,-0.02331028007945834,0.04340604053035929,0.08080741423305092,0.07485452490275599,0.06914279136945325,-0.0050285087154345945,0.0176276997428005,0.04672183085230748,0.03608993091384393,0.04343167546778403,0.010902716554623888,-0.028443105223423307,0.05339402129806484,0.032760180972506034,0.04093112691819481,0.08310846713099812,0.01623554497275413,0.018002578976229578,0.044201738835572664,0.07309053663442011,0.05106048055862884,0.054844298847024714,0.0260603250992309,0.04618552765648105,0.06637773638680179,0.027381162379582408,0.02085617899074761,0.01371215340961811,0.07974902127204939,0.049155131893690515,0.024568168692101884,0.0049429743202649284,0.02313032789496192,-0.011693338634604646,0.018625431812272206,0.01782795682822741,0.012809854374519687,0.04989599449026554,-0.022304933672137706,0.06490664631438817,0.03519524621659444,0.05488947725159505,0.009512340877748174,-0.006116597594046957,0.04561039133762506,0.03441075054225016,-0.01737135036855313,0.050726718749584,0.04994168051735913,0.10522837239340678,0.008693035710863864,0.07387100626393563,-0.02943931816134023,0.017753082506046246,0.07641571797304865,-0.013540323185493882,-0.008195565638066985,-0.035905917749161416,-0.005396535044799635,0.023339468374545914,-0.0016218539618224846,0.03887855524538441,0.0632792085048098,0.08317978809551646,0.06112485851608534,0.009465891002530447,0.021635991524424372,0.0023878566524574646,-0.03715669964647929,0.021078517655936418,0.023569167566322026,0.02263057352081036,0.036869639109574553,0.005990707208277951,0.07328191032568994,-0.0011454502237409818,-0.017667548110876577,0.09335355870673592,0.0952497826423816,-0.016788853523109843,0.016765756698301416,0.04565556974219539,-0.027356288872785975,0.04603222565445588,-0.0029180684452916102,0.04211947124515144,0.038991755068071864,0.034084568135696915,0.047710425716360465,0.09375356525506649,0.0457185149350799,0.04272379585909499,-0.01160653812899691,0.052124964989909525,0.012664420521605086,-0.001188090515695,0.0029574088205251313,0.07678780528259979,0.03184341469549464,0.05805018889268666,0.02307068224847862,-0.010911092326257713,0.043803762777335165,0.10048362466847573,0.05334249761195372,0.014417748716952462,0.03429776959546701,0.071447108715359,0.009112586882778525,0.05720372833514707,0.0396661315902256,0.007194534022194076,0.06443252687766134
2015-05-14,0.18341488212169305,0.14391599665803595,0.23451400179489928,0.19747374447057184,0.1717885050962127,0.19225739203412318,0.18070180433268948,0.20693694338370047,0.21967440501704266,0.17731417610077807,0.24929614636773256,0.21426261249029147,0.15743673909493816,0.17968869625303702,0.18216221886573788,0.2027080507210903,0.1919962922809368,0.2485585010925223,0.19761840091536273,0.19170390159465733,0.20667276583381639,0.17800001179824407,0.21507053412343205,0.20181292484818217,0.2180436857333894,0.21577688846554924,0.1482710605292518,0.21276526439687088,0.22312512808125654,0.20116915237225108,0.23211691113352406,0.18706822680183732,0.16673835368143866,0.23551838945057502,0.23262013089359448,0.22509030127272417,0.19180752075014584,0.18453058342460146,0.15853397361766053,0.2513787887998283,0.22482050992687408,0.24183556717256002,0.20067926973120395,0.2113371667291481,0.23414364025894532,0.20234025401571773,0.18425152985734528,0.22429161302967662,0.18309735609571587,0.22704880590468024,0.21415437663975642,0.2176302350436679,0.21915990000241412,0.21042972966944923,0.2505313687757341,0.166234620955252,0.20257006283581103,0.1679351036307193,0.21801034293583121,0.22782287177414634,0.1817212777436815,0.18560319557374239,0.20267983758469493,0.23921123252167287,0.21906089754197214,0.18683431425281377,0.23101249508517382,0.20901781723914173,0.21065953848954258,0.18361083517811186,0.18404223968190314,0.20724831381628228,0.21196555022159078,0.16560059483553022,0.16025548790389532,0.18817418174853645,0.18927962372911927,0.24105739757416364,0.2037006401560916,0.2064029456566533,0.24721965952903216,0.17809108612254668,0.17585683936442734,0.13617737137184063,0.23874289445750946,0.22610084452179524,0.18844759268851355,0.23957441253199893,0.2004781870136223,0.21542037701473482,0.22436907091323488,0.18626594779597583,0.20629932650116475,0.18919908804886337,0.2185879427827622,0.20621007039693212,0.26202232274651666,0.16130039988275716,0.2415047040275596,0.2285415373030543,0.23833611232729965,0.22890676917784547,0.24014944754834852,0.17758194441347608,0.23766515264720572,0.23582309132364518,0.24164166598060627,0.1651507447307274,0.2290950277425201,0.19755171532024637,0.2125036516775682,0.1703614333607225,0.233591175751712,0.15987999670677858,0.20969670108928548,0.23891217327588177,0.22198429143865034,0.20818345104626026,0.26243679936847064,0.23248624673724547,0.2133418383115693,0.2544878764305998,0.23390254618429387,0.21175626004614867,0.21256828540821945,0.19903213553182966,0.23635862794904125,0.22402640954755998
2015-05-15,0.2992691902794522,0.26027076656492626,0.2894682069494338,0.2137837860366916,0.23371111990847854,0.2823754271884015,0.31673644926786554,0.27920196353094673,0.23578606705054664,0.23647882752406035,0.25079929708280335,0.2580805918190421,0.2866956261576221,0.23461624827242886,0.28728861475990414,0.3141585390422875,0.2614199999512704,0.25504716785745496,0.27084164498424074,0.30242100801704264,0.2446083114072483,0.2556499028121967,0.27967850886963186,0.25263366320889374,0.2535382786069252,0.28761203977178895,0.29332523531032134,0.259676172309871,0.26359420599865124,0.26931659730726454,0.23495044556861117,0.28082165341996534,0.302871749928091,0.26831169707208247,0.28962671341838286,0.24356904245549807,0.22308862165929527,0.2296204731879786,0.2889655003488833,0.22237072585575401,0.2872265827180734,0.2326251710581057,0.2882886418188564,0.23502303024613963,0.2476325337390552,0.2661087649332416,0.3267605727726181,0.2757163601118237,0.2488620812899677,0.30853181587755446,0.23164771449958632,0.2518021454543097,0.27967953480146973,0.2872232116052407,0.2329675758089908,0.25730780866217545,0.21483807781924003,0.2559540916021216,0.2553018554362033,0.2515177058522635,0.23532578579790447,0.2458389166467592,0.27577150394810857,0.2551633546380924,0.2685127797123027,0.26052041938047044,0.3193725811252421,0.28067344226337004,0.30725119646094806,0.2718426979750308,0.2754237130550747,0.23756298099371695,0.28084191557376303,0.2729807128661749,0.2863496306453045,0.25112070243510076,0.2611722374124277,0.23178698474657558,0.28719705034337534,0.24394863723550556,0.2349994338138689,0.2037840755507465,0.3038443333103806,0.229411439576015,0.25900367399015495,0.296981618763988,0.27031713733213575,0.19720359194125572,0.25664992987114893,0.2680018656570493,0.28318257906183636,0.29692237120035164,0.262680870179998,0.3124265096170235,0.23454366359490042,0.29733607821396796,0.25796132724289106,0.30860747835059654,0.25969515204887134,0.3010985936011597,0.23141918818270346,0.2481128945653718,0.26569582736850367,0.2470792682387297,0.2825070029466068,0.2640522845642549,0.29067418982483606,0.26230919904702016,0.24713082131358208,0.2643287731945577,0.30415980735052195,0.2297623082645625,0.24518206378757051,0.2501878417074399,0.2895123220184617,0.27467914302374913,0.2837509453000098,0.22527667778648722,0.23113680044433296,0.27153953511694373,0.32056625281859,0.26876054225114543,0.24695153972491635,0.2597926155734679,0.2592940127002688,0.24924141958701573,0.27730604149458493,0.24857687223904315
2015-05-18,-0.05531153543943648,-0.02137625269734082,-0.0124539538072991,-0.01567975780471002,0.00818266340927951,0.008763658401023439,0.07607709344055241,-0.005625676276545413,-0.04166944814312326,-0.022773531517798415,-0.04570950811847849,-0.012306737950937598,-0.0034481507046051903,0.01497515225771083,-0.020765304180673926,-0.006905692765564477,-0.018751238973383367,0.010153579141429623,0.007873002470036347,0.01754255270731361,-0.024286047531691852,0.00578507551412304,-0.045273952240002045,0.001145745475199693,-0.004631969246105272,0.014691381003551935,0.024014967299633087,-0.0798762778164472,-0.05333909678463436,0.019284769542472813,-0.05801345404455406,-0.002087165494587301,0.005684308798648011,0.01425506366374948,-0.009442120442496362,-0.06346018690948764,-0.03483203307645748,-0.034282004178637866,-0.004912187014076132,-0.01654858517768489,-0.022552961553698164,0.001209454406142343,-0.0038387803648471767,-0.031001121145312383,-0.03990818809606729,0.059787151293268156,-0.055443268248835824,-0.0021777793923822256,-0.004428151431177191,-0.00885681050323839,0.005199765574865066,0.007786703519755468,-0.03319996763438083,-0.008233935138564031,-0.010364757749175777,0.01759432539873556,-0.006970670798717139,-0.003769234520412636,-0.011990985321086375,-0.06780813108099203,0.08586370270579344,0.02109324019174127,-0.02296668887416239,0.03501224559027932,0.003693341251579693,0.0107096997298573,-0.009261400287790518,0.0021098826919025097,-0.027186453722455456,-0.02625747090472597,-0.004063919096903475,0.03025514286626677,-0.03359491224213686,-0.052403768455854816,-0.012820978166434845,0.009976666293353817,0.0021404677874078447,-0.017102421382134542,-0.06213930532930617,-0.03287964623657356,-0.00894209417175126,0.02311671142359294,-0.015558939274316787,0.05289719539510784,0.02147092500944112,0.07556539142947519,-0.018441070393256202,-0.012539745116695976,0.013094088962029633,-0.0384301916622862,-0.031897107305581526,0.02635417649312896,-0.0401543939248098,-0.06075699920216005,-0.020421631302202415,-0.03884442662363443,0.023672055882487587,0.04319719338353685,-0.03420966535266713,-0.012341005276750909,-0.018650979898792344,-0.005273119682603814,0.017124503760588765,-0.008106009635794727,-0.011900625243733453,-0.014362175890274572,0.01275371574930416,0.024888750488272163,-0.023597432672538825,0.010754372127649754,-0.00900098051429586,0.016569906094813108,-0.00891366628224697,-0.02241589851501677,-0.0034473892432791827,0.021665859108899115,-0.027595104634079624,-0.011903924909479488,-0.007101895967232478,-0.05450260969077423,-0.024787089084204968,-0.026308996454452498,-0.0178237790783059,-0.007256218795970054,0.003273014599623403,0.0007830360635779913,0.01771793595399082,-0.012236175868060879
2015-05-19,-0.1666157567590487,-0.23545843112140513,-0.16586824291001206,-0.16536894862195287,-0.17472151286200333,-0.13709051488267698,-0.15847915663805126,-0.18055984484867085,-0.15104626667660107,-0.18398119811055816,-0.14439225296908811,-0.1644758558097955,-0.1902150592697742,-0.19260741461880598,-0.24319367775638334,-0.14955616365367758,-0.23749867973591457,-0.22778566518015964,-0.17683212495378728,-0.13414607753002247,-0.13542649306894092,-0.17526011680732168,-0.19086304284210132,-0.22240066250069215,-0.19923110269513403,-0.14809120239336038,-0.2042291825198366,-0.1274801409247787,-0.21837849887054314,-0.21602450414899316,-0.14393529495388302,-0.08827092559626316,-0.16127559454278623,-0.1738501045539378,-0.15765336637347754,-0.12429957835836816,-0.1596473414222426,-0.175300032595377,-0.15271365800491327,-0.19566200917875615,-0.21345175017342546,-0.17151736369356008,-0.20006026247428385,-0.13519192301575847,-0.10906757225512437,-0.24040060936622443,-0.2447550589722628,-0.17107284696294367,-0.20317758184403523,-0.1838285331809179,-0.1538875450445411,-0.11721737710626144,-0.1662917649728851,-0.17504239432701973,-0.1706252199111801,-0.1980808022575389,-0.1650142005616849,-0.2124217430158911,-0.19874127862666124,-0.1794554216479965,-0.23404378849979177,-0.19694760858625318,-0.14754663699917664,-0.13980997233901954,-0.19398243575928417,-0.21586691454420315,-0.17078021758168074,-0.20725835004900375,-0.19250321886037577,-0.18124696662876658,-0.18158702840752383,-0.21536718961322446,-0.184772774842513,-0.16047831555539493,-0.20061493641219588,-0.15425482213333613,-0.21381824968193366,-0.15197677108646285,-0.18539483907194707,-0.19894650831016794,-0.19073888918964343,-0.12671658992711113,-0.20074792865739305,-0.18772063036548312,-0.13018871225710615,-0.1758544473398601,-0.18716538938497373,-0.21414483340238655,-0.21637648882548124,-0.2260806908046525,-0.21512899085203702,-0.1825953145097119,-0.1643646618287842,-0.25359096296451566,-0.14582455585736004,-0.2018585464842061,-0.16220376621178764,-0.15764589062463744,-0.18765967125394487,-0.1787248016959305,-0.1701299012684932,-0.1866534823628353,-0.16248006640702792,-0.17088156221239273,-0.1607823494475308,-0.18637925571502645,-0.19878528999737294,-0.22850992551452703,-0.1796956939566154,-0.21653537439741583,-0.23778301492745169,-0.19426599337053452,-0.16806568480048786,-0.17644825948554071,-0.1664690532782738,-0.16803924707073692,-0.22643837773657707,-0.21048605895959857,-0.17044508047807314,-0.16587290839173283,-0.17456444164407123,-0.1453108344812191,-0.18576289374102886,-0.2161950814432766,-0.18139807639783326,-0.12139738953462936,-0.18376114288939588,-0.17021465751975362
2015-05-20,0.051149026054656085,0.0878578461662611,0.0073573710443139255,0.09158522951708947,0.06908039148507314,0.04251233999394978,0.030469386023094715,0.04218281945942447,-0.004880466295131624,-0.017765819343119753,-0.0012897926168542356,-0.00929625100978002,0.07351503588055287,-0.03434609819398072,0.03245646295068534,0.040580270468783895,0.05300356133640426,0.041226738417280286,0.022115595174858473,-0.024719278889629204,-0.012593551875125494,0.024862822015956607,0.04705280815409424,0.022788781004532598,0.02222403833963866,0.005602372966953369,0.13856888550813548,0.1418148461312179,0.017096824553630374,0.01267789655884342,-0.03643899888623607,-0.033414115632898804,-0.004929711017302339,0.004885705095362551,-0.05582779854089702,-0.046672995137352034,-0.038706875506204386,-0.017275467641504984,-0.01488133593597133,-0.02481829221399373,-0.04443026475849217,0.03082876771893631,0.0016606996732038695,-0.010583948106541886,-0.016087831629153827,-0.0379158166713344,-0.056914325708791284,0.024901589137665468,0.002981401211420575,-0.012642272717273117,-0.05809515128084224,-0.02297633005279978,-0.06748098577457111,0.015981483984466006,0.0021887707364813143,0.016812357701091032,-0.007448002288308963,0.026244035134020374,0.03911026312398577,-0.0328184640466424,0.0923517143720797,-0.05778501430717136,-0.019476811498540525,0.00862358906012899,-0.011019816285755013,0.01904932539969688,-0.011120401250188814,0.0902708145391499,0.041348802462660886,0.05580579557992713,0.09532887616210996,0.01978590071216522,0.07754786429832049,0.030787381197111986,0.09843076977884184,0.04387442805399081,0.009132276562552003,-0.017727576101433988,0.005001482580466039,-0.009225527206662506,-0.006971271467294603,0.0045797591618764125,-0.04451932436241793,0.07461308840895517,-0.040019718844074695,0.05704110467437973,0.06964827743010563,-0.018017805634227346,0.013730895405259753,-0.0388058888305689,0.0653063597987133,-0.0205628147864117,-0.06489563786060862,0.018932500154547206,0.022742679562500437,0.0512768527802907,0.031765465200226065,0.012057624190688045,-0.05881915347275636,0.042347841666698666,-0.0016905608345201535,-0.0472780765640241,-0.06642536752803932,0.039589613345115585,-0.048948729957666734,0.015642533609525028,-0.0625779926384465,-0.010140745607005458,-0.021065739608580693,0.04273289348367181,0.007213304037963432,0.05942580653949771,-0.02094158004310772,0.060951869046766756,-0.08611906535614022,0.036102144031387465,0.02950073186039631,-0.022249708460770207,-0.01882720026990557,0.05374485156908044,0.00043272489907457293,-0.04454761388366493,-0.033206135263731,-0.054036128861919976,0.03310240701915864,0.020886048760659897,-0.04003753076485985,0.04792768779265906
2015-05-21,-0.024247393826087434,-0.06250717483641371,-0.07242457538634785,-0.029305042516720038,-0.06882540411411954,-0.046791413155780046,-0.028501456833450862,-0.05373501484166161,-0.02891199413986694,-0.021847035220930292,-0.005005165882217885,0.02087563070228665,-0.021708731707583733,-0.08341123155725383,-0.06971262388550874,-0.06840010714422377,-0.0210675063275224,-0.03648807473856262,-0.028646320197232837,-0.060890204989980726,-0.03406694327369336,-0.019351012130256764,-0.027403228539722626,-0.049394033816029,-0.0062673904368313734,-0.07221466017241474,0.017004503611882604,-0.018634895124391166,-0.04009599247803817,-0.07149799651234619,-0.017321831728903246,-0.047595541488320736,-0.021262115223772898,-0.058219765922670294,-0.03590042147039047,-0.03127518025922343,-0.012831067451662103,-0.04345900913459173,-0.03791648217087317,-0.033303814006373986,-0.05495241375163313,-0.016835309488277002,-0.043044645248754995,-0.04436809507409897,0.008324450202535381,-0.08026086338564815,-0.0423307148597012,-0.046664589380695454,-0.06575648741875352,-0.04816242189678076,-0.04149870716281002,-0.04947275202125391,-0.0328243982703861,-0.0550338652278728,-0.09819330785924747,-0.08513373895075194,-0.08683164690511723,-0.0637606703513016,-0.029649977313850582,-0.036785454624967885,-0.002084943689032408,-0.03721075159486364,-0.027010730822003923,-0.04113354215523886,7.543828000721584e-05,-0.10362103744034636,-0.0020133274294679413,-0.0010889351722780719,-0.02410854365853792,-0.04692124994140594,-0.06442975766819183,-0.039091788707217474,-0.039090695398811576,1.858624290032854e-05,-0.06463857957371905,-0.05134558932056349,-0.02374501861357561,-0.015948636371090737,-0.0598498887558697,-0.031023172671663084,-0.06998485767857826,-0.04558003367117065,-0.03529035537989734,-0.06346329038361433,-0.039834145114824714,-0.04327205931089623,-0.0330523530730166,-0.017081850533807827,-0.06057639219159136,-0.0076482389534851935,-0.04377716188070912,-0.045077105575326216,-0.03407568974094057,-0.03253740481383691,-0.027213539531298687,-0.025786772061596994,-0.025726093445069452,0.007553121122171748,0.00044989640902854083,-0.05256627533964704,0.003506240057726683,-0.01030880495924693,-0.04526679458375015,-0.026804095533288507,-0.01068763632189186,-0.04713143207001547,0.007946712148296353,-0.059088134199252476,-0.019597553175787593,-0.0587778998638831,-0.021884754360933904,-0.07378793096850725,0.009350520141474108,-0.08281155189661675,-0.019943038632052525,-0.0516112632631976,-0.02170654509077193,-0.043298292798924186,-0.07394263410794233,-0.06734670449513751,-0.05988760789587331,-0.02423591408782546,-0.061351001197172704,-0.09500358058502933,-0.04418715253292225,0.004726372238712958,-0.00604435552202743,-0.053590698132082594
2015-05-22,-0.07220594813420045,0.012813835215603574,-0.05146586066767621,-0.04908564230602042,0.006336049152662692,-0.005165895715762547,-0.019846310438484224,-0.028594654191463384,-0.012893707581071254,-0.02984300606069678,0.038203745309728074,-0.061583665053321864,-0.045664214520092394,0.01810420745679284,-0.033716228052076753,0.007459622295934726,-0.00995067993820418,-0.061124919737287425,-0.0844235356956394,0.031905247200273434,-0.07467244525801145,-0.053752811932411576,-0.10835705517138305,-0.004582653978576613,-0.04128312617576107,0.026964343914479466,-0.07722025706687308,-0.020208789814353898,-0.05071634139747841,0.004329426564125604,-0.026931314251724982,0.010940158296789222,-0.04036027175230472,-0.048254361150625286,-0.046806984390435416,-0.0685927288727083,-0.04047432289549113,-0.0969962627078915,-0.0543083877982305,-0.056542265758710804,-0.0076292896404471225,-0.05461214777364778,0.00940187938782206,-0.05160023775717306,0.037269598693877026,-0.013255340042511318,-0.011177858946697528,0.01321609967393976,-0.008597028374890259,-0.02934050349913291,0.009093037925827186,-0.0825208012771335,-0.038387525740951715,-0.0550830321965065,-0.025767089215832054,-0.023632864853234927,-0.049349421508100726,0.035644379966036435,-0.02640200018662484,-0.045774595700750535,-0.01720678232521285,-0.07787829867886502,-0.08238614188282678,-0.045689904257790334,0.003760300067433036,-0.03246731157322363,-0.09249914708670469,0.003907099671555529,-0.06868363102148559,-0.07859003347717315,-0.05817285834050459,-0.07506569585815664,0.014437914891045628,0.012671251390895784,-0.024238973280020115,-0.0795822905112243,0.013082569498872506,-0.014638351306051442,0.03217173843729251,-0.08993864246120788,-0.046711000755080515,0.04558037642533202,-0.0021949198967186083,-0.08831849515737916,0.002179957741795639,-0.033108148164910305,0.0073529110778048695,-0.15235623592287786,-0.013396210142635125,-0.01228675223985646,-0.027601505870350058,0.030556108010421697,-0.013069583477618607,0.03975642176399847,-0.04560408359559066,-0.0361338864437807,-0.08233673854109999,0.026381247053469413,-0.09185662133944661,-0.06811241608137435,-0.015044305622640685,-0.05121602091094361,-0.04549285550050292,-0.014492964328969762,0.005713849351715063,-0.07858773066606166,-0.03820685066263661,0.013047846007258822,-0.09435134894424434,0.007054797198584953,-0.03719648174812138,0.057538237127922796,-0.008424540136061313,0.05069742697521729,-0.043251919919775936,-0.03228296653238025,-0.024559671544029417,-0.056570496239697544,0.0017361745806841722,-0.04096976783680832,-0.06310839333141538,-0.045895704464183625,-0.046235599455263905,-0.012722068052419747,-0.06413541822971279,0.002583089010286207,-0.0539851487909324,-0.02603753722368497
2015-05-25,-0.0005272596447951244,-0.060050695736384045,-0.043276901936269305,-0.04923849596268824,-0.04011837090733242,-0.016256241484917475,-0.0607719801713516,-0.0018797588289809228,-0.04628518630794996,-0.04779994071121731,-0.019807703827533787,-0.03742314694974886,-0.0730793596978988,-0.013675238499114221,-0.023818284208308563,-0.0323387777266874,-0.005944238103529779,-0.014584258702402425,-0.047231070003353075,-0.029977046855554558,0.017002168662485155,-0.03346199716067363,-0.06495933775295017,-0.016558410412707898,-0.05216882306459387,-0.035658446899187214,-0.06594516610636013,-0.02011573740179704,-0.05858334996146844,-0.004344865229725925,-0.0413150380566688,-0.04021751697536122,-0.019839540479814843,-0.015126878135578763,-0.005894807511830236,-0.04654351002163402,-0.050800126285387874,0.011107640419534574,-0.029349762907703175,-0.017268311904799643,-0.06721892103041932,-0.03813500332399821,-0.0066345907740454286,-0.009982745372270401,-0.004276165682429908,-0.0359754221010071,-0.03241753155075108,-0.04765779285147117,0.012015822816183805,-0.02611834270117543,-0.0513340883832948,0.015193064860057816,-0.05071159805053615,-0.07418052724854765,-0.05482020180807105,-0.061703062616132814,0.0012148196265141901,-0.034363212230196075,-0.055189969217579675,-0.01428711661444585,-0.05168836010737802,-0.05961245578300978,-0.03786662593064646,-0.05382488752096838,-0.03468491558469791,-0.05286392330606371,-0.025348956937716445,-0.06331556112728062,-0.06624788436369418,-0.0236158142705562,-0.06370542937875512,0.02284977973365311,-0.03559477856488171,-0.0017862037542953474,-0.05739059257644727,-0.04711656976269312,0.0011969464182160505,-0.046365057207532284,0.001863002696201417,-0.06682848436450407,-0.051510307046359276,-0.07553308990374846,-0.029528215721804914,-0.03794818834012989,0.0071534723524508004,-0.04772900641578407,-0.047899639701255374,0.02275399050793027,-0.06693097604333871,-0.033316218805491925,-0.05039798613597381,-0.02815002380069054,-0.06490432178365745,-0.04959815302733797,-0.03810009471404091,-0.036285405534020404,-0.021964218116256214,-0.056160715956343504,-0.06719823636117184,-0.04667201932544174,-0.04801888751286952,-0.06811116632877526,-0.03183972423873778,0.016664253318098447,-0.014789800597831035,-0.017274735089031785,-0.05641678199307831,-0.06194856591181429,0.00447416672100778,-0.08094049939140409,-0.04930157636133824,-0.05060156611195073,0.02182290806314905,-0.014129329697438835,-0.019564739902230947,-0.005163681584884454,-0.035378340212889804,-0.01713119088488735,-0.035056343194643624,-0.04300293916532438,-0.036849249402050775,-0.03517894714500592,-0.00867520847770961,-0.023477313297456507,-0.00698228052922018,-0.02466307256927533,0.008274736904279415,-0.0704550700357485
2015-05-26,0.20635040950372363,0.18905069966401228,0.12706916782729194,0.17623473083661662,0.204668722125088,0.14841279285024703,0.1719027783129816,0.059746905626059325,0.16497813340605658,0.13164419311823844,0.13016604722021327,0.15277891287676673,0.17387975610592854,0.08824864130415691,0.1307128893154823,0.10287059829197463,0.1780908910105965,0.1365627828778436,0.17589456269000142,0.15433677754370914,0.1689837506992344,0.12231883149687377,0.14903922633911598,0.1508468214852304,0.17186523182626703,0.137663770082255,0.13882609572638704,0.187293732517419,0.17608455355886524,0.13569130915989022,0.1537017659975926,0.20950996047597298,0.16316884443347385,0.18137550283709056,0.17103610377002185,0.14090744776909783,0.12143239564511689,0.16167601870605652,0.19169457598653938,0.12554387709256504,0.15414074935730024,0.1623227781125454,0.17313616628633377,0.1401788200833066,0.163296446027421,0.11216857638543473,0.11827397389051307,0.19256153283391048,0.1540806185176747,0.1322116249851274,0.1677811339067235,0.16595462436504607,0.1455426038996699,0.12401915096666095,0.12782687286745611,0.17006102433308928,0.13768861287045708,0.14288113874906896,0.14685842476114722,0.13305260982665087,0.15057772324936555,0.13369005318756397,0.17468178293868056,0.17376062364432301,0.17987110262880635,0.19205903098164068,0.18510220337181751,0.1475653774948016,0.22551803212370353,0.22086960768579625,0.11287941889330853,0.10166490485138958,0.1634218122534247,0.10413955662116163,0.17665283233898835,0.11215135581634006,0.1529881004456049,0.11702590608776875,0.09013132942370043,0.16657428254804177,0.15248672781098063,0.13865501915649484,0.16555831570930085,0.09578532217497011,0.1273878895077485,0.17323356130826245,0.1735734558195731,0.11838181417566311,0.17482293514437433,0.14949966483408905,0.2088516265886172,0.15850319942647192,0.20140048395445442,0.16850863237486918,0.1807535862188038,0.16041073033421752,0.18623057410413352,0.1894825990942727,0.17167891091475126,0.15689695376473478,0.09799011962790681,0.17318020577451024,0.1905292233763316,0.1404780627593774,0.2020339750536081,0.15420059789251442,0.14927156286968793,0.14749973463370297,0.15418196580136284,0.1841615650730742,0.16304858275422277,0.14556349442611258,0.1416516021975154,0.20149962968708582,0.1307320675650453,0.12120881055129797,0.14003907939966978,0.14859967837058558,0.13035321504496322,0.16077970219990106,0.19395978658351304,0.14861209976468664,0.13826225543439657,0.12004827406116127,0.14225629824670752,0.15912793908887257,0.13257805611110843,0.1808919153803837
2015-05-27,-0.039636997137169845,-0.022475722717801978,-0.033033494532540474,-0.07151639838421306,-0.03463507008105943,-0.027887733891887374,-0.014210130307805444,-0.019739161789809397,-0.015614790829867147,-0.044331280137452855,-0.00872676028121187,0.005824404021689822,-0.0012302908392133286,-0.05027897008875069,0.0069488173611703405,-0.02694054407621838,-0.035857655549672254,-0.03315135816431851,0.03790043491109397,-0.01358171840372657,-0.041032525368149476,-0.033110262854449166,-0.00986715513008602,-0.03191792810004571,-0.005095247655605374,-0.037443820356990204,-0.04661692801670297,0.005995063711286104,-0.029278125209133334,-0.009600606384127948,0.010274683619623628,-0.03581941919191199,0.0019212057363915862,-0.043932313170804684,-0.017569671889623887,-0.02356359406452473,-0.009904540446703266,-0.014998931950019697,0.00553844915718234,-0.01713874190418846,-0.014501792854239222,-0.06446427198017675,-0.010954183152949291,-0.009915955810555861,0.01049871013523079,-0.011362569416124034,-0.001714873034755948,-0.02291719908637159,-0.03669097711091162,0.004441432690948047,0.029633713793141635,-0.06966454098322598,0.006137470375347215,-0.07155406908492662,-0.010835748752978628,-0.022136673582950468,0.005961103003824636,-0.031106028100363933,-0.05559882296166522,0.014982950440626064,-0.0361764915304722,-0.007637449185578078,0.006816969908672878,0.0011021533799679597,0.0031683342372874905,-0.029748152815763897,-0.040449771043474546,-0.047505063786953586,-0.019743727935350428,0.007557827022706235,-0.042925192694909575,-0.013492674689669908,-0.03601947347197485,-0.0508968339198453,-0.030223317336128125,-0.0336173951905353,0.014685580212265986,0.029543532418706147,-0.004122658655364358,0.026598083160640554,-0.017253180926810715,-0.03856225713803165,-0.030405677773673315,-0.03550264279980103,-0.01807109174684908,-0.03765072382681847,0.004592686261994919,-0.05806082362706408,-0.005910019250584278,0.01182260695803539,0.0013201868295525069,-0.006052425914645389,0.02091637118710816,-0.007680256800025306,-0.06425651235805953,-0.022784495481585183,-0.024831840988547935,-0.0735552033597716,-0.05728143966002822,-0.0987357909001555,-0.014018637579178178,0.007706226752789958,0.006878898257573202,-0.008425109291407072,0.024043324730429996,-0.017873035184006576,-0.003905766742165069,-0.03222334885735293,-0.04691001083175386,-0.02173742123220599,-0.011959020556073887,0.020964604090867454,0.0009560367226547554,-0.03497610407615567,-0.02671109526278124,-0.05972175906761653,-0.03403290963783509,0.01789500975942282,0.03067137036734244,-0.003467702154321771,-0.05844837522985965,-0.0024397486393956725,-0.0005139767574630491,-0.00619597499920806,-0.016561409877343513,-0.00789686332912828,-0.00798276394211905,-0.01208145033339296
2015-05-28,0.17110859942976733,0.08607211026929545,0.11218941642299306,0.16289376574096884,0.10255064792181705,0.0761903789641016,0.140764636823031,0.11908179411829048,0.10934496160773534,0.15381144403042213,0.12480628860190905,0.12269569846212185,0.1575239359180965,0.0736568540948103,0.08080940956853365,0.11409874796736111,0.16131868131868132,0.1702119778032187,0.1348482174759547,0.10415601730819735,0.14550675601770494,0.14347608595783778,0.13082304556757113,0.10642117007080511,0.12787416962599446,0.01930244937544208,0.1366287862547566,0.11959398265967609,0.16329859921100798,0.10859301282658948,0.11671510970781045,0.12716834323876466,0.12535522871289295,0.12842252637873078,0.12120463478127712,0.11996791529638245,0.16881833494972182,0.05484238389347878,0.12375507703974857,0.13437744737014812,0.03438380371823619,0.0998286385147699,0.12517205422314912,0.1587933234648563,0.13555734873478859,0.12606900430052365,0.10441266762434645,0.10896402867205789,0.1263078527312104,0.12520530564326188,0.09338427995362303,0.1232405550653726,0.18102743971357113,0.10993856069144775,0.12215434200835663,0.1039243967711121,0.12376441077171005,0.09174957903350837,0.17300182401794384,0.15510299919059042,0.16568065301924567,0.12362965501651633,0.15779869765271226,0.09376929639703363,0.14142908186703806,0.07019170610411486,0.12274411719667196,0.09335935893497563,0.09230448383733056,0.13839153547182745,0.07817321364766622,0.08692944629952791,0.09893588086068453,0.12996791819448061,0.13636728235268383,0.07605270641766992,0.17084142135237024,0.10062608923922794,0.12495562831329256,0.10865368208433904,0.12260819472498304,0.08473665635171422,0.09371002618876309,0.0740375169465652,0.07743701553920532,0.03244959420141902,0.11623967273602312,0.1832395341884393,0.1199649985051445,0.1387742184822477,0.1136437285342395,0.05667473694542655,0.12618943100694927,0.09286100760553315,0.1370188935152439,0.05436869699643423,0.1149422839933789,0.0676706828795271,0.08689733624040193,0.10832850725706306,0.101677884159636,0.12141522710865776,0.1660094649875672,0.1668273332506909,0.1313457345574134,0.2078199173089684,0.14591043992503847,0.05236126813267792,0.17523352559848912,0.11185487678086656,0.03635751110203665,0.05427244288558158,0.11665210701707052,0.10726912821593809,0.10631616558623859,0.10240941540211614,0.17026564676199712,0.10695144271786607,0.13019068522718158,0.10832525139094483,0.07797020497750425,0.1261089275687816,0.14624878770864175,0.1187149137205596,0.13906239745655805,0.13705797851783252,0.11269518802365519,0.11804574987056739
2015-05-29,0.027210413319063972,0.03714406310956495,0.06674072686026537,0.13251423506913643,0.08671476395873895,0.03381726346863419,0.008291164174600383,0.07530280074187215,0.025539370696080973,0.054188865611042594,0.10072301732826872,0.12768098549969628,0.06075272795832958,0.06894637617875728,-0.003930643075884042,0.01449669866661373,0.05080812019389571,0.034971009920517646,0.04417501574897131,0.0796092429733151,0.03693344637105811,0.04751536994249637,0.034732701701148866,0.029399617639366972,0.06801131935191197,0.03558091739720723,0.07234963571438668,0.04316581217590596,0.12081188090532437,0.04695537447785376,0.08362627789537,0.07909092050011918,0.03235019652494141,0.06754047308797755,0.08451315376260923,0.06109259125423323,0.09703212501545425,0.06298318902847488,0.045617559449750836,0.07754451365288352,0.06258392001611292,0.025009957157894887,0.05050893663035404,0.07250426596235987,0.05924412430227756,0.026500393309540286,0.08376793568678655,0.07092525762748661,0.05529587364702081,0.07567382298171264,0.04528173527620936,0.05394507572561085,0.08150689269018473,0.10840602071666158,0.08315947075379773,0.002986353969353767,0.07497707437423613,-0.05878254417000848,-0.0198130549377061,0.10270045623329731,0.10674697609873068,0.0430628145556703,0.06695508885420122,0.08090333240577857,0.012099191035918165,0.021898101886573304,0.08916102956652086,-0.008457925886689073,0.06624708840585862,0.07855285169972842,0.04301059447370208,0.004778570263202245,0.032129203464759656,0.029594942325651977,0.1140902042771721,0.10326190913762129,0.008337037064285171,0.11495024883157684,0.05126540654704282,0.07530106968943122,-0.05318658624774098,0.04808650767708686,0.08656536638107498,0.07907768331997865,0.018128735196436412,0.0014286952812520388,0.059192472691566446,0.045842884775812595,0.0462439119246293,0.0773942005992623,0.07616630740115878,0.08563574127055587,0.035769313604529035,0.07709530554446078,0.07130782021693334,0.06600041343302532,0.04782955596052615,0.003631464750891993,0.03121000998384528,0.07006986964446982,0.06293875868249087,-0.0120740907755246,0.026278818597100562,0.07145784476181441,0.08267419905285552,0.027460261888038986,0.04214881886685639,0.06373828995770965,0.051945998665070596,0.03389833442461799,0.05602983988197743,0.07072676361425936,0.06415770810964956,-0.004612677737612601,0.04275439871244364,0.04335680496188917,0.07946742440602264,0.08497707581677993,0.07737660156611278,0.04958657418807561,0.12089525993122943,0.060787926024628604,0.06313667567823782,0.03486079958177809,0.03890453808380325,0.003726667396593818,0.09864835097780762,0.08446987745158586
2015-06-01,0.12689277677668315,0.1399570010677688,0.12814789764413903,0.03721715173017221,0.12998978751564816,0.11738947416497755,0.14627380641530627,0.124840291720125,0.1643255152261419,0.1173840518601841,0.17547177619026755,0.09706581964567987,0.14325843418121373,0.10906224092452839,0.15321295149089653,0.11598709491470965,0.1207966792665137,0.0883056581751419,0.15345208180846634,0.09091709464841412,0.15989948759235983,0.15229684550299535,0.12569473280179003,0.1361706256627657,0.12626493095849237,0.0965866591326152,0.06221274237373618,0.17594066286267093,0.13868857277817345,0.14603807884902192,0.1306781162914478,0.07533636126256049,0.11032164255892649,0.11113299058670664,0.1420187240747498,0.10065281695878879,0.14027559577588203,0.07334209463641639,0.11970765215641553,0.15881616817151795,0.11946400201143463,0.19043533972899304,0.11197573090539632,0.12827261065438875,0.14785942358906323,0.09184984781882871,0.13214499243031166,0.13442464351926975,0.11492118394609943,0.10706112507127676,0.1801486567668631,0.14875122893699447,0.157739127208858,0.11772624462969583,0.17020386439118423,0.10667214604846129,0.12477979021400844,0.10726693862004509,0.15039651328589004,0.13728961814145932,0.06642894581334498,0.17349691570759476,0.12506203544773145,0.15058025795916927,0.15650598094503876,0.1455066929792623,0.1662692688023679,0.10861164664382461,0.09056989850310801,0.10249497366625306,0.14905145339187476,0.13877025213877697,0.1170450151183611,0.18395768319204128,0.19379574177862768,0.10220546571263446,0.1478377132715269,0.11200312781382647,0.2134487428103125,0.15576283980387115,0.15114731688678062,0.11939390385081611,0.1086753216213784,0.09176914948950586,0.12886792264381872,0.14328185615234454,0.1426862383332717,0.11725277500728966,0.13603335573615216,0.146231284130347,0.1295448545896135,0.13107168016855342,0.1356420936376342,0.09420626732828376,0.09902698167413755,0.09920135158091689,0.15151346515257094,0.13735560075102954,0.1975768005264501,0.10437939706243368,0.14739394043185114,0.1909470340708185,0.15968088309384432,0.1572003213430652,0.13852162286742725,0.1783407461949365,0.13542891144391217,0.11083070446155643,0.1390258972132196,0.14033181651505633,0.12156978577627676,0.09180561322709256,0.10196016318293966,0.1609405701127052,0.14771870795053346,0.11015669033942002,0.12367278388275298,0.11048402631826763,0.10760164324384644,0.09941367762125049,0.1420963486486352,0.11617516327570408,0.15273747911358013,0.13509731397543337,0.11203651779597569,0.1079746407367443,0.14485858486421171,0.151326252944965
2015-06-02,0.12912302043773155,0.04071377784381095,0.17874574219743802,0.15140265685432158,0.14080092627889068,0.22053999981568254,0.1534970463131067,0.1320279749183069,0.17671992602726946,0.1604268233253155,0.16777717921156263,0.09807893757196408,0.17527275489495442,0.16903835729599617,0.14292981260918677,0.18915074066285575,0.17940202397299582,0.17573522409509212,0.19753327418419286,0.019599380190307075,0.1537629102494178,0.15742133206210154,0.14209003124739059,0.16210802174610606,0.19267232074361473,0.15642434230093505,0.09939240832263246,0.19732717377978365,0.08593632837994189,0.19914353831945505,0.16981472467303899,0.16608257588642023,0.1411472196413127,0.18473941005574485,0.14288874013168643,0.1665478377749646,0.17058662374863123,0.03783394618880417,0.11557345482644976,0.24267652373966667,0.06585972820983736,0.17777947200874444,0.14964816315109083,0.12786798626779255,0.10483724351600586,0.14871626379570957,0.15390924712192514,0.15599706097472085,0.10007738539574768,0.16731247586069956,0.16102613425737805,0.14604782925726495,0.14821104569703963,0.08053471046384039,0.16858705884948497,0.07769342927893623,0.17523644994566823,0.14238280440014175,0.15922657031517234,0.1605910334036253,0.13814821119605156,0.13735083902134143,0.19997184970086115,0.23637398454358668,0.19945296819490954,0.14445376271476124,0.18147028900694512,0.1352756678229545,0.16208400462580905,0.1361190031720769,0.15450129706413046,0.08560120577114644,0.16661237214198135,0.2583511181089797,0.14043173287153438,0.11608228265413753,0.18137310345039442,0.16917017218878908,0.1827744744928408,0.22297801679466953,0.14247542224750534,0.044289841084741315,0.13094776304262284,0.20161004072018965,0.16024753272960995,0.15087024359783163,0.14262566888378198,0.1053840519060238,0.17823077045525568,0.1714512400793235,0.11498196342192576,0.10236991760311441,0.1751705424992718,0.13692802599657783,0.11757469533863998,0.1423207073097781,0.09894076121424975,0.10563404176887092,0.14746763204319505,0.10914836233193329,0.1817450895461574,0.21968376155021013,0.21121242053754222,0.18061907758060466,0.15283294501001035,0.1643544603003983,0.13218827523284737,0.15831972593649352,0.18471762708617312,0.08549508361169454,0.07879878635330355,0.11618840481358944,0.12132136610497325,0.13625500711647057,0.20831137582073617,0.12669058883555784,0.07916629314459228,0.12203964556315818,0.17452766562806585,0.15661089388649788,0.14087912155427632,0.10490370950008364,0.14787313039983757,0.1711158859890292,0.18188807519257677,0.14026026180336737,0.15492690277730067,0.18987851526162325
2015-06-03,0.1690245826672655,0.1827540382675068,0.1736833506714016,0.13793219007962337,0.20522847707562147,0.19002171317673536,0.14818886972801446,0.19790994966185868,0.2243020016617914,0.1770714440310814,0.18603542529212685,0.2130117083593568,0.23222039921539858,0.17062702906504348,0.191055009041458,0.18258589271886894,0.19297191250509485,0.21383834505113494,0.22621946366373347,0.13786274829321135,0.23333244898116226,0.2139992040830485,0.18138447682426437,0.23029846890701441,0.2067516110340532,0.2011494718323406,0.2202419867208892,0.12560772458484004,0.1750132303762149,0.23776165774183833,0.17416145946070027,0.24104865566826691,0.1854763284485661,0.19715815710298482,0.21115791972421383,0.17866662943089112,0.19463914934628251,0.13614399117517972,0.2052943845956416,0.22412662063394118,0.1798602257892221,0.16152062053615793,0.16894136045978245,0.18645823878920526,0.08971941684687307,0.14237113474047325,0.16491709197041654,0.1390042658363931,0.1799881310611256,0.18343263678963623,0.1942062821597095,0.2133853704855727,0.21887915325606577,0.18064806929347518,0.18890072679808753,0.16019241644626034,0.16834372447315907,0.17522140822966414,0.18756975620785973,0.19334501609300556,0.16627392016137896,0.1768083724893061,0.1714815926720844,0.19283339500539154,0.19295068804949517,0.12355286215980507,0.2598300647207882,0.17716484361965348,0.18325334599364923,0.24280749279151645,0.14463321487675798,0.1950334773897929,0.22319895084143274,0.244540078614419,0.21156788684027134,0.18267805153923608,0.16700825938529315,0.17751157221562272,0.22022523057173155,0.18442292520485423,0.18890463656622433,0.165875008325792,0.1383622453746352,0.18809754871513013,0.2071370024646795,0.17879621031771037,0.18039307133243584,0.178299111226033,0.17300081686237934,0.20049598201519164,0.17171033808476174,0.19391193247283986,0.18808972917885658,0.1660140612019384,0.12764527232241207,0.14380825379989562,0.1856673485489635,0.15592741794732937,0.1810325976919534,0.18125715540040568,0.15362121328492945,0.2331380776509333,0.14232980290588435,0.22835922391116728,0.1987846206478888,0.19757315106378967,0.18092982664378637,0.16252070606520405,0.21450468124930475,0.16757517576512748,0.18568298762151067,0.190877952398692,0.17845494341319926,0.1682850779511072,0.16726351139079493,0.2306989408718826,0.16271365835618365,0.17304494138849452,0.1669082810286524,0.21737109983187594,0.2007138119542413,0.14089659361459872,0.17831866006671693,0.14950315211185847,0.20058869937386406,0.2055367902201225,0.15370890379885455,0.20814963241210774
2015-06-04,0.06809817540554587,0.05151377420706002,0.10477357561679705,0.11099083632106396,0.06187892561838682,0.06864139273362993,0.04248587467287311,0.1139216968377862,0.10446508182553944,0.0946621733875331,0.11364124793664292,0.0682755898190952,0.08127195770098963,0.08163044455723366,0.05351483254609497,0.044456333039166816,0.06151555195849355,0.05768315675721812,0.05531397321408157,0.07520340197237774,0.09525233542298246,0.0806000996812942,0.11165981548291318,0.07029116387818152,0.08390634835716386,0.088631302669904,0.10563139955149631,0.09476034494610536,0.12603830871022464,0.10092654829894021,0.06179295250201572,0.13104797962477766,0.06937787593489317,0.09160467069354707,0.08726076108344724,0.04399298268075617,0.06520772270919735,0.0972063326581221,0.08681204284161799,0.0845830837490531,0.0755725701616039,0.08055925168917115,0.06780248471629696,0.09405372120635704,0.04958520985205326,0.05592548227692295,0.06588994514480459,0.06664532816331879,0.013788636027624217,0.10312624315834233,0.0560553337875386,0.12674979537899464,0.07502160523463969,0.0600480725996851,0.1253591346322385,0.06577288821215349,0.09164734770024278,0.07135664099900066,0.08995438585212065,0.13001885409188663,0.0496820851368593,0.08815880723863001,0.07744870757257757,0.04354121608130578,0.11622808421392762,0.09161564478098312,0.09265452505826173,0.01584756439773598,0.07836565354501128,0.06256601599473242,0.0830558692400712,0.0770268148778142,0.0708459757634202,0.025381547797958412,0.10584903618552914,0.058845199651451414,0.07102703740792053,0.1103130510859012,0.034640621499151786,0.11111781749787757,0.038329134220710236,0.035640237717472656,0.09364159752863621,0.04817350766486833,0.0802050325335967,0.08090953264396096,0.06323909335747631,0.10172765668177126,0.10832857027455031,0.08738574374591328,0.08650720707950572,0.014889702800373725,0.07127822207590105,0.07129102517790976,0.11758155499770609,0.08153716481402731,0.10720555532692871,0.09846216126600249,0.08209196590107164,0.09855620549968559,0.08241874983805599,0.10693608051322148,0.09040300811930051,0.06405056615621917,0.09748922024536229,0.08528176731581441,0.08375027244696237,0.06284331285015066,0.08714797185146571,0.06475107873755316,0.08607190161120941,0.07026799636026099,0.026911815586557346,0.08827039058154999,0.08619932295977234,0.0663398827296823,0.10347619461324724,0.07358095142289711,0.08178103342371713,0.10440960171683498,0.09325809986724401,0.04558727371660334,0.06267758588366551,0.05088961798874455,0.08234619892667328,0.07510269154736156,0.07776695610822279,0.07525328041384502
2015-06-05,-0.11519370691681562,-0.12086690075314041,-0.09030618101907277,-0.10826325452309048,-0.12601636682683634,-0.09004378700165636,-0.1491037604342621,-0.09323843416370108,-0.09295745390338434,-0.10871476130344226,-0.11767715696082129,-0.13623333387998754,-0.09833270468099994,-0.05846576031399818,-0.11644638093685446,-0.0722206733686472,-0.14289978188497304,-0.08010014704998059,-0.11421027600570707,-0.16020958722141135,-0.11129715575818205,-0.09275683181090139,-0.10880441259272622,-0.11944995654099087,-0.08718259890341166,-0.08717275912775856,-0.046424067875875476,-0.09744876483482844,-0.1288425690560922,-0.11127255631904925,-0.09367193094664109,-0.1229900891593005,-0.11756126626979573,-0.09894823731352258,-0.10021155517654196,-0.10291530686433682,-0.059487457019313295,-0.14186223220777233,-0.10655438389338057,-0.11345807982244671,-0.09345982911589615,-0.09931613559210849,-0.16798464994998116,-0.09804680453285665,-0.14096517266073,-0.08989673702106259,-0.13049674467422143,-0.06851053129321985,-0.14045405098097097,-0.13726104378153509,-0.13019608486259848,-0.12508760133602287,-0.07259895807708917,-0.08115682962428457,-0.10259278088459584,-0.12498592365427402,-0.11237351788379223,-0.15128959861631416,-0.11429118082774378,-0.12697465164460917,-0.10599281258274487,-0.12352471696978642,-0.1344124287299583,-0.10795983184916717,-0.09872301578190684,-0.08226380438526001,-0.09919860493847407,-0.14580608888134036,-0.15998053911037494,-0.101667841973203,-0.14711995233175348,-0.13948649210446856,-0.13838605813120794,-0.12060394356342008,-0.15926332879610344,-0.11023883322126923,-0.1288600619905866,-0.1105312932198479,-0.13510011971727043,-0.1134384002711405,-0.1100065051850151,-0.13357449911069252,-0.08399341828339646,-0.16172327270938222,-0.1433234388922599,-0.123307148597012,-0.13925305169708796,-0.1302644166379673,-0.10327281871306668,-0.11112550633845548,-0.07475222898251252,-0.12280313342189132,-0.14153697295701656,-0.13114835648413883,-0.10532878517036477,-0.11511170878637302,-0.08797962073131399,-0.15131253742019501,-0.14870688948291977,-0.11792752458577276,-0.1514767863292717,-0.06898065390775757,-0.11913399041168528,-0.0799443506021396,-0.08532616123019063,-0.1058278804576589,-0.10714750370358224,-0.13628721656997317,-0.1290956699520584,-0.129600778435585,-0.11432124680890608,-0.09463622896064636,-0.10328429845132864,-0.10009212491214335,-0.10322744641422175,-0.10202426051352696,-0.11580486631571467,-0.11946471620447054,-0.12552055146475993,-0.09342648320951616,-0.12281515981435623,-0.1295242468471719,-0.13207657532074935,-0.09434212899945882,-0.11687029535726584,-0.1133536688696831,-0.10394028349486967,-0.13090454870962273
2015-06-17,0.1995832034460011,0.20146347789971064,0.1841664595074744,0.20394895174177843,0.16550725833982713,0.21886834638037858,0.20303997177077499,0.18963300228406,0.18123229267214208,0.2317762521869591,0.2202743411825164,0.1611788271505155,0.1847196736364649,0.20967280144874512,0.1703251731971597,0.2201210347401574,0.188768468543943,0.20871806975281446,0.22299148626961826,0.17655319746783982,0.1559211063079955,0.18475821276303983,0.19815698243558993,0.19131724411352605,0.19213312562293142,0.20793252755581906,0.1622667135149526,0.18459694975113056,0.17518000983704535,0.19590558679305317,0.23003020674874985,0.20001396701679608,0.19458760332961836,0.20974550646767373,0.20854532700107434,0.24823598081189052,0.16932506919618334,0.17033883955410115,0.19028379420161254,0.19286482237357744,0.15873926096649532,0.19759064860393566,0.18823438731467057,0.19921011190149915,0.1582161339447299,0.18811248341075273,0.14030811348378938,0.21388969254660328,0.19740259953242112,0.18826991984271838,0.18606252986953312,0.1893293617072453,0.20294321396362944,0.22086500112952645,0.16673447457435944,0.18687160373900644,0.21131057766461017,0.20485123336263003,0.18855589733610503,0.1818341590318442,0.20555997131162515,0.252749978509656,0.1722876620539539,0.14576782308190425,0.17823635390343437,0.18121671302522885,0.1633044923091908,0.19881015116105233,0.16329929909355306,0.18399018864768374,0.19992950893089778,0.18545221571308737,0.17097323184332394,0.16140024419049923,0.1845496641561131,0.20450910514198237,0.16006911896686868,0.18675842076499247,0.18247784444378712,0.19811707667332085,0.2076646669597664,0.22845272627295707,0.19019094095093447,0.21177444276105276,0.18426649724028593,0.2348746890561712,0.22867532412157313,0.1879126812722685,0.20425409092145466,0.2332434405928269,0.18531470681769624,0.1998413061981402,0.17568402508104655,0.19512933771877802,0.18094147259642776,0.24917540618804676,0.20488984984637157,0.1936843100749659,0.21551981560258107,0.20333297846359996,0.1831095034616216,0.16809209047292448,0.22152207957127204,0.18824887365302853,0.1743805279559697,0.1957492436696428,0.21709117332371058,0.2095113796400046,0.1729698865924718,0.21731776152180005,0.22278348431696918,0.2415714451858162,0.1672352098926947,0.22703211238994822,0.25435249552461214,0.18191123728499403,0.16556108116736534,0.1911674608414476,0.17835634451738042,0.17811608996234948,0.20473104677871176,0.171214853034049,0.1776101614283765,0.24360875210621502,0.1961647009206633,0.21107578965235582,0.1913339170689946,0.19340191020137698
2015-06-18,0.07016547342545469,0.01649866999289375,0.0287504290879244,0.004323392082218994,-0.010478442125029122,0.0339024272129146,0.01382900535346742,0.03033327188536115,0.05193174512164901,0.02343575881607119,0.03233189184764183,0.0340292472747782,0.007504055432675541,0.04695686699867083,-0.0024815532302534245,0.020264187057988832,0.003070169219166108,0.05024830244391541,0.002827766316110379,0.06398569123800207,0.04498018637198681,0.04482447059982518,-0.015392049238292552,0.006683203217912872,0.028146294700396982,0.05305546718879478,0.011887375743413437,0.08056792913274693,0.01311303386497169,0.008276213024528559,-0.04421552026058142,0.09074992127258008,0.017020376024161392,0.01811841301548668,0.020296293402764426,-0.009363547900928651,0.025882262287971403,0.03177217123705399,0.03259302345181666,0.01923410849643855,-0.04804905639377136,-0.0036138366573661546,0.026350479815948805,0.02834053808628933,0.014904032797703535,0.011928311338478536,0.044683737788558824,0.00229587120432805,-0.0032579913361033288,0.022885135003169764,-0.006266355841576419,-0.04255455202419073,0.00530905166151748,0.01688445916461138,0.011035753357990803,0.0065638746364969185,0.016484200066408983,-0.0003654778602959515,-0.016291298803664346,0.04543074541033764,-0.02032530875143513,0.0214638941411035,0.03329668750814841,0.02545150216223219,-0.002476201840817632,-0.004577562106380213,0.02259136194847309,0.03768324710989289,-0.010360449906210824,0.04605360849898414,0.05289118972469299,0.0089983394328715,0.053516728342070795,-0.02788248756749086,-0.021737868283188567,0.0099045398103974,0.013380051632355372,0.04018135803952813,0.013991142394584164,0.015987621933879807,0.03271128182174009,-0.003494250339501141,0.005489935029946873,0.006618727402636501,0.06156204323708823,0.060430035114986395,0.04186212518853044,0.015189779266206314,0.04582030239361483,0.029312290121497286,0.07762698795130259,0.04827752735562048,0.05303031721872057,0.02605135570378952,0.029422521905226817,0.059354196928019916,0.01820028419466445,0.01656716140374295,0.017918818572131744,-0.00015571583465493497,0.008289590668185057,-0.00310923193864308,-0.0036834004043799404,0.054634029140261456,-0.001172149137182285,0.027733193064284352,0.014459359922561569,-0.014581658895146038,-0.018147308725784714,0.012640535491024207,-0.01875412115090175,0.020009476722769128,0.005836665927329729,0.036351075970714984,-0.01664419668454069,0.029489410123509308,0.04018296335676692,0.01760845723930101,0.03577101647885413,-0.0051003604204761235,-0.006958247571490455,0.009607021015476901,-0.006127228347548849,0.009467102261107549,0.01778129639534295,0.021639943931623003,0.01687268683819366,0.03516634698558046
2015-06-19,0.10905261768793992,0.15619818496734267,0.03982738581671872,0.05998714684964452,0.11825717304756367,0.04597780721144611,0.02710522942662265,0.1434153659939019,0.1166898055629791,0.08346552340509143,0.0773545832592046,0.09478041665158209,0.09950951308804852,0.06635554000343862,0.03481543057006564,0.1292010347332419,0.07478018949918858,0.11792616357461706,0.08001172539007832,0.04580986642071944,0.11043500223638551,0.0771652896003799,0.03824867670212065,0.04914820557724738,0.08354232254667175,0.06396070479979343,0.07200387998390484,0.06416135607814763,0.1078660168666216,0.09330446695177456,0.08062125097149389,0.030784016476124557,0.10182105908181081,0.06341499822335307,0.07049187686827112,0.1105875188414957,0.0926706036142244,0.0029535219166906693,0.1407290185556667,-0.014326825777904385,0.16782809069457547,0.09191396981795079,0.1001558157231786,0.10588708687336558,0.07294891842321666,0.05904718225572922,0.04661112970997107,0.018040767364045168,0.09450837462189972,0.10679191056254768,0.02063571300701932,0.03839524407795349,0.1077416238908225,0.10971981680147412,0.025442149424091277,0.06313862948146898,0.07836649307537899,0.18310801245647215,0.0846129477185583,0.053429487300837075,0.10213345938115999,0.05201952699564985,0.03468022081376228,0.029017095380752207,0.09568794453589027,0.061694589284149066,0.04827420971250243,0.021645232947301085,0.06515866324064123,0.015259232257372376,0.08197497105160315,0.09698758071347818,0.1687207059572889,0.13044667519660644,0.1167422669484248,0.0774262548988255,0.07224365447093749,0.028113894208645743,0.08174998201711435,0.04361271815418768,0.030814844300561726,0.09346441136119087,0.13166837797194986,0.13125247264909184,0.05553930033819475,0.13997000775969232,0.08629573402403343,0.06611594831526904,0.038132937150724966,0.11635394452832153,0.09455596845611851,0.13541152587767197,0.06038738136020815,0.052041694362139346,0.09529367288650967,0.11022299333850183,0.11227223240503562,0.07279671210681138,0.09670825043284823,0.18865363702052784,0.11438691299362021,0.04921148374319735,0.07912096351555176,0.10348143488921613,0.1047069761203498,0.09252890378961849,0.11516518035090235,0.03038173904709157,0.09477392658327952,0.11374655958776747,0.05278590313516548,0.06861165927407788,0.07080610434192013,0.10457825643234901,0.10752366576366147,0.016998570562458844,0.15580382470544127,0.04580906543557951,-0.014499353426947475,0.04994161642723552,0.09699082574762947,0.053200171554146566,0.10876813636067764,0.08404385077635403,0.07533292698295672,0.0011108833577884334,0.08541200305683465,0.054962225098291996
2015-06-23,-0.08428124323942483,-0.1278175287145451,-0.08930854930391177,-0.12839319162771018,-0.12777553497644878,-0.04538460476690772,-0.05002405962139592,-0.10145329406351315,-0.08780497671321191,-0.10031406654887272,-0.03944465938586982,-0.09300283891232833,-0.014292002762244198,-0.08849130115881224,-0.052619300804579924,-0.08790528777316227,-0.07714932874945436,-0.07794716012419511,-0.02315354193022827,-0.10610461799010519,-0.07469620713495966,-0.08649792633533028,-0.06945406593935291,-0.0286941563614366,-0.08023108169625257,-0.03260355442811178,-0.11040585116872738,-0.04714483154096829,-0.06158661757529093,-0.0703257061850795,-0.1211823202713494,-0.06304400649534703,-0.10406083496794448,-0.08245651126060057,-0.13890211868165156,-0.07404131531032472,-0.0938698325966948,-0.099812511249121,-0.048014831823861875,-0.11693563651535886,-0.11222871587031369,-0.06943957960099496,-0.11295298677547744,-0.06407635448288684,-0.08583277711184982,-0.07279904346434563,-0.10143908105229404,-0.08356102622860968,-0.15832474516686018,-0.1315247458775105,-0.029418473279334185,-0.06880737392888284,-0.05942295994431835,-0.08518515937094916,-0.09178024662034497,-0.09301896521351925,-0.11460524932970043,-0.024490685069267597,-0.02503130621572073,-0.08066239192132517,-0.04848333937933229,-0.1186302647761004,-0.08233761395520983,-0.060626692663722496,0.013215913816673324,-0.0624377582856053,-0.05729237489714412,-0.08250356862941409,-0.1297902118544999,-0.13283671614389103,-0.07004062597928054,-0.08798866457534935,-0.14941322797116047,-0.1168627859364275,-0.07429113631521467,-0.12228493866128176,-0.07256206883498065,-0.08630167744965087,-0.07315218212771307,-0.09102996362425858,0.0036978428612213232,-0.0701118730886255,-0.13016991661879374,-0.10683785329929135,-0.024234004110020413,-0.058437631581429436,-0.12486130355999148,-0.08336532399720792,-0.05431201577534965,-0.02282746265360494,-0.1010755559576511,-0.09461027581578332,-0.08712767206319295,-0.021767773336363823,-0.10574097689032808,-0.030172582855364168,-0.02566541833606935,-0.014402727810087338,-0.06558567590667409,-0.1343393055817998,-0.04519655569539317,-0.035478955928595804,-0.1283145186319606,-0.12335554435218098,-0.1311483744073426,-0.07146985358821885,-0.09053496817583875,-0.03231634943580021,-0.12593875914125652,-0.07662125017373429,-0.07263833703372777,-0.1231951013216882,-0.035402424329723604,-0.08747812527547003,-0.0657816425020427,-0.11472715323361829,-0.0416960550284066,-0.14165342966110708,-0.08377285476120239,-0.08015974331301814,-0.11041405098289225,-0.13316826196329096,-0.11097628490746407,-0.06608168105469489,-0.11790594785820283,-0.08499572038032459,-0.06840858963333092,-0.03980681784481861
2015-06-24,0.058980008037905485,-0.04929233196961314,0.0139990597270379,-0.012028286780766943,0.02963815783748574,0.11180934064912336,0.0014809510026572554,-0.0324150052517758,0.07209044249553795,0.023297507716774798,0.034549509936115136,0.021994227100187533,0.013274437890927826,0.009140458015662352,0.04954133711270105,0.021535017486960475,0.031026442849874936,-0.0013697020070718915,0.0236061075104256,0.04126519410885265,0.05338749096253313,0.05540883327789866,0.028732581496183598,-0.004273382793566543,0.0015790797235789896,0.0008910853209048824,0.033228188941865376,0.028858864139821038,-0.0315528938707531,0.0023974568557229214,0.007968106806655897,-0.001263919792596373,0.022720488970630566,-0.022790463768836592,0.06090814173534815,0.021512877023465604,0.004891949076145608,-0.01088982797081304,0.05277767152972982,0.03367646499287274,0.039724364934695264,-0.04366290738528375,-0.010635895988260698,0.11087397440122873,-0.015832349099635407,0.048727340064696756,0.04039923906270573,0.025999464280316135,0.04481476428967351,-0.010901034872088225,0.095254287414177,0.03450932909495776,0.07958977282202456,-0.0015432723073094989,0.04446023741015477,-0.031337502695025166,-0.028979406663293142,0.04045035899417287,0.012390187739697418,0.07765043222330671,-0.057049121228532146,0.09660102894058754,-0.010191720023085719,0.08118853295759898,0.024338656179144953,-0.04922153041777506,0.013860476825903306,0.04802267188333516,0.025934136246053476,0.11718728656593427,-0.022076778512037352,0.04793985013820228,0.031082204017195365,-0.013212805351042108,0.0003105131670392474,0.034659118897367544,0.05827178654512495,-0.020853309882562697,0.059342455625488275,0.05992876789951925,-0.0354660157891808,0.08221359935811702,0.03848941908198107,0.0285889457295895,0.020423347548273314,-0.03709757661141431,0.020336972406737746,0.08510575496185907,0.052943041658302666,0.0420075660652224,0.08404875283427037,0.0585506003834606,0.03928866248024054,0.030159411365853376,-0.002577040615181359,0.043923946183278884,0.07617139459403792,0.06442574204047849,-0.0028708800998355766,0.03749364490282264,0.036018434020330725,0.10604926673273422,0.04596496891063985,0.08254183462134135,0.03732171463691799,0.1186758910621453,0.055076726325475514,-0.003867748163796211,0.05249367225107333,0.06601384195288873,0.012188461823456936,-0.04673961179390502,0.037988661932319194,0.043043247746482716,0.06623524658783748,-0.020198116166547663,0.013232343676382012,0.00536263892970334,0.002901767413106206,-0.022009534087295102,-0.04484537213934342,-0.016095843621719296,0.0354870628964537,0.04915948917048911,0.04387556517045675,0.06307244037673614,-0.00211263755989995,0.04560908146038889
2015-06-25,-0.2611168229786717,-0.4217402250492116,-0.3183914672820565,-0.40306235032246884,-0.3495914227169136,-0.23683042028136445,-0.3277374461666087,-0.3178252082101473,-0.29424027448730633,-0.3566945397378486,-0.19770283783977904,-0.2818071831075702,-0.2494330648789071,-0.3201034950682345,-0.29912676036572006,-0.2989623451242106,-0.27417133907056024,-0.33504716391865086,-0.27844667618941593,-0.31383723746071035,-0.2062575683745671,-0.2941277798483788,-0.2749566381846119,-0.29634738560875623,-0.28191940732669263,-0.3161075016080618,-0.33097225262604135,-0.333491709199634,-0.24714233870978466,-0.3278031581792514,-0.2424327073839155,-0.38043325855816096,-0.3383887414504472,-0.34118866811259974,-0.2888464810544982,-0.2259452118661021,-0.31624920158594166,-0.29048387297446476,-0.24266148253904218,-0.2908059429623558,-0.2601420299286874,-0.2732410949409674,-0.3416889447520611,-0.24768642335767443,-0.3012971904598672,-0.23642911729057495,-0.357725380034944,-0.25363592948999214,-0.2571627445882917,-0.288090657699204,-0.23482742078488347,-0.3624066172812761,-0.1641721341046425,-0.2615997927506057,-0.27284222572842387,-0.25928205965841933,-0.2749309483031261,-0.2653155126489388,-0.21053972292257683,-0.21617467388752057,-0.3784300406377855,-0.32888943453639524,-0.2967135340248809,-0.24336673739078002,-0.34281064610367484,-0.4354415982465222,-0.2727689419612379,-0.3018179526987695,-0.26009003897865307,-0.32663169958349664,-0.36962195852133345,-0.31755672428041587,-0.26399571222391766,-0.21314434955141073,-0.3162897645567088,-0.38353592061164876,-0.17399540394522128,-0.34041526746997314,-0.3013769235640754,-0.28320011552371355,-0.3435864805245475,-0.28258538955171947,-0.2299093268752407,-0.3133889713072487,-0.26560119460688064,-0.30278499948930515,-0.3134252075611339,-0.3420269695084538,-0.26952417471967255,-0.29390576518837996,-0.29402614175684,-0.34029438981708704,-0.25420786737780876,-0.21961333212935286,-0.33509556906376636,-0.2888302558661914,-0.3454991598061203,-0.3849185048252564,-0.33725595288682375,-0.2587469337768421,-0.2520469427151411,-0.26735865292031796,-0.2595811089054281,-0.2810034954467707,-0.33009658854642504,-0.22764290740260912,-0.303800425857509,-0.25855683785796807,-0.24831487898475985,-0.28754170549482216,-0.3761350195275092,-0.3655751261377993,-0.23896971135962297,-0.33852395135300434,-0.24646277373953263,-0.3574284590889286,-0.3037915020039402,-0.2985131778279159,-0.32058376064211735,-0.3599874417047243,-0.34258565682581976,-0.2866079459077628,-0.27807430811777367,-0.2849900627471832,-0.2845151670359839,-0.2792725382742347,-0.2884678933273383,-0.25802808796465715
2015-06-26,0.09172875318364727,0.07296379856683312,0.10718715794031801,0.020232129464790822,0.08677592316087349,0.03960276234761383,-0.012584871470815554,0.07213313400200459,0.0750663125810114,0.057405883508752364,0.08519944858069954,0.0939356290302575,-0.00622736814287873,0.09482802535410981,0.06787895080730305,0.01436538540567996,0.07750692912882788,0.11211032039083821,0.10185075920040283,0.17377203962283158,0.13992500389193957,0.05449353797472196,0.12410359046115939,0.05544044267652625,0.08212757329130188,0.05325468525907022,0.028005777353199195,0.032817182753038535,0.06901987800683188,0.06557614713381424,0.04972590990108042,0.05099529872375236,0.060505726447570414,0.028981048635602302,0.07866443629419663,-0.12700366447554617,0.02222629053222498,0.07116653779193491,0.14659671519958903,0.1373602562864196,-0.08738235495311428,0.042234860619084914,0.052193919717996855,0.015603094534794543,0.06145624868477905,-0.017287156434710734,0.0716919300631892,0.08415579864263495,-0.010559214577082306,0.050721615297281496,0.06147260804181784,0.04328565133811129,0.09293649902392329,-0.020980873980484784,0.13806515520548426,0.036344816574317304,0.11805487281355778,-0.06782922175825899,0.05090663191272328,0.11754603282461352,0.08628431940747006,0.001209458317922635,0.04712977003600696,0.06031109443833879,0.08419033012814378,0.056849677858296505,0.09380435230848835,0.10045654607603696,0.01849146779789319,0.007974348524906376,0.06503678959831519,0.06463697547435866,-0.023905932755173442,-0.052949602879883345,0.07578976147163041,0.04685010691207859,-0.006030167676047275,0.13568876115728523,-0.03542730644282218,0.09625180701694938,-0.0019871300297357865,-0.0370990455653598,-0.013379875920186997,-0.006403315711791355,0.0871172302552399,-0.001922807999135683,0.048678264584527196,0.08265610478851151,0.05124643680018027,0.02970335598951029,0.034824151952257784,0.07122334956932021,0.10330079620759622,0.08192095514660436,0.07055667180406397,0.0014449002981694902,0.05837305048717755,0.021833149521416444,0.02181333962700773,0.003930036727633135,0.01257888019798867,-0.018910411770843377,0.08364353404355758,0.09556089192259488,0.038211799865216556,0.0329099326108102,0.10832041851019894,0.12545415681358685,0.046458546449917835,0.08687893446681115,-0.023634668194423974,-0.10067676052198356,0.07723865694211277,-0.06941401336597249,0.03897035100969993,0.05964643468833812,0.06603190566569533,0.1087165317489284,0.10702620126406197,0.07552635187555887,0.05621411918243085,-0.011240713597531085,0.07139655743920865,0.027677095376470895,0.01669925516156679,0.08354793034400831,0.04676419290429771,0.006725078148890393
2015-06-29,-0.12495542657145811,-0.10004135261579188,-0.1256432022435769,-0.14022400968466373,-0.10016953242241686,-0.09255063320309924,-0.08376108842069811,-0.12088955935126039,-0.061608147944257695,-0.07309143321177473,-0.06335355707731934,-0.07631684426832519,-0.08598365976279818,-0.07244418208133264,-0.11381349316369453,-0.026439417148478663,-0.12240694659136647,-0.10806668113564147,-0.07638219722638129,-0.13251145862384112,-0.042468863524902124,-0.023206293175938534,-0.08429304437622899,-0.12071347736383416,-0.1043455579037921,-0.11829484714756576,-0.03994405253113007,-0.0917138870327041,-0.05376579297752555,-0.05362395708165707,-0.1562963972377801,-0.11351353819538484,-0.06117864487930384,-0.08212983292616241,-0.06445485430499835,-0.056601083974413616,-0.09838845027731588,-0.11549237532175391,-0.06418317780373506,-0.08008562664425914,-0.0074790855578989535,-0.11186343115301424,-0.03904511052141284,0.016972077591940585,-0.11975627516235375,-0.0988567937915253,-0.04287353817347658,-0.11350867046826939,-0.13079447849874007,-0.018237185290904324,-0.1425964444851607,-0.12497287066660306,-0.037012034219265834,-0.008095491815325642,-0.08150370021884762,-0.10212899420070896,-0.10780584007160969,-0.05447382702677942,-0.13041343456210075,-0.09443816361612568,-0.09834147399946112,-0.08231106357245575,-0.042456592008760584,-0.07665359750197671,-0.06785263735572299,-0.04312096618498156,-0.08825446101717546,-0.10496197094285203,-0.06900958448218339,-0.07751603930196183,-0.1007619898063665,-0.04103025400476091,-0.1475952954982412,-0.12376464235919249,-0.04271515000002184,-0.10989383556811466,-0.0997129178683131,-0.0762863081700195,-0.06089183386250741,-0.027926831513082506,-0.04094205860961766,-0.03433713778733173,-0.21115459737399225,-0.03140520042967367,-0.09231775978050633,-0.09646843106040404,-0.16431931112845466,-0.055180156558861965,-0.1252208337810309,-0.09953655049679053,-0.05135516084392656,-0.11277761296834976,-0.04681640484816259,-0.04546168654295598,0.0009192221742301394,-0.11795181546379532,-0.12131392550248059,-0.10058200354226633,-0.09947152550422089,-0.005368944027780792,-0.10202966596219708,-0.11423040684784963,-0.07020277538887579,-0.015438138074248256,-0.1009526263827048,-0.06506614703930476,-0.053289201536679744,-0.017204483354239755,-0.10073773215817973,-0.05954938707344235,-0.07824634847377335,-0.06477705294973782,-0.06476535220178892,-0.06567011859883246,-0.08523823650322378,-0.044123805899431955,-0.05935732357662246,-0.10357016931410465,-0.06832523341922038,-0.042083309610780766,-0.03698349580963435,-0.07023616532814464,-0.028611467960141836,-0.03137206666117012,-0.0901939313357312,-0.06069320653147228,-0.05827800092435969,-0.10875417142366395
2015-06-30,0.20751661777192817,0.2025617364136779,0.24118997366962838,0.08473044960583936,0.17336683888290824,0.2910720671562305,0.21410328371156312,0.27176704840814486,0.24443656814263373,0.23004047788727316,0.21016167048040707,0.28446232047742903,0.36183040070967654,0.15948675360343628,0.33640793176295747,0.32009119200100944,0.4064924965245391,0.29357344226339804,0.18246564900834675,0.34659161000548705,0.3526924475644265,0.2563531537742887,0.2650338197748028,0.2708922883937352,0.2350637684763647,0.39243494043640426,0.27005923687953054,0.20124878357304463,0.2705576176758212,0.25289133140855585,0.34240074597009196,0.20513558060936773,0.2484508857021642,0.1850720414787218,0.2123837686436602,0.3136031962213112,0.255229121776881,0.3711062612714463,0.2710050955064114,0.34214166467294815,0.23111310118775408,0.3036421262155365,0.24886345391476505,0.21710002918309135,0.2760780279603248,0.21510857402368874,0.2960200006150452,0.3011716215970041,0.3036395734337125,0.18297169421457188,0.27223299083006824,0.20027996940677587,0.29133720714740546,0.3341261570671537,0.40659924494318406,0.3468726391835979,0.21242560248339945,0.18643121815123007,0.22729624088166966,0.20498292962992753,0.20148653156610757,0.3125957670499964,0.318056624843484,0.3146957807116046,0.2931802041698491,0.21944422645934886,0.13883208863259058,0.33248564302381267,0.13789010596535853,0.16395809345013287,0.25867103700508265,0.30834989858901535,0.25169910426488545,0.14935264268823176,0.3394195799975011,0.30985925651781676,0.2441898927427919,0.24203819083399658,0.15888953947750353,0.12025901782532206,0.36727341602361235,0.26007211714795464,0.38128813315773025,0.2948875186593877,0.22482169047123807,0.2570604174625698,0.32125042212564603,0.29221398672649224,0.31073050972280286,0.25252694423896505,0.2641638664422284,0.29088606784193016,0.16959438630291815,0.11418791789681841,0.3395315215824586,0.46022589985030843,0.18027672940764544,0.22932937188628333,0.23645528264856938,0.2094136573414258,0.2837735202359481,0.19992911328018662,0.29265627139077,0.2949326092910643,0.22118935914491292,0.3145509490733349,0.2678271662324263,0.1382310503095012,0.22075948037793713,0.3624019897913535,0.3042417361917859,0.212379161424351,0.2777836200903677,0.36156722484152304,0.25325225646727173,0.15741237217084866,0.2553257723721406,0.21740354090313058,0.20952435357017257,0.2393288005650911,0.2103714166975825,0.14119901843411337,0.25763528883498676,0.2758412010159581,0.20605416443649197,0.3363564774008693,0.2135262652324011,0.17417071986115248
2015-07-01,-0.22299822546151613,-0.12450232305900454,-0.174860237583224,-0.17971555567783054,-0.19489552117327133,-0.1956395158097786,-0.19355607342624953,-0.2169599607434078,-0.2466306254234768,-0.15279875022948117,-0.19112170444167312,-0.32591796809340906,-0.24955924061255355,-0.21630054061866938,-0.15468297955822766,-0.16442857574671196,-0.16212425603193545,-0.14306451815051285,-0.2530620189043523,-0.29217343172637217,-0.1587524116988468,-0.2987497133976844,-0.1746175379255248,-0.21261728578918915,-0.19169940630003596,-0.15218359654058636,-0.1727951351489705,-0.30235865435870757,-0.14799960778793098,-0.17689590676560202,-0.0654259887688807,-0.1575307492243134,-0.18002623102620519,-0.21406404705367513,-0.21126843009743235,-0.14714440850806765,-0.1701734506332696,-0.27939183535352324,-0.13013655910571023,-0.12269337640786539,-0.062410084061978746,-0.29500040179624226,-0.1443178274399677,-0.23287607204024074,-0.24442730440585925,-0.09716361362982176,-0.18042257165797626,-0.18870296496117694,-0.17795873928273725,-0.15233782730726514,-0.18763426075765122,-0.19606387159037283,-0.03236899784652291,-0.13660540441711766,-0.12784757399871055,-0.06762001726618519,-0.25997350356716487,-0.19398907990702907,-0.2091877200423643,-0.22924176999712506,-0.2694926284483687,-0.12697823841898367,-0.23220193909066572,-0.2401529332229673,-0.19535906942524414,0.039180813335922264,-0.24869961788813924,-0.10451053263751511,-0.29310834711362055,-0.13740490881582587,-0.0715159239650831,-0.08804670337247679,-0.21683269340789263,-0.14409252666416925,-0.16072585776120726,-0.2858496010493595,-0.12167274030179404,-0.17450518243392898,-0.24583411050799034,-0.25333214391826775,-0.17407758279399735,-0.24329949353089025,-0.15291625424154912,-0.23997586564052914,-0.0026455147378116424,-0.08547319070852508,-0.28874565120110407,-0.0007230857359395993,-0.06810541658158346,-0.20438348610192583,0.06136412327793426,-0.08100897090094202,-0.11865772049582077,-0.12892748426176553,-0.19764834942854717,-0.07907349479398212,-0.1774995594986642,-0.18670600603863682,-0.24248648342595117,-0.18055706894983825,-0.16846838504734707,-0.24907177702303143,-0.1599933353435588,-0.19126502404512608,-0.1470037429713453,-0.03307438980425845,-0.28598630649017953,-0.11534948845700989,-0.10380320390089848,-0.2597196361451027,-0.038233322648252556,-0.223142167759464,-0.14352956962097646,-0.27875367975296317,-0.18261217671072977,-0.19113615436053977,-0.26794985878155897,-0.27182332172673296,-0.22297080010529982,-0.19861678888891654,-0.13630225101722127,-0.24308984135167394,-0.2208793955215789,-0.07494828986460687,-0.20545985760934002,-0.19557080497108612,-0.12136870221298746,-0.2055775212343971
2015-07-02,-0.2735590449433182,-0.26928032974360894,-0.2862728320115432,-0.2578565679945028,-0.25390251099548317,-0.17122150069237665,-0.24122663490684268,-0.34363764893517784,-0.32636605689852194,-0.23336705325436122,-0.2973908036218796,-0.2457866737673116,-0.25748505275717426,-0.2212458669980054,-0.2808291597488002,-0.16686155862775134,-0.3503554156901165,-0.29879152416228033,-0.26818448480233764,-0.2663948898953859,-0.255011005334782,-0.23736893774932985,-0.2878939488415434,-0.25116687408218413,-0.33266518404690953,-0.24994284327718053,-0.15921102580792876,-0.26627926099874577,-0.3359912475542681,-0.2358968856297226,-0.18908602284927636,-0.20607723716332835,-0.22136536263496667,-0.30454590972074497,-0.1897063348996327,-0.26193108302523627,-0.2927134029751094,-0.2580925905236637,-0.18321394184860879,-0.23980731938211886,-0.22068240530688793,-0.30391611894022963,-0.16716164396172856,-0.23291863977994778,-0.20261529659253213,-0.13288391068451502,-0.20054843010320902,-0.3025285063395976,-0.25788562624088246,-0.2432141643787497,-0.293858366272116,-0.21895055347539907,-0.2525903041788903,-0.2580030474445103,-0.30056902176207945,-0.19342017903619438,-0.24592933692572458,-0.17695141508216558,-0.2745851184915286,-0.28752113464765655,-0.25278049726077856,-0.19959158092142124,-0.2963540570369171,-0.2804623566643008,-0.2514389393299037,-0.1856078174533459,-0.25992526340481475,-0.24894700824673507,-0.20056367189363777,-0.2609687959301999,-0.28502984191513897,-0.26300342315475894,-0.30198708927728013,-0.16477553575506815,-0.25132706458815673,-0.24027517015367483,-0.21624747424480611,-0.2651897778188998,-0.2232215418963351,-0.32799662363858806,-0.2141642263290066,-0.06394585638652725,-0.2691382152396537,-0.07478941157789054,-0.2000491090487637,-0.19014835974122454,-0.3802137783041997,-0.2618378431765847,-0.23920496382437528,-0.3270162716782118,-0.2717881974478997,-0.25507335663062536,-0.25588527443377423,-0.2800978157291643,-0.23132099530720782,-0.20843056960552506,-0.2574887107868772,-0.13241831519858885,-0.31065325366376956,-0.1258983424900421,-0.23329621448738497,-0.28552293592244943,-0.22668352815136092,-0.21745309986771902,-0.25772160534462824,-0.2915861201550002,-0.22962184051021245,-0.18972098208818397,-0.222405157578015,-0.2368928564297616,-0.09319418378844764,-0.24351301481839155,-0.23946011139615228,-0.20399817281110819,-0.24930726051942811,-0.2445972044422531,-0.28977051807912924,-0.30592071921741687,-0.32497661528303845,-0.3081429722619264,-0.2740440387147605,-0.2430763002737302,-0.29673296794697546,-0.19605201680564935,-0.2875540569149826,-0.24445819931354304,-0.2232352254847639,-0.28832285282420805
2015-07-03,-0.147424146500898,-0.08091631703841143,-0.11233247699956253,-0.0007951495901355169,-0.10172340014850138,-0.04283493722364588,-0.08772544378396709,-0.08562868845916813,-0.1608885626668783,-0.0975541562101302,-0.11423210451531378,-0.10834830582519774,-0.10239663878340546,-0.11210436512842378,-0.0545199018026181,-0.04162445456116023,-0.13190920327220948,-0.14852292908504192,-0.12315215327998547,-0.008420026308633298,-0.14583296773946844,-0.06569694208586917,-0.11038324116176201,-0.034531779276824645,-0.12792163909986684,-0.12426985914819795,-0.00198942080361214,-0.09772366983499414,-0.09902462277036826,-0.12248699679863073,-0.0702497711523108,-0.09095199583311836,-0.11956010579772285,-0.11614253112157914,-0.09580143172347892,-0.09418595527688074,-0.15866158771991745,0.0036980135579325144,-0.05411931377182849,-0.11539941870557556,-0.05612728642236747,-0.13768536681095497,-0.09524801047805026,-0.14331371779828825,-0.057070604124487084,0.06936182684912377,-0.06840145085824624,-0.11561540051585817,-0.11638518920487378,-0.11905254854355872,-0.11762200652201502,-0.034099506953656294,-0.13577426526153244,-0.04001506474909736,-0.15631582277730122,-0.0679928071260368,-0.08715574735218187,-0.07939343121019359,0.008504279601395739,-0.11520166036053556,-0.07462440012369935,-0.033538600421103223,-0.14399338555752134,-0.1882767435686057,-0.08913468068889627,-0.11975250501047723,-0.13343626216522322,-0.057274202345943395,-0.048572284303086945,-0.05791385461362203,-0.061686092374605435,-0.14841523213023247,-0.009929112240106336,-0.11357956030203349,-0.12937987562181502,-0.09231202753792839,-0.060185018793141316,-0.13597134866341531,-0.0937077738618684,-0.12354227042480842,-0.12058973158392945,-0.06900023619975873,0.0097026385994294,-0.07022235676908505,-0.030770326254164204,-0.012708569037372847,-0.09163568255765314,-0.08259855902981912,-0.09357006964599675,-0.13636787776823103,-0.12577911694111574,-0.13139495328753004,-0.0896189524041393,-0.1115596859087107,-0.10389705495282113,-0.11983413271951891,-0.09211792944342478,-0.08424018137243797,-0.12614360932045265,0.07720460630398138,-0.12202269767517103,-0.09889877924701125,-0.11561033844217966,-0.0950444829727541,-0.15350873418678446,-0.20958773628350627,-0.09664949780041673,-0.05327889752155305,-0.1287184094968625,-0.10069510708427282,-0.04895330623559911,-0.08380444437249335,-0.09815023391030228,-0.031099432940761007,-0.07305888457229896,-0.08156114352270522,-0.13785106535603114,-0.12625992904700503,-0.1781110872074448,-0.11206418709460211,-0.04820747752665648,-0.10922106276302597,-0.13746972247225092,-0.028927769799995597,-0.07886812032574396,-0.15642246379612826,-0.10996140168855381,-0.10651176721244629
2015-07-06,-0.17059038733355814,-0.14590901820566096,-0.275241575118443,-0.2098295575817461,-0.2825251488170273,-0.2156466158130737,-0.18377552336051864,-0.15628926131023455,-0.22529767342311044,-0.1678303183298123,-0.21240898384949608,-0.1871722304632051,-0.19401668729392266,-0.1481632960276109,-0.16518535424459002,-0.24246429927124075,-0.19967586949239416,-0.2082682680836724,-0.12471985278150886,-0.2665774758866209,-0.18589689245637225,-0.2040479584912101,-0.21876118347546392,-0.19282767797598246,-0.2155241637720912,-0.20328569453609396,-0.23254896283046417,-0.1955050918520651,-0.20004193997046718,-0.18885472150630483,-0.16166307077377426,-0.1662574727578693,-0.1700920075267593,-0.2337609462356168,-0.23125435295670474,-0.19601326782214254,-0.2227708755574363,-0.21012892684640166,-0.2475710874176246,-0.20071420167546117,-0.18161490785926196,-0.24726618183557816,-0.20910951360522226,-0.1616275101938431,-0.19907236070345172,-0.22682669546234002,-0.15068825711267034,-0.18661446141652976,-0.19478517712009089,-0.22760711891604063,-0.1851346285012561,-0.22594973054134232,-0.1285379074193436,-0.21473196480034734,-0.16877748486681204,-0.2515446561475071,-0.2260023849189648,-0.2794077304400108,-0.22833434873436273,-0.2066984329182766,-0.17365517123027294,-0.1735420937814416,-0.18938065302232474,-0.18513156720023152,-0.16168812395412943,-0.2257899997463415,-0.2075715159704819,-0.13445643129341184,-0.27759694012674163,-0.2301051405520839,-0.17994878456564667,-0.18922353384901686,-0.2479613248848218,-0.2188523627889447,-0.12567865226240194,-0.2369264040225548,-0.15638288927856211,-0.25234549249553273,-0.17863799015131088,-0.2689077432986225,-0.186675687437021,-0.12105066931008371,-0.20530618168732093,-0.12611469734643652,-0.2533116390988848,-0.2100487850593635,-0.18672772955443856,-0.1447028013494451,-0.17261207053017943,-0.21455189456669002,-0.2568456836268388,-0.15112740417897214,-0.2121585694256868,-0.18846103819454604,-0.2050673717323895,-0.1940926075593318,-0.17964454623631249,-0.22771086041886063,-0.19811827905428947,-0.23632617713310863,-0.21517965888816723,-0.18051879881642027,-0.22589401486269528,-0.21308124555449004,-0.2461879916147271,-0.14941353136604238,-0.17145372670763134,-0.23979835032279018,-0.15596655233922155,-0.15916806095070934,-0.2338816330914641,-0.2826383771748094,-0.19084762847329523,-0.17881398257552922,-0.19240766747541244,-0.2553106686679243,-0.23316582931644178,-0.22706771767551268,-0.19451567936092637,-0.22431499579422576,-0.20461001335931983,-0.17310473984615193,-0.15475182809267501,-0.1329729101216685,-0.23266867403005279,-0.17325438452149375,-0.2431230170289348,-0.2196587569358657
2015-07-07,-0.03743469418085671,-0.08159103257467869,0.002370425544435441,-0.013421764932346206,0.053497154869077884,-0.06471971090586391,-0.016249766794800644,-0.050956760098303265,-0.0070854147586008245,-0.098179471215909,-0.09821083864948497,-0.06031063072392928,-0.019389016922065454,-0.020522505944872177,-0.03906105107519426,-0.003607362066064159,-0.014225508909436134,0.003811301420884665,0.0028366781998402928,-0.08490090977141133,-0.030089182853789153,-0.06175963461814309,-0.013745216950619725,-0.026112365434789293,-0.04612650081402195,-0.011936367952418288,-0.03283897289243268,-0.010044013224909899,-0.010569378736784459,-0.0033664771759500845,-0.020162656431112806,-0.03565096373688316,-0.06406134146693249,0.007492554557535964,-0.034661562301721356,-0.07240438224692643,0.01262059485628346,-0.017396913659036166,-0.0436504110386469,-0.037382970431445714,-0.04643701486767963,-0.024922719198336347,0.006696011290380992,-0.0710669538692992,0.11972512408235635,-0.07326964668350185,-0.05260231424027887,-0.060187232636048756,-0.07106106883645331,-0.059273939003591715,-0.02406853842234901,-8.940819541043902e-05,-0.05437348320225261,0.05144082262788065,-0.01120262521171625,0.018401832219021266,0.002336435651965357,0.04767161632968532,-0.053581806611935984,-0.026504727019607006,-0.054218198625065224,-0.048096436755875084,-0.0704965148043665,-0.012670840784282713,-0.03539308390053404,0.014358892901346591,-0.054502053665074233,0.04668554849729511,-0.056367064286693636,-0.023859444321856757,-0.08418483563063411,-0.030367035716796133,-0.003390506804987345,-0.06558352175020367,-0.03992112870611396,3.8423356705312634e-05,-0.024462765358982678,-0.010873809947603475,-0.01874099223301624,-0.03651696708416443,0.029017034139622765,-0.11645970421593141,-0.0646751813019465,-0.023755257835347564,-0.03615490083828745,-0.001972522858052533,-0.04136200458256318,-0.002227815778202262,-0.07563046638876096,-0.05444663536213388,-0.10009435901761089,-0.034623521191682556,-0.038380499884372095,-0.04500743717752719,0.005066710710160169,-0.09159980456405359,0.009832684763030676,-0.04238073390505912,-0.0037662306506195064,-0.07159960704849991,-0.05261822025973026,-0.09992806712993012,-0.006141825787203051,-0.04711516333847788,-0.012423305697815796,-0.0219788989461447,-0.027902746075115687,-0.03768056296015212,-0.03855340498954601,-0.08857765977703957,0.01603879578164454,-0.07609154666922471,-0.01116124621218745,0.03190803513250477,-0.04120535551291844,0.0010374306310434412,-0.022466580012019823,0.029704949286736025,-0.025786505813500008,-0.032042862760113124,-0.012352370270052144,-0.08522081992424528,-0.04464867940227916,-0.01831918927360473,0.0012302863252758758,0.01483732697389765,0.008089594407880053,-0.01780996474361828
2015-07-08,0.3049774830932138,0.14268615639125817,0.32316538506361436,0.08725665092642533,0.28676744848969815,0.25440128256367733,0.21484562310589012,0.26660990649414545,0.34655782292931914,0.2657472168758654,0.291603203007238,0.26102009916159613,0.24051253496883981,0.2984101277104403,0.24061507812429944,0.3661792311479272,0.3847927722740929,0.3538517762809381,0.25739356477809866,0.2141125220778255,0.31590872992954716,0.30324813689095664,0.2548522650706755,0.27912310433364357,0.3790983659230156,0.35162202543818877,0.0741490189359265,0.20965529960680448,0.199498841130156,0.29462435862893327,0.1317437598536651,0.1779949690656345,0.2812178012393068,0.30770025297449477,0.20894246290490434,0.2855630435840908,0.35985678930677684,0.19668067388475222,0.2029611199017427,0.41683412025762834,0.21864987009872153,0.2969038535400795,0.34604653108666145,0.1542948360042111,0.2596289849451106,0.07534128914205795,0.21495895230537443,0.3383945341993775,0.23948208499818963,0.39492428653960737,0.3237219892332335,0.18446707449337543,0.3252196561226209,0.20672273614309075,0.3627280347848505,0.18305965174420294,0.3834773201182791,0.14472395864931467,0.23440639219505954,0.3371514993721226,0.13897511026451398,0.22401437425431575,0.27468774407408514,0.4080546936646677,0.3550697065386871,0.321272961392564,0.41854481735110965,0.16322521827205638,0.19285193756041283,0.18578549060264932,0.2613200131654189,0.24309459242393922,0.21703774958168753,0.2942522857309293,0.3194393787951292,0.28482111960902146,0.273038928332895,0.39723175511391745,0.2996390319871222,0.3576504562839054,0.25720707369033974,0.11295213742229487,0.24900957503454596,0.14407902996798025,0.2987737853315703,0.18120460685802658,0.33946183704009036,0.2864633244529009,0.37312778202107083,0.3395744489661602,0.3287087097786422,0.13170519847818987,0.20073972413716756,0.33392161718682006,0.25891920533064994,0.29790803632032004,0.2243365849259927,0.18578539440692154,0.2605525730748707,-0.00822649860381541,0.30325535364276757,0.31537794760284854,0.35736713328519465,0.2848966965820597,0.3337430161066201,0.3266757211539697,0.2731616153917713,0.25698664788196574,0.3199347856048975,0.2383041355881746,0.24118881200473066,0.23733004157458956,0.07712697570979349,0.2455968580174701,0.3635960660119431,0.307678734772061,0.2513971590332334,0.32784559409295,0.35160886231392935,0.3313186319657536,0.2706624056721493,0.2795563800215917,0.3551572138952509,0.1442038417795172,0.26202213012159337,0.35174240131356554,0.41120208940730746,0.35647699697785284
2015-07-09,0.31032593568539396,0.24103348378625725,0.4475812698143019,0.3416913814891359,0.35598107155642056,0.35659283291737337,0.3834214641114008,0.3796306820963999,0.31344750759239026,0.3811466376835002,0.3941304120588177,0.2624229997577567,0.4827529531206475,0.24859924375753678,0.2550754089093326,0.4138328524820137,0.3392828186496419,0.41570118553112956,0.37928137724603345,0.2915588098564892,0.3906561913182694,0.38358495247548924,0.31042291411462086,0.4290993222858708,0.39455673930937984,0.3859049276743382,0.34921547538174297,0.36984435901893475,0.30244873759622926,0.44753529951992815,0.4254638906499843,0.26609432600705835,0.3966121782249409,0.412619286617908,0.39859834683391127,0.5089881371467461,0.4606443901771687,0.2876084237739779,0.30060621059668147,0.43198663461057885,0.33750966654708037,0.44255413474600436,0.4047487329049873,0.302966910205233,0.3870782474869306,0.3556221748559886,0.3680042872044917,0.335100145972491,0.3435131424831752,0.3330920416902116,0.46503486815489264,0.2605673493579195,0.3883085576549081,0.3613143742367379,0.41584980182526937,0.3813458725268631,0.4108472262293085,0.19505184222050873,0.13193235244314871,0.29904432166202544,0.2959668385871114,0.3488935481939467,0.3339981183676406,0.38816623866136735,0.43534813367040254,0.32522929381508797,0.34571298667223027,0.4699153257589549,0.3757523699902725,0.23789201508120947,0.346952925160202,0.32823297077399954,0.3755305495803923,0.39565284334459944,0.37038498244559437,0.2783870592957624,0.3946192068368064,0.2965065095205699,0.40834845735156766,0.3550084320866285,0.4422916765728731,0.11705078413126711,0.3728699832324958,0.19945956107168875,0.4277390598509756,0.42872211952258776,0.3723966557553954,0.3434193030594655,0.3913104808505206,0.2847645628234039,0.2865620407875083,0.38228887484636787,0.4101230366604068,0.3441193565924121,0.3288545867828236,0.34554044063581374,0.4177805541889673,0.2945887711856177,0.3832458164606479,0.35870001599071677,0.4066743997712814,0.3301907704253974,0.35715266294063736,0.4081834680758701,0.3401216134702493,0.466954915107572,0.35170297900213715,0.39981911453660507,0.298060683308439,0.2683739488239489,0.34696821232699526,0.33064427509568045,0.40243781100921006,0.38310311681538933,0.4422348616056277,0.4533376322919805,0.3337021452394807,0.34554358928611334,0.2742304383811539,0.39462915826627004,0.35696437365272293,0.3221818635234046,0.40908209287136815,0.28726769396522134,0.33871290732622056,0.3735364675227267,0.34570282550892173,0.2971066422676684
2015-07-10,-0.25445259118569125,-0.3812475696004076,-0.296502977222378,-0.32840855832978433,-0.15992208360970897,-0.30387081247062075,-0.2568323304220512,-0.32735251252639025,-0.34015495613064456,-0.29820352994922694,-0.3482708787709257,-0.3854026007891051,-0.33758089198599617,-0.25224304500626366,-0.3621121306087765,-0.2536406292468434,-0.273368999088164,-0.2548564821715456,-0.2684469481431505,-0.40473981886654037,-0.23456879239990905,-0.23522416267884258,-0.2350543929877235,-0.31922756061516533,-0.2837761775098328,-0.23820719819910446,-0.2582354542513858,-0.27116078040585917,-0.2538387107564577,-0.23569367536575292,-0.22474505964325878,-0.31785309367026415,-0.3411748443747988,-0.2477765356763228,-0.2436385582174752,-0.3684391793832217,-0.20320881651396508,-0.3798768301943764,-0.3421413216934715,-0.23827705355829312,-0.30058777235734696,-0.2511787033517166,-0.16983996984408087,-0.33017269519399206,-0.3314571421063067,-0.2282773463372833,-0.29938023466253927,-0.34574211476829664,-0.40690573439645483,-0.24323551396324736,-0.33753178155165753,-0.3240270353345457,-0.19515470528242054,-0.38136435647960365,-0.2908569707366822,-0.32156905331559954,-0.24842597883387058,-0.30999841659889754,-0.23256331841073397,-0.2800840042523528,-0.4395739568610757,-0.35269527549663493,-0.3196098599445431,-0.3066188799645208,-0.21991864179770304,-0.24469140820575283,-0.35479240575845267,-0.2441322216496087,-0.289383718963661,-0.22374702479270706,-0.27381470752957693,-0.22834748511088857,-0.34319185053434215,-0.32278856015493335,-0.28918044211615457,-0.23585888788679735,-0.26029715623780814,-0.4011412248972142,-0.35747104125897733,-0.2982324265695636,-0.25606688503166897,-0.32033179650098403,-0.2638284324549844,-0.3055680037866759,-0.3102966587843499,-0.21053981898619242,-0.381723128506023,-0.2816580783460703,-0.2308613779731515,-0.24728035094317677,-0.24377091163587863,-0.2870682740813621,-0.352277189461848,-0.27787303511312095,-0.21968266185953284,-0.3048983212994138,-0.32112847311672305,-0.307197585105105,-0.2691561998310819,-0.2369952866396578,-0.3181203723485742,-0.33273293005830396,-0.35307565738566493,-0.3085930347517734,-0.3011443366331972,-0.28847553803706916,-0.3333734825337732,-0.22360110392020746,-0.3385292314077087,-0.33492476577090463,-0.35397244731826416,-0.34396144490552566,-0.2681569425610643,-0.32463208904195173,-0.32271143789251916,-0.3428285112414101,-0.33356188032067596,-0.29560713516151027,-0.2870312863242904,-0.2545656298578329,-0.27381607338697134,-0.32005905107241683,-0.26599227315784274,-0.27260645814047907,-0.22456889189060072,-0.3406892437869844,-0.2709367624909592,-0.41529307393720793
2015-07-13,0.20817490160499413,-0.03388018737383928,0.2101597251338055,0.12217508839118459,0.2332250016635752,0.19525313003298111,0.0674337604908182,0.19013482689210195,0.12245290398079121,0.17619948314103542,0.020916416403208512,-0.049248595906876136,0.24266760036153714,0.18788464756200426,0.17847508262050307,0.16249251561374659,0.26999181173126857,0.1473382264210778,0.11118200209371536,-0.0016347134286784687,0.30538308818134957,0.166606983643285,0.14016255397708124,0.17171314475850805,0.21101115773959392,0.237621293537904,0.08423334458410864,0.20911229259396047,0.18651524159551428,0.24862424905457303,0.1817668156184237,0.13326753062729893,0.19800965513764385,0.23112208481078153,0.20724125411092698,0.11113307414090978,0.16340281080827274,0.14922523523799702,0.21915875982776228,0.20737608145787498,0.15806987304729098,0.2432288784690679,0.29868913442458694,0.16154396077204974,0.08732870306632551,0.1618916934189768,0.2457049986189739,0.10165764443663093,0.09759538343476985,0.23833188835165753,0.17385641983899028,0.08533080200798458,0.10917455684143304,0.08964167561438514,0.11866665950796625,0.2056157646639993,0.20868731731161091,0.09617188387438162,0.22006806508713472,0.22072334350788445,0.020025672893398,0.13322479848864896,0.20279694500228798,0.1653661447412896,0.29764461063370085,0.18845484148038721,0.14751533033124617,0.13742042194297815,0.20358628274268725,0.18922532900062886,0.17247163743966323,0.09035994253517653,0.13371647978153034,0.18328467859236064,0.13948944017595732,0.17447594545136905,0.20146236700139591,0.17756519545738336,0.1278128239690883,0.22418242741025196,0.14220335090068692,0.14610739794299238,0.19480912127512207,0.09506454588486866,0.19445342417994274,0.17683707840292828,0.04856056732719729,0.05240266167785611,0.22727952277656413,0.2136262192416194,0.25795912379466396,0.04198542223081884,0.15055319983501902,0.1001765852972484,0.08839078311571463,0.09117850240464065,0.11966928247401895,0.12236538332509819,0.2337081911422635,0.13711073265373766,0.200300150489763,0.15827272557774777,0.1241750357265286,0.21883077703688042,0.18359491364070588,0.045218555674865456,0.19993475314862585,0.20017962634769945,0.2660559296671028,0.17334455980295807,0.14444645138341683,0.17307652763432702,0.1734784671537079,0.19813658129630432,0.2528495482000957,0.19433152630034994,0.12885309842482473,0.1506735598924909,0.24851165996945293,0.12481305441546142,0.19786919503641792,0.1485775981155405,0.16925909617254237,0.19795800445613437,0.1389128228285502,0.11779151424474943,0.2839322633097783,0.11389337566968423
2015-07-14,-0.029692539620556353,-0.08855380077240187,-0.15067142595746913,-0.13266690473802212,-0.17684352612389406,-0.1365792876254217,-0.08609884086029647,-0.2137161340428627,-0.06529982712524154,-0.05600168232064989,-0.015766288599827247,0.05188974249033739,-0.2376629940430921,-0.14119403759551685,-0.0980617969808693,-0.09030053408938202,-0.1365069383778453,-0.10114812882859898,-0.06972479319208204,-0.17129759704328765,-0.07625607314816844,-0.10297451121230494,-0.07149928583329765,-0.17116514320207396,0.005651885372829117,-0.14725423844537508,-0.21330263171688532,-0.04914403246523904,-0.07403437285785848,-0.2038454395744424,-0.002654911817293803,-0.14365338732600272,-0.08688459448168268,-0.12403150526683776,-0.10500708704643301,0.030118581716792804,0.060773812612498826,-0.05548720371641091,-0.0821278071668119,-0.05648676401911952,-0.19598238869651405,-0.11626101632890973,-0.17259415939986708,-0.0448955514104556,-0.10713046981570827,-0.16660837594200914,-0.11391232272145237,-0.04930549676236466,-0.09501089856398957,-0.10064083831977898,-0.01645451044759383,-0.06492502525785811,0.021151897662508582,-0.1724839820208803,-0.0886031008217903,-0.1002111436749982,-0.09106649807054212,0.016247742397410597,-0.13958500325759082,-0.06529163400800624,-0.0334299638770432,-0.12439513854312485,-0.08643738683258834,-0.06587880740987058,-0.07979891359267319,-0.09776375539978002,0.007515819543863605,-0.04605377253885484,-0.15225968111673188,0.024231851800014043,-0.14995119118597872,-0.09986665647132761,-0.25100310811524346,-0.09487642714057933,0.03591726657080051,-0.14385411876679363,-0.06011904599344313,-0.06503901289325065,-0.05444531230798649,-0.10235524810126893,-0.11760267942336143,-0.11843083142684595,-0.128690777845932,-0.14799595531541793,-0.16112311251065445,-0.1446632183788004,-0.08781383052812149,-0.02975603627913006,-0.1448782093123308,-0.037623477104342655,-0.08353814728478305,0.008674130376525835,0.02506001458375452,-0.1158151939678316,-0.0278804951920122,-0.05846267079236999,-0.02320359077018574,-0.12486271968841818,-0.08148670965210186,-0.12950830949082318,-0.11224710996226016,-0.12170329445246869,-0.02213985104913382,-0.10144376380883997,-0.005933182397908314,0.005703775115319454,-0.018118396006132676,-0.1159620248459985,-0.09621008521698092,-0.16089543959070657,-0.15366556360972364,-0.2618695266117812,-0.08083875672178878,-0.1780439407945025,-0.146494301686997,-0.19379794680486598,-0.0027870253795468053,0.04132676609470568,-0.07228650784765764,0.030542575533720428,-0.09781830943221247,-0.0910436722389578,-0.0012241882669101966,-0.14984389447666982,-0.10103957002523105,0.028267619981380904,-0.14543807232341077,-0.050863554556614
2015-07-15,0.18748726048015338,0.06911005156120407,0.14011177030392613,0.08959768682797112,0.055106690687932856,0.1151953137457434,0.09888369689917824,0.1525524197937414,0.22395299707750352,0.10948733294985559,0.1337511220901587,0.2865551663393201,0.014530814451846301,0.1866456084934632,0.11595858030021472,0.10407163697177226,0.1313800527804213,0.2115529727796114,0.14755974919175763,0.13247490439027854,0.16147569198372042,0.18826816773644886,0.17870694717233282,0.07007174627601055,0.2165833113977363,0.12606866486560067,0.032557919790398605,0.1736590600765384,0.1368092817948043,0.16813466431787044,0.13066767412944114,0.21227065044521626,0.13234994364238903,0.20664614844662227,0.15801594211702136,0.12644690573092784,0.1763999973002342,0.11943628890193778,0.06058174225702907,0.16298688588764926,0.101328545722149,0.23320644434095344,0.1142891854131654,0.1831642605004016,0.10948435479125526,0.10806796731325788,0.1559445468105642,0.216070355896626,0.011246230867502845,0.1961251942355294,0.15299100303048713,0.16970663158770627,0.1415446709997908,0.05113870388440353,0.08098757432792705,0.2191233009390067,0.14560714358029442,0.0966763691084846,0.10915992575663547,0.15643860395110726,0.1292472336966468,0.15187908824829538,0.17268646944877533,0.255779186155601,0.1355619899973677,0.176821707087675,0.18328912466843503,0.14055453509168145,0.09232051619522007,0.18445137384331908,0.22185704127843311,0.1629388674688817,0.07676134931523346,0.15668948313236608,0.20945951646481448,0.19206133867886963,0.07761421696667814,0.18456611388962008,0.08765059631077005,0.20822551143688287,0.14778587951382147,0.028917909760756377,0.05995720524370838,0.07261753863296855,0.17257645399261615,0.20033851923038135,0.06138659971247495,0.14469578164549535,0.1594650414076579,0.21385452312011935,0.08554312050510422,0.15899611807040845,0.1464143982583829,0.10742201176794516,0.1650026820499611,0.1456881365541539,0.20368993927044846,0.2065042853878543,0.18056370876995967,0.05245879882515044,0.20289077422533594,0.07186101605685707,0.04222501198021072,0.1500725562057492,0.24061460168330395,0.20794406085272105,0.19662971305365948,0.11404609407033241,0.14894000445461356,0.10987238711138499,0.09882543116190248,0.15785029726119693,0.12216575212100352,0.09321176919881431,0.11904414792016794,0.17843562070990343,0.15574746390750602,0.199019310074851,0.13266176659174816,0.22709282469745748,0.09363125248884661,0.11922878464265385,0.20448836063471496,0.1359181657599736,0.029622505247669767,0.15280606907350786,0.11289070673119107,0.24013066866449337
2015-07-16,-0.3645637844789875,-0.4090002004439911,-0.346349234871809,-0.3452393802192442,-0.4545136006655076,-0.38739163987554837,-0.35078611458383896,-0.38508541630932774,-0.35957313212906594,-0.3644897009529874,-0.40353724251390816,-0.4136302797009608,-0.3898199600586282,-0.39371943143864097,-0.4163674857980152,-0.41292825956524465,-0.43544390564369323,-0.36199570888789806,-0.35622509126449065,-0.2991417677880847,-0.3604520230935215,-0.35807699776784346,-0.36994889566554756,-0.4078681406070633,-0.4140506191062824,-0.4374269745787987,-0.46265389404018303,-0.30780747020588745,-0.3438262201480125,-0.36444404733254904,-0.33157349467936525,-0.3502236538638819,-0.3603655485409602,-0.39138881411526316,-0.38536155792553445,-0.2692350523948144,-0.41827129631580795,-0.40765200457144346,-0.3442794953795076,-0.34438025944176076,-0.36916763834352595,-0.33986707296414104,-0.39455684927639584,-0.39115180516283105,-0.3165930473667068,-0.4304681976743009,-0.35621269956751456,-0.41630819063695884,-0.3251937793024305,-0.35476026224299734,-0.4080060797602449,-0.38547777426321056,-0.4318982498220777,-0.32045525805300473,-0.3336419301197658,-0.4536858619543201,-0.3439207883617777,-0.3297289814785406,-0.39540118159859955,-0.4028442857751118,-0.35969200344086183,-0.3268492691934343,-0.3606965372891382,-0.35539778244269,-0.3259772850430619,-0.4210943377413225,-0.26863768596251386,-0.3696989322219071,-0.38012508766125574,-0.23217134991748842,-0.4413077870917105,-0.43238372048566337,-0.43932681971535664,-0.2891560175279577,-0.34963075188945986,-0.388799728427955,-0.4056966587606421,-0.34203496774038494,-0.32164676549108934,-0.3928735350713761,-0.44136974557659103,-0.3822308123889372,-0.37199306257274356,-0.3339268346592384,-0.4005123640625786,-0.4419778071139585,-0.40450868633737846,-0.30786360913614524,-0.36329879365412415,-0.40217317755466797,-0.36247003164605757,-0.22975425097206,-0.360900733036134,-0.36797339828972236,-0.4030617926667716,-0.3569250124382521,-0.37161264403323657,-0.48446752785981156,-0.2737186979071115,-0.32906818776221813,-0.46973702532297795,-0.31304720144305465,-0.38258320902457205,-0.3762126337304441,-0.3444543396889541,-0.29135488369177265,-0.34610433580788613,-0.39787014341831317,-0.3138895107401422,-0.4056152005732183,-0.32946886243400103,-0.47196973686997284,-0.2612381685804597,-0.3203212842513946,-0.4206922425881958,-0.3748012233235664,-0.45397536237419717,-0.350720569028781,-0.3899820304111843,-0.3861197341220999,-0.40982511725863086,-0.30319446847240417,-0.41116204932169026,-0.3266863205766355,-0.29115764230472146,-0.23097731846747707,-0.33047318836437284,-0.3753575452983366
2015-07-17,0.025686789430668773,0.19307274516809222,0.09313350043780345,0.010503283461676982,0.05339289326435699,0.03230885616444098,0.03583666410356118,0.05493104011753474,0.026018020028857582,0.07313408164794567,0.10388080161791995,0.06896928784731729,0.09909820158516879,0.0675828375378629,0.06108089695328663,0.07936626853194277,0.10257819504987425,0.06308014170646858,-0.0016653981183236985,0.03219082857080737,0.022425172250620965,0.09185926684688848,-0.0815458490586247,0.16138326233698588,0.07417238177709545,0.1672377395228187,0.04652864285095682,0.10634735479485824,0.06274094117088351,0.21190756466937735,-0.01090159916810819,-0.001911509785120386,0.11561446225019828,0.10135847583074974,0.0632401780493856,0.18209521684490554,0.10266171999378713,0.03167603798521458,0.03209716947723327,0.12430233160711969,0.005801170977727625,0.06911147153046668,0.03128583483718889,0.08529331362234888,-0.013323244410227903,0.1091380911219927,0.10268212303352156,0.0962089398802745,0.033764555728586484,0.08627552870706467,0.11726615207620039,0.12953698648898707,0.16835982673618108,0.03617493707770772,0.12497945748830643,0.047950027839663574,0.018746249148504677,0.03544757621927084,-0.003646444700524427,0.12142199623210924,0.05942619260668392,0.10123483081221704,0.1400094842276803,0.07850101417575533,0.1076231654217105,0.1027102918158244,0.11061667390774794,0.003103351536771903,0.07580782501441512,0.025991886920301382,0.034437797159705914,0.05821194288815106,0.09679378420375459,0.17903407522284306,0.15872225963912065,-0.014767349372216977,0.11347023029310693,0.06112910103186272,0.07751146674863496,0.09190262330632418,0.09403792893353169,0.03337451695852874,0.005864929684320684,0.07062217632275353,0.11888181778517141,0.12430278909988177,0.06249291671911172,-0.04157151225641818,0.13808362855524664,0.1867260692696318,-0.05164618364946466,0.08947316742332127,0.06356790187512004,0.05850603523600372,0.09328588564082005,0.08096308723620976,0.13066329804182733,0.041442426304404346,0.15470134080116169,0.11834085991973739,0.06875569352509737,0.1402033131051575,0.10728205210115033,0.0846480674907472,0.01680764157623699,0.05975986578718426,0.1273474852874849,0.1576854380381939,0.1049937236759345,0.05856057761109289,0.13223192926389934,0.10827992278234395,0.16159494387423068,0.05998116861455104,0.1588711380696829,0.10024109060779328,0.04973209055520265,0.04645899666530421,-0.05104330465563629,0.1324852257306137,0.13625691890402253,0.1344965620088701,-0.025498061313125202,0.018961461637550327,0.1397544462309998,0.09154684530095487,0.06912007906285464,0.0681659181577737
2015-07-20,-0.018506011617910878,-0.12437230869720092,-0.09316659140274958,-0.07303306106241865,-0.13642099863949408,-0.11951475508894066,-0.063249525682576,-0.1122487196126032,-0.10075073941139571,-0.10442567895614775,-0.04501446456456758,-0.008035732175150221,-0.08260383738664337,-0.12068147595598365,-0.06463264701269375,-0.13126303313533677,-0.12750394172884028,-0.04930929199931261,-0.04443279949822409,-0.08405303054239133,0.0140669238487468,-0.074962355142523,-0.09885100342630035,-0.13878244894264102,-0.07157439502371996,-0.1698733252471474,-0.026671253413281137,-0.08556888045667942,-0.07440812419960535,-0.11019362634428732,-0.02449466498776851,-0.043843434974763486,-0.08597977581091147,-0.10739041377760598,-0.10579923461890693,-0.0370110984900883,-0.07046747438077376,-0.0838399141836955,-0.07372103811964795,-0.11338091663893052,-0.1320118299694662,-0.05917047225230392,-0.11695197641295774,-0.05148090323004386,-0.01154145036594246,-0.08213961502844871,-0.06672595314321293,-0.07010497405325923,-0.12843577717958557,-0.13803959114532116,-0.06345481923540312,-0.14562001889581078,-0.03270609885227527,-0.07016477427735601,-0.07918258642143595,-0.08266579535078489,-0.10616944116086693,-0.03687614244805233,-0.10418970192582233,-0.055760934733053595,-0.04757470321415325,-0.01300747348678465,-0.018708530933537627,-0.00875641735008985,-0.07349385891779571,-0.10299357193739085,-0.013680071883584596,-0.05755069693548407,-0.13174482566246706,-0.08597978906246594,-0.10878770458085721,-0.16417113601699676,-0.06125673639153665,-0.11683308249589451,-0.03506944069840963,-0.10908239022125167,-0.052927822054323864,-0.06329360522920405,-0.08548811932929098,-0.0770547464887549,-0.09031683330081763,-0.0571576795141777,-0.22678670288389619,-0.04047088052752303,-0.12535359964997853,-0.15042933639171543,-0.11687121528556928,-0.061661737258232964,-0.09509838523993805,-0.05075621082359259,-0.048444962987109555,-0.08758580489767882,-0.05908477914767038,-0.040166639181216185,-0.08369072187203136,-0.0811707897483652,-0.007062899663555065,-0.14080550163337774,-0.07278642843170229,-0.1515579280439828,-0.11936987825736596,-0.08626675523686049,-0.10920599790095688,-0.10664445221928523,-0.09193729607440942,-0.026648089552408476,-0.11924657882623857,-0.1204553143252059,-0.05341238881865453,-0.08539934373887925,-0.12979700289923204,-0.17206528088401468,-0.10360758723061747,-0.14114213531264372,-0.13424687936861976,-0.10662441606172703,-0.060923173665779866,-0.048947099920375874,-0.09964905899427243,-0.042900187569310556,-0.08468266579545128,-0.15928745258770483,-0.09949185221958498,-0.06971845182725867,-0.08300209454918485,0.07490656214993785,-0.08700408583500231,-0.027708156411526266
2015-07-21,-0.019467010629987774,-0.002445085709782483,-0.0691089475557761,0.03472002508658535,-0.13719801763852277,-0.006307171797335114,0.016527570576173888,-0.10075953210216719,-0.004745496858882563,-0.10057468711557313,-0.02200371934238834,-0.11306962950586856,-0.00711263448016174,-0.09715301359623502,-0.10461696331481739,-0.05247227793200572,-0.0684930055042028,-0.04739761366094634,-0.032369999133441844,-0.0681190259439782,-0.03831932605466049,0.005875139568853031,-0.1149367817775913,-0.06722932682147092,-0.07020243172425746,-0.10884593780606178,-0.08558394558762797,-0.10427125888455886,-0.10720571155333977,-0.043580393841327586,0.007675585565759606,-0.07024640495148082,-0.010280870822363682,-0.13538755410533482,-0.016643527278190726,-0.009872528672788265,-0.03536305357636029,-0.07367552197660042,-0.08035799449766745,-0.05204024570352365,-0.07919243066702691,-0.035491478740959585,-0.006218022289870558,0.010753425554238744,0.0059530693156342185,-0.007116378346323397,-0.04238965566470309,-0.03758618045481211,-0.03711550177699043,-0.012694765178327067,0.0011452282881985376,-0.06190529329876244,-0.02373745906447878,-0.15460270179115695,-0.07629015858014133,0.02991184173531074,-0.12049459897372083,0.030426515465612206,-0.13308061829879023,-0.07195425071709244,-0.012827910001157048,0.054026471792908815,0.008461098708454302,-0.04261533483744553,0.027491089724927007,-0.0763874125882845,0.03658496290944093,0.06931797796560614,-0.08505548777560756,-0.029630054480947254,-0.10704923234792994,-0.00791435785771216,-0.08897778212789152,-0.0951986711100569,-0.12698443374788893,-0.08073952945269058,-0.03296038083672111,-0.05069365174461845,-0.018395346271025723,-0.07852513049804649,-0.07532634642251754,-0.020306475192419984,-0.09618235877476879,0.039604836892199256,-0.02641630825031934,-0.100626103848578,-0.03837855125192715,-0.005682501821954094,-0.009305837048415663,-0.08712712283368255,-0.10815954894089759,-0.048441223979097864,-0.03522839418046977,-0.024270485839878755,0.03019238214341599,-0.08905290463836738,-0.006403802382349145,-0.09866295979216436,0.018681497487293076,-0.06556265617737643,0.009607573842911086,-0.009344489282421275,-0.0411802147942049,-0.04210662156408135,-0.1420943401284376,0.07209826145991981,-0.045226230902211714,-0.07059302831931961,-0.01588482133004831,-0.14468154611429715,-0.09556423464590534,-0.11779891736339394,0.0712248456560188,-0.13898345871411497,-0.0841914233186434,-0.027153817812071587,-0.03693470328487881,-0.01840220392544607,-0.01976500688570846,0.0050914966955457035,-0.09900520371285877,0.013737752073349468,-0.046663221214839706,-0.08208862989810091,-0.020411496670608778,-0.02794494176292839,-0.013588130522360005,-0.025584661796069563
2015-07-22,0.01406228711602548,-0.01616887588490795,0.005533673351751193,0.06014794703302548,0.010827231295862123,0.006645833192054129,0.025104973956106516,-0.005120621428654543,0.01064504654241175,0.006296279628056477,0.000547448967953995,0.04879138926889981,0.021819047155211477,0.014110990346282649,0.03580922072791986,0.0003082482927668891,0.02914857506062257,-0.007225956479041414,0.032694046924027324,0.024869803506945256,0.03482959109631634,0.006608843396922102,0.022796194243282518,0.0016694727536254715,0.029188030842096733,0.06083465006730216,0.005382021827706043,0.030903124343051702,0.010163562709109867,0.000850765288036614,0.01523054814561199,0.030894806400780093,0.038180250038692416,0.010935416434198158,0.03903902978234097,-0.04051677209786544,-0.006346215851484712,0.08269253650740227,0.060671894968721246,0.0022613094757378987,-0.014494151909784304,0.023968154252382228,0.041479739764469205,-0.005780271985964704,0.029218243678022324,0.019940276884073786,-0.018234119510332557,-0.024540879580343105,0.006898596792122978,0.020721683232961353,0.05261120211286709,0.008619855258933287,0.0019401147546747998,0.011368197037242869,0.0066187073422906435,-0.004677976091030309,-0.005896789840630588,-0.003876232437707941,0.06207013792422187,0.06527404197973091,-0.0030378168902068505,0.009590222362647493,0.025710373603100682,0.03267062005377704,0.018943090583696403,0.01956451914191445,0.04264121933161484,0.03164022891201046,0.025234438239068607,0.03492083797311678,0.013470450393913053,-0.02055092001355158,-0.006701010669246395,0.021430965857645503,-0.02163718066247901,0.05186955672046996,0.003947427637172782,0.004898065372065868,0.022876338799401905,0.022819004616947264,-0.012519196162434432,0.005497617621971478,0.03426118652492747,0.02907521644813455,0.018608949434337094,-0.01987893240053668,0.041361988916632245,0.04903798790311332,0.024199340471957393,0.004312393615808779,0.035331733010703845,0.017538097568307782,0.017980122917092643,0.05101817493584781,-0.001817431934153578,0.062234097316463836,0.06318781753428458,0.019275397097316294,0.007157525358047165,0.0465248467427833,0.01860956593092263,-0.005728486272779868,0.033328421910541584,0.02202187453185209,0.010556271034094884,0.019521980877512623,0.041850254212374996,-0.06694513851771884,0.03360214639451858,0.021802401747402063,0.0435221929523426,-0.0140881799726179,0.06727395690320248,0.017497406090619696,0.002654017800722915,-0.03222366002926505,0.05135971404423353,0.027096874423966154,-0.027836670326606684,0.02467835831891714,0.02000469770398557,-0.005236521997523912,0.01814657699518676,-0.003308121697696648,0.06123722233765572,0.0065021894876247585,0.03356022462670229,0.020201360114770844
2015-07-23,0.11539714996236389,0.1297551531454617,0.12650638558502378,0.10971543568723888,0.07630740227452247,0.1014450672093508,0.13078530691817708,0.10044445983123305,0.11913711486038775,0.0696806145473713,0.10717253137306898,0.10739914868269253,0.10394128648784516,0.14244814961358998,0.11828429759187103,0.13267430402453023,0.14679253124250805,0.1640790367754979,0.08375956558789029,0.11814483568553145,0.11447540665485792,0.1139797787012108,0.06190486655760586,0.08455038830386682,0.09423664178287952,0.10070879473984483,0.04137873206123682,0.1337846353269774,0.12189860419457625,0.11960593526434074,0.07546075866339538,0.05340126242207565,0.1546780031566029,0.15048418020794366,0.08720059513525531,0.10178982476704496,0.11880513764615243,0.10156445432019787,0.1460369323999668,0.12063802592756438,0.0923628780500718,0.13347915394674206,0.0683966576033006,0.07216093632546566,0.06746183275095924,0.10238365912142566,0.08222280721589016,0.10462861959337463,0.15743575190246195,0.08688545056850235,0.1263620612186473,0.13188254616147133,0.1180214843911406,0.1400111781385314,0.11340871554958722,0.12665632083389436,0.1213493611415409,0.14164201748351485,0.12494523542480931,0.15145268086956729,0.11455612758094613,0.0665522358412063,0.08402764108483149,0.08161340303389009,0.08790538431965539,0.1441027365179666,0.0989482244994682,0.03862466221789699,0.14848390059879055,0.10883452840874325,0.1366873318706012,0.14315140253049502,0.10376173824803338,0.09655206595878561,0.10301237371937448,0.13450937431580096,0.07117123899664204,0.13246327249961254,0.15105929566359078,0.1069842550938219,0.09290966807302058,0.0566092551052493,0.08633269006225561,0.03983076313366953,0.11645791846944634,0.1102138198976557,0.09523600229822081,0.05323044222169916,0.10615509134746891,0.12735456398871797,0.10318634324107365,0.10709461914085651,0.10510897347800997,0.08942593347556141,0.05178376968529903,0.14954061680184946,0.12222403537923511,0.08418666857276423,0.033106388725156075,0.10784280415507777,0.1033708467676098,0.09867235611017405,0.08500985723699629,0.10614542816095122,0.12212303949434097,0.0994401118647859,0.10756965716737488,0.10588552328356195,0.12189548703763509,0.1199806175286702,0.08418879809869033,0.09407112074930303,0.12101520191744676,0.14932462109893338,0.1059088359491159,0.1213160075622703,0.13250535411831843,0.09157084916678514,0.1580513903983444,0.09027161815370267,0.10918153902165739,0.1071198514207631,0.09972844888184475,0.102700066606672,0.14857211614022586,0.09643673115196208,0.13445669436349508,0.09336446127073826
2015-07-24,0.08033883152804251,-0.00922292637042006,0.15834813325544062,0.14923944259572422,0.15174222980451987,0.1602829984673967,0.11072674394781531,0.1014269079290587,0.1386136429117948,0.06930398441013207,0.18728032597029112,0.13499168115138827,0.15698509037885247,0.17088031008283155,0.09042043126880157,0.08591772441191325,0.14985338777942364,0.12388874493510986,0.1491144949712084,0.18324842677783762,0.17176042472469882,0.1593530779109825,0.1477886489168768,0.18466267841081194,0.13753745688481236,0.15762815408566092,0.09178380383906967,0.14907477633049376,0.1164884686698963,0.19555062960353967,0.14492197178466298,0.0317673521233041,0.15567437523526934,0.12055994457045427,0.12272870844439654,0.06909089075042495,0.10583567704838383,0.056142613877452036,0.1706142582355049,0.14460611402278942,0.18862353925615072,0.1801316010962703,0.1538429045800942,0.09430087942116053,0.04839212770112953,0.17605353317068517,0.04000675847347558,0.17673155936017412,0.11646640275838818,0.13680234680428427,0.0899028280302822,0.17846846182317153,0.20330080817981078,0.1609935208179586,0.16572256088145892,0.17086517917208313,0.15622854484143073,0.04721162357296507,0.18988081559469736,0.0645705311643301,0.12684515585641595,0.04796057389023604,0.1331621018600567,0.1289033809389869,0.1254390328322099,0.15784503047305515,0.1292135646093298,0.04963542351301868,0.13831228560605513,0.11309788375301792,0.13860670791103508,0.036070830315039035,0.11711703192057085,0.1505695842215162,0.070137445410525,0.060477619806878546,0.09637444464831059,0.19525872911701778,0.19486784725601652,0.15599590708867356,0.12838325588200944,0.08975124613353935,0.16056265570264514,0.193647978620026,0.13735273368275858,0.10752907814297948,0.17701715530055082,0.09134215591522706,0.17227928887244726,0.15707083220642692,0.17290469985004922,0.14037702446860192,0.1617771759038046,0.23111583531773516,0.052139227075262064,0.1604784393978973,0.11503400987420304,0.21723668513435213,-0.00830750045550511,0.11145589984343209,0.10933785243203192,0.20763896638230986,0.15868353511036426,0.19590620600612788,0.22494242373237386,0.04224991599193101,0.16951852811547247,0.07219438324212765,0.13732751549817784,0.13966208893573842,0.19768991790371399,0.1743276359150166,0.1473429175044125,0.09814351576539797,0.14313211113404606,0.14312454567867186,0.21110016221601427,0.08968910391596056,0.12465853001943648,0.05466356735179256,0.0948430703896461,0.1293910579771028,0.10063757875168204,0.06750594912923492,0.1563874194042893,0.12110654872124146,0.09944349771178473,0.1533341277061781
2015-07-27,0.4430111931070622,0.47411188240760416,0.48933088244712714,0.3826039583701559,0.4298192130760422,0.5153697323426059,0.3974774370953337,0.4000823543109194,0.4949632039741685,0.43136588083087574,0.4681407104725697,0.5018948187404593,0.3472080436622549,0.4112277363705009,0.41753367046300016,0.5212956997140918,0.33336304986375626,0.43295467616118355,0.4745332972165271,0.4108829822161276,0.4060614240682604,0.5074310547926202,0.4602681158360675,0.46536553981812007,0.5296745011287843,0.47821685717211937,0.34826981699008197,0.35455103985532127,0.48544009505985986,0.45305572691068785,0.44371722057106316,0.5031761998399517,0.5053202208605064,0.4975516592268417,0.49132739688515353,0.38696377378339414,0.47419384300528417,0.5151212979933308,0.4667084672332201,0.4930193688398152,0.38573864264512203,0.4310064770608453,0.4922396959312303,0.5099044883704095,0.4772678142577979,0.4607094753294164,0.4231052049335862,0.4749357172226929,0.488326380074362,0.4938940323079029,0.47819372954217026,0.33301164649735465,0.4523054364731656,0.4696605512826882,0.38699432154528746,0.5194549712250741,0.4990497464070377,0.5194412190838886,0.43522408777353305,0.48611931519420176,0.4590784494464157,0.4946097897361944,0.5748365616813258,0.4904904505516483,0.5330219747509493,0.5068014800713945,0.4828497695360503,0.4683986801900922,0.5357017003422716,0.46217368244457263,0.48060372371108656,0.46315479073193755,0.4290883893387841,0.45534726545254917,0.5392620748268367,0.5009722295821852,0.41292064346073076,0.42555588354588353,0.5003910425236385,0.5195220459771025,0.40407183026800325,0.44635117509725686,0.24150829062644277,0.5020923749677669,0.5042462947593155,0.3761953604354062,0.4547872862710683,0.4259698368907234,0.5295682073858698,0.47118551188250607,0.5227398616435147,0.451552310425325,0.48435471437707944,0.23895214909810789,0.489128893164404,0.490907909237747,0.4966760606231858,0.2587296578702917,0.48209394342225376,0.330410668447837,0.5762654726021899,0.44190267670107236,0.4384448570818642,0.5113948624580567,0.47567135720298065,0.4369477050372365,0.43420993980551326,0.3708870760972151,0.5012208194844545,0.4422714318267843,0.43423733792206387,0.4131974435889068,0.5361565491754292,0.3786341717346572,0.3767079477197445,0.5594442302293746,0.4817404621223963,0.5342766149715671,0.5534309968142351,0.4283450812338555,0.5000827594980009,0.46473899898745136,0.49596753957437484,0.38772439435667294,0.3715867162123896,0.4352567360554274,0.5039115162259133,0.5033875285958865
2015-07-28,0.1888112103670002,0.13114441301107344,0.12371167705462773,0.2402786935324659,0.16829969031827594,0.1941371210860197,0.1590751323925601,0.20554356555875847,0.16462668072278014,0.12454887890165037,0.170144938257905,0.17400975296997048,0.15982972374805032,0.10961487482044546,0.14903584587467525,0.2093362185355749,0.11625700493813461,0.17142601737286306,0.18383177051545244,0.22118270446780997,0.1245519613826777,0.16911970506821528,0.24525636994704295,0.21483351519971394,0.15734894301725574,0.14250556387825433,0.05257057005504707,0.16876090427663415,0.1460738439154907,0.1818454197414415,0.1275111431689138,0.1720086327976977,0.22134864709907706,0.13995573557244753,0.17088350071205308,0.1966789349411554,0.12476711855838525,0.19474868532184184,0.1726583932875893,0.20334942388429594,0.15318740343162013,0.24244391425770773,0.136354164740116,0.144713853286233,0.1487578977090691,0.15772936979581464,0.1709285049350521,0.1725566714136874,0.16327010598650468,0.11311287429025872,0.2190028790372795,0.13351400787698078,0.11399323087166396,0.1447662554636976,0.2131245877181626,0.21621604126456592,0.21050509534113818,0.22295253171563614,0.14043170566160357,0.2284679452797968,-0.02588120478617116,0.2172218549788036,0.14093041607328907,0.24367813966105037,0.2320966419451688,0.10492518818546673,0.25072037581608686,0.14429032348584034,0.15963552744332857,0.21159386025169638,0.25088436380674073,0.056387534566184956,0.1585099799906655,0.14276869754683352,0.14677048462766712,0.24372780516991008,0.21433415327328662,0.15733168112350265,0.1423126005659435,0.15690198326829297,0.13980407750590296,0.1571981921834524,0.22837027435691795,0.1751772505292603,0.12737859648473862,0.17811074063103569,0.1750614954964952,0.20268422447859832,0.2359133699532079,0.1839199294728341,0.14253885467334948,0.29768272840389004,0.13282903943726224,0.08690377110728882,0.10306275314875436,0.21071162156996923,0.2022798029678127,0.13994663283397843,0.1850552642781424,0.1443947975633371,0.17549427583273225,0.1822227154191866,0.19857835975019572,0.19413588809360877,0.13504472679970655,0.19714377308007666,0.20555771329227465,0.12605227876583694,0.1395772069022915,0.15341631372258902,0.12375456168802233,0.08308519361063332,0.1500804527548133,0.25764428440885784,0.14871306417109004,0.18266166071747827,0.16378331391370285,0.24109687004876484,0.238376272294044,0.15279981751712315,0.17488764356655384,0.1587779812215256,0.15488542418021417,0.187734288329553,0.1570363794410845,0.18780632155209084,0.22694273366747425,0.2767426806488006
2015-07-29,0.27673305135774734,0.3215585058620765,0.26427072554803616,0.18500428551010295,0.13877253211633728,0.28671117316289585,0.23867254300046287,0.2189998913599136,0.2542793489008234,0.13946991421769137,0.23315143890247042,0.15617255647941433,0.2742223376690561,0.1911320482979347,0.23156684603970332,0.27658513295847736,0.26036644405848164,0.3166094730778409,0.1480177460884596,0.2505829093839969,0.2654229720512072,0.23555827161963447,0.2899157624210461,0.18547993704000443,0.2580014935037634,0.2695156357276655,0.23087416704143682,0.18519665332239763,0.2716943618604672,0.3037528927797521,0.23344736095785942,0.21829532789922285,0.2618164220011535,0.29942534097182866,0.25519701552467033,0.3064883222792543,0.30365209432963525,0.2317470421479367,0.2535793473712231,0.25693155032224746,0.11562090938614825,0.34034180541575826,0.1987816334297409,0.24194402297321665,0.2557230977956784,0.2568461333303571,0.22140672407707765,0.26633139111082327,0.24493472299582675,0.1805087547616099,0.18502002484558736,0.23935107974239803,0.2924354154218272,0.283327687204492,0.29669330224587775,0.2694265508589078,0.31092530359724346,0.226809128861881,0.32266926299571436,0.27089968784089125,0.25309923579839777,0.26354818252946133,0.1891139215306098,0.23712819977390145,0.18905165459812168,0.2678357028389776,0.2067730701859496,0.16410498350162792,0.2906870092779037,0.20695735725087222,0.21694138356211373,0.19065772200535785,0.19919949867082407,0.22929360248308228,0.26455123499637373,0.2954816086203141,0.15052630201216363,0.2855928343952382,0.2387637856342078,0.23824653854155908,0.25276182361053157,0.17517157365318126,0.304714160454544,0.19313807782783493,0.2729427830316396,0.26569367772722063,0.23788249276300238,0.2033212627106931,0.2544710817325442,0.25685109651343857,0.25320728697965617,0.22092307285643184,0.24229851293540147,0.2748172643012445,0.20511898919718136,0.24426331208232813,0.23152047682427948,0.20676502719447368,0.2427991518336264,0.2582720500531465,0.24912541149901862,0.24449943322235726,0.26055227997078856,0.20013270256387639,0.20149055324511453,0.2351538448106028,0.28923699120649754,0.2454216671560958,0.3076963624199518,0.2756307417014232,0.23269069886832772,0.31930852882470157,0.20888367259558355,0.18198385344882928,0.23651231199612302,0.17290818172022754,0.26082169234204894,0.23926993564977944,0.24543528672252507,0.2725232518676975,0.30204640892700874,0.2861357546164095,0.2671686039258614,0.14354800377720095,0.19043909748489876,0.1735330088100958,0.20720770570480215,0.28630921237099244
2015-07-30,0.009709816749418424,0.0446837708882261,0.0907866307512557,0.11254764348604084,0.1732318857339859,0.09058557676077818,0.12711568412828522,0.025257680301400503,0.0664615915963804,0.16474114610437832,-0.00391011047527142,0.054905203807994345,0.0706562947744518,0.17869678673642367,0.1513554086596511,0.15264268326344166,-0.013309774169612114,0.1667420229491461,0.08177161918753402,0.14202042776785462,0.11682826575971196,0.1013801499239358,0.0010772753350237585,0.13487512131426507,0.025557546873244498,0.05129962702146991,0.08407036406298697,0.07952604872644861,0.01212184121192243,0.1829594430461603,0.08207709656841461,0.04583190075848799,0.10796443432836486,0.08704203914256345,0.11159244579374146,0.04248286404370748,0.10772846863721526,-0.02427672385483807,0.05067652340502598,0.1698354489979817,0.1342795539179058,0.20766321181100492,0.17258474542590693,0.072275636604732,0.1171719545768048,0.10231872953807761,0.1625816080485205,0.08144962109115685,0.0727530031522965,0.0477604533658392,0.16346842758791363,0.14636052349032522,0.16523894955056842,0.15637423172804593,0.11477470965232295,-0.08329464212935292,0.13244127703884104,0.13320111469231727,0.1070761224067177,0.0510362307083637,0.06970820132756556,0.048673144969123214,0.14767368843832193,0.11556053462905756,0.15264673551441252,0.10173367846059772,0.1683940944988064,-0.06984343020057814,0.11853395170683292,0.008241661474068266,0.10864147195211243,0.05177423769123619,0.05406270616829836,0.07959306672327446,0.16136655618048734,0.021443275317541814,0.006405673650097869,0.02491355068049013,0.16329293394971384,0.18635335909006617,0.2094084851329951,0.07310990325576411,0.24621281725071031,0.07560007630704225,0.12906356999881863,0.15708256314511762,0.015313456418898202,-0.08756914348038904,0.08310605660340113,0.057354001683555124,0.11974689624658214,0.09324510024411808,0.08341153398428171,0.10858037647593631,0.08580111521063938,0.0663849105395471,0.04482381825841477,0.14187738325674976,0.16713272784347583,0.14908424968865389,0.1727237688053689,0.12816334686006034,0.011761814298741749,0.12629557087410478,-0.029910911262405897,0.08299602240396149,0.12139390575742406,0.1256627408501595,0.07870531204904192,0.16281133950740723,0.19559865770589427,0.20715044620738396,-0.010034308538700755,0.05029593914389233,0.05726796927832753,0.1082443513569677,0.09199887721477058,0.03477485927389627,-0.0319089827026554,0.12185492723326324,0.090791618137066,0.07479270788086535,0.07018124627602118,0.13927042088300196,0.11971315673935458,-0.040791516830791116,0.11549351663223172,0.029160621409569615
2015-07-31,0.39143111711304107,0.3306911501653659,0.4315841220710919,0.5011395467157662,0.5440738791586214,0.3720074500786617,0.32388424165251306,0.5431285129111595,0.41848422705749677,0.40476932385824044,0.37779249888607075,0.3179721563003467,0.4104295427109996,0.33725144929626744,0.47582293621897154,0.3954007727163378,0.409011650953386,0.4164497509784309,0.3685998444984474,0.3795579343329723,0.29209074570294524,0.43938662469102374,0.21751934824893945,0.3823809454009272,0.3276590868720381,0.4600519715015792,0.3482619779322594,0.35760125372145807,0.3896340070841048,0.42194226898302406,0.3702027745979284,0.442664111224768,0.38557640310366836,0.4232075907960657,0.33095856953698743,0.3416551726964148,0.42715896322418645,0.5195681198796338,0.354996216486038,0.44968919390269274,0.5300438323432571,0.3196491647820063,0.43418474612629704,0.40446639055920375,0.339724721579557,0.4225768212524942,0.34490453424320927,0.3903316047852161,0.4814581780182612,0.48420688295348274,0.3288601023448055,0.4082554210008481,0.3494936112123822,0.43494577303956256,0.35320320441015846,0.456314953541039,0.4494149462750529,0.3921143317556899,0.27367994666355644,0.36701236052971864,0.30691315885644416,0.44967059550035854,0.3659989052160841,0.3940509700248968,0.3763500194101169,0.4728574443494093,0.37983548609840817,0.546576727958091,0.4901779157842337,0.41097526569713283,0.3740709860149449,0.25288570852606507,0.46197138966789975,0.3547440347594727,0.357232122719198,0.5283297100587034,0.4017166640581669,0.41006608579758735,0.36910074045283786,0.30203836913447346,0.36831015074005546,0.4590438597237203,0.35753537124539286,0.4319540877731738,0.37090037229903977,0.4322641351820359,0.3511472928843344,0.4104132155854636,0.34371013854076415,0.29894693639394054,0.297486535857883,0.47000716038490453,0.30621575943502843,0.45184913039072494,0.47243220291298854,0.5126104260436959,0.4157073910208541,0.2886912515948953,0.41312788718524884,0.5001936282819347,0.41181559652563443,0.4254204854466767,0.41602829226790855,0.41727659181440707,0.3585377936084901,0.28383841392825243,0.3556837269180868,0.38079625307597526,0.46690185764941045,0.4010300993075928,0.529810814725653,0.3472870211049354,0.4327700066402655,0.3702319505572457,0.3406754466887084,0.4449330465396703,0.34223802771193895,0.48145211281791456,0.38893703983730976,0.45988080315467295,0.33476020906496,0.4679518793133969,0.3866188593158579,0.43891570598496327,0.323184122134136,0.39865486267050537,0.366579868868659,0.4196080118765036
2015-08-03,0.1850008298354963,0.20152532574177043,0.1754683605713262,0.1839579461289624,0.15769837520889907,0.16375388891804946,0.08991413369824142,0.199613216215918,0.1419991170487316,0.18757529003657022,0.2402882058862082,0.1589643274762571,0.14354625194121,0.20499001439169842,0.1450473865300262,0.18459292589277682,0.16572342820252478,0.1472810633116428,0.1482661481810387,0.1560343000088556,0.17817048777147387,0.1836614296402761,0.1132195079587779,0.13983098465458607,0.18128776913897976,0.13895814255520023,0.1734963815057486,0.19941679823460431,0.12836774904640003,0.15700298409789512,0.1265167351734104,0.13150488972487295,0.1293146914296529,0.1535685842092333,0.12869306347366935,0.20692424823445468,0.13160733855129014,0.1705492407675109,0.1566401576387992,0.18174547897269588,0.14605516791365294,0.13742800802757651,0.16572153683957555,0.16127967095328516,0.12490160964573128,0.16538518946176903,0.16051303850452653,0.1898941010123386,0.18242479349863128,0.1674221873581006,0.16632645775617416,0.12604202293908393,0.1862333680240844,0.15349198400978906,0.19513632865331576,0.1593719161918183,0.17535109606847327,0.19757744394838733,0.16167099526437081,0.14189572254083982,0.11237581503327614,0.18870793095893695,0.1723703080604709,0.10423742531283667,0.15931013166880983,0.18158439789485226,0.19216562791437597,0.13488576477612912,0.15448967796551324,0.16458861043298073,0.18895547366301188,0.1472990312596606,0.15123621846566207,0.15355660557722148,0.18840969632434335,0.17384402242526356,0.12118813529108463,0.16410757378955734,0.15413536263968894,0.1578695435558053,0.17204562408751803,0.12983127079435008,0.187891610947633,0.1918923259682108,0.16251504618629717,0.16614113037324477,0.15988668214116983,0.16969150767003052,0.16203369431571557,0.18216756813753462,0.16406060494298455,0.14662825097759838,0.12777921994202818,0.17524833201489792,0.16644435271334346,0.20350371834075395,0.13880492025462332,0.1763784208855404,0.12469442662535088,0.15785288627593708,0.18552253078232833,0.15921777011145527,0.16027220495565664,0.16042445967307045,0.16066088004172546,0.14739391463428078,0.1490835322022686,0.1658811202169855,0.1649271644008947,0.181950061398372,0.1483279560825454,0.16368706076050962,0.14943942366388396,0.0973008670324353,0.13578693544195253,0.1845166409204908,0.1948510480751387,0.15347685310619516,0.15169834147959305,0.1656821334447997,0.14263808249841659,0.1911430310131535,0.16387714273690826,0.1635397148830985,0.18674655783764488,0.1540366965391702,0.14716821198900482,0.17384273411645434
2015-08-04,0.09532390499217172,0.09318605712923432,0.10941919242690534,0.06394392679511995,0.0903748597102932,0.14035594660816633,0.09918601187901906,0.09372201901222757,0.15149776650836574,0.08704079229611088,0.10409889861377297,0.11058998124587213,0.1106551289730191,0.07852389589019243,0.0985965652185648,0.10327473310862167,0.08544545226004271,0.08804013972784877,0.13719986652508892,0.09723722772729429,0.1200382719518632,0.07496477269132053,0.10731763273109222,0.09359671094374389,0.12636975823803293,0.10912306639441906,0.07359954465127207,0.1461101429867944,0.14180665245573595,0.09139571524333799,0.11574039222984134,0.12698601209721752,0.11965050270511277,0.07394952796731233,0.09488158621312118,0.1033055925583229,0.05866911297940733,0.15314547409544202,0.10954107166764444,0.09604427053014625,0.10182063017198038,0.06320545208548393,0.11968292071287967,0.12953830678563608,0.07543391042591346,0.12085589151313846,0.08877764940454616,0.07883280209881759,0.1374657565311003,0.08270394862244608,0.1373388899045509,0.12799564601218918,0.12323955021884642,0.09296518321551527,0.10224608478524831,0.1576307416322959,0.08988235536152657,0.09921930073274851,0.10312389683277652,0.0942569161403817,0.07014948838622334,0.09020030120693287,0.15866682189905193,0.11346178033776273,0.1207857564001812,0.10372143201584245,0.10101014823913453,0.1289206149265819,0.09200043577283629,0.09980444771949566,0.10396550224697353,0.10672039328030937,0.05746123047847647,0.12367004323129037,0.15221376808375625,0.13571331384200783,0.07223449067179707,0.09249231669837665,0.08500063978808702,0.12129883371541532,0.11074583705244384,0.09664139407707528,0.07495573305453938,0.15026187680062403,0.10249483065253677,0.11795385639477297,0.09804639422136661,0.10980509140397693,0.12100052570163704,0.16772796678151886,0.10384237614059195,0.09227287172272365,0.10046028895354948,0.10318901241500723,0.11089670547320529,0.10428436702359332,0.13640874245093085,0.09586422074576878,0.09110426488504886,0.1346859753398659,0.12164202820148624,0.09633042179101195,0.11012833634680667,0.09187325743467377,0.11272240039138647,0.08485631731120159,0.128731908842434,0.10357971621433809,0.10227102171429978,0.12752059751375855,0.10543062921700705,0.10619983488635981,0.11873843452505503,0.14813255102018552,0.08678518877333324,0.1042528841506658,0.13432713229835888,0.11611756328174491,0.1122620023387736,0.12579246833049126,0.14341352582149042,0.15109441168095814,0.1122277140613278,0.1330048930945742,0.06743787236874568,0.0772265521562894,0.15480346816575202,0.14561171611737803
2015-08-05,0.35930972828684155,0.3479270419121822,0.38640791144387887,0.3199918545214995,0.4089100833586566,0.3746455271164663,0.2401450549062578,0.3262915800317497,0.38740529001524443,0.34512771507121964,0.3305364282751151,0.28610138460355145,0.3596281076664494,0.33263142763835635,0.3567034867748854,0.26866680368538315,0.33916986832333224,0.45835849896416375,0.2747374473413115,0.17710140473245997,0.2582031550450838,0.3896320543098481,0.3634927920169365,0.32199125181728433,0.3288487023360851,0.41772383331294866,0.3151692882574382,0.37770512143178675,0.3288922036770611,0.34920543855025793,0.29604301715213743,0.28603518691076174,0.3703842870634578,0.30606660874893926,0.37944202279974626,0.3201276291516986,0.3152428698780323,0.37945526233830423,0.2298781079816765,0.30662897391054356,0.10278621667953536,0.22101581305267193,0.28269125774355397,0.27492910542329324,0.10429162794627019,0.31600319766378887,0.41521084280380643,0.3716168250577811,0.45340565063505656,0.39235813834435157,0.31165873765413027,0.40307964275942243,0.3900311318292377,0.3679809955880814,0.3746575057465901,0.40535179975765334,0.4062861329073144,0.1625414149904632,0.21248618319529017,0.300917689158331,0.2791459579960139,0.42423831673767687,0.3425333415712684,0.357028744929572,0.24080577092572114,0.2792710436160836,0.3135828839245523,0.41032439432219614,0.3514731823689695,0.3933750609964455,0.27266136160458165,0.2193688205616512,0.19995296811540844,0.37154873600234023,0.4333786419763983,0.3963085644683569,0.3351097431655611,0.3636724714687944,0.2845737940356509,0.30196676497549424,0.35733388477062183,0.210639814318593,0.32736776538024587,0.3489987045739977,0.39110038218134635,0.2430558620263555,0.3940446033749475,0.3767121560399405,0.3117318703433075,0.3484974384645162,0.3233416847501951,0.30423135652312067,0.1523480006405415,0.2933383685610135,0.3996695158994249,0.3310256607475422,0.25875101975969605,0.2551377322674113,0.19556941994429305,0.22492599646096875,0.3882627077504259,0.3221003203968331,0.2388753201131287,0.3795277645732645,0.36514016888607564,0.3104501569200546,0.28148330746369526,0.396955848454642,0.4329436285666371,0.31811458883667326,0.4299004938191101,0.3761510517867703,0.3515872945822547,0.22567777790037735,0.2594205621381981,0.4811967029766266,0.36443973425093845,0.3563692898185427,0.3067405643069606,0.41482059164345547,0.3326093617407598,0.34157668113402134,0.3936385908591704,0.23146054806645994,0.2139862485326178,0.40365083428006543,0.36487663902335077,0.4408860907929727
2015-08-06,0.419273588166622,0.29895919850753844,0.4868394106789974,0.3726745666751324,0.3755877883505403,0.3968414324752655,0.35375108426977275,0.40588864467908875,0.4096074454278055,0.5195690312987105,0.4577998943448401,0.43442792948496367,0.44938856967696905,0.4495698791487585,0.42078341344429293,0.5082097972334,0.439235891449106,0.4227654259794298,0.4290056023322397,0.34823038962963504,0.4020811457715109,0.43013519947302853,0.4173352725185711,0.45352020817979627,0.45208799379112885,0.4491668242798165,0.3994710720085567,0.3806285829816929,0.35968473022063663,0.45689465137058216,0.3886101128944948,0.38936078628309057,0.4327517951594283,0.44111159663207866,0.4472115516308069,0.3849891409974629,0.41670395032903096,0.3658916447638737,0.436380593364595,0.45795250735346865,0.40525934514334827,0.3913199720861676,0.44374906247350465,0.3457389013167763,0.34649479224412855,0.47814633891827374,0.48996993393291544,0.4540556580946852,0.41515499351068613,0.47793698517566796,0.4386560924547867,0.42616856563337646,0.4321641698569742,0.3922438664968627,0.44070006326265737,0.4707217812677314,0.5056082019709252,0.4356836128604436,0.33287707036455877,0.513248635287519,0.3240999957954294,0.3897266661883922,0.4588107924789178,0.42977975464523993,0.4497192311956641,0.48067880179222444,0.4389026211610327,0.3402901116962955,0.41005876253024537,0.3981360342792296,0.4203288353801303,0.3447586562228932,0.4239165454675893,0.3912495353129544,0.4605417109613967,0.4348185926993589,0.4210201592653704,0.44113181459476025,0.4064704002504418,0.37283162350240323,0.4068414976945,0.3679274970106865,0.44911790985397404,0.42133947611663647,0.4727585779598118,0.44562150669475437,0.5255992017165702,0.43823803716191967,0.4224999836951913,0.5556952696489247,0.42012926452269306,0.4229043429488224,0.40709911367060364,0.4292690880394446,0.4317474189487963,0.3988162708946122,0.4315863274396884,0.41997991247578725,0.3663201351342537,0.41530108459586895,0.4728733638124555,0.4506316482857124,0.4430818697050133,0.469969151302102,0.45103535534699885,0.38077532625922034,0.35419979260283435,0.4591920737747117,0.43561426735972975,0.4233321811268579,0.4512310130503688,0.43156023974590585,0.4645996517292879,0.4016311330537601,0.4489718187687912,0.4301984621304515,0.5000632626574227,0.4406733233765301,0.4539154367406035,0.44391145836730156,0.4362240672018991,0.44884594564629,0.4263766149912932,0.44095637485407185,0.43899523247396116,0.43046520879937905,0.4503818586177435,0.4504040331574587
2015-08-07,0.04403022188222885,-0.011806938887881776,0.08114926039286004,0.057143294349353835,0.06623533537371333,0.07659685029338983,0.0883859347106453,0.038578806426980916,0.07863874011741691,0.06575809742421003,0.009767916347882849,0.05651109410871755,0.031131726600396602,0.061223858709590656,0.056820007651181594,0.08638261922989805,0.01851409079318853,0.04023622800311156,0.018611642438177176,0.08856990836844371,0.05302186942113341,-0.0006222902320844427,-0.004125223157363057,0.07539562611588257,0.07913765621025101,0.1096059678654797,0.10767374394300849,0.05179227237956083,0.06993655955122376,0.08622959704168057,0.05477078551396909,0.09629080591698028,0.06241105585317799,0.048035577658821535,0.09584034685041505,0.10325172149974862,0.1126571665392913,0.05161055853105256,0.009135424636583908,0.04360080336654353,-0.0027901045651654932,0.1019931140016598,0.09479501402715435,0.05550529201741303,0.12277639632762345,0.0909987885744589,0.0335364065289893,0.03298488905895545,0.006515876052035822,0.02822781178274435,0.04762911247136885,0.10283951798023776,0.036934455496093845,0.0837350165775101,0.02297213720992462,0.04264441469018425,0.08453647028829918,0.037519789288329636,0.04203519510334337,0.06026555725587864,0.07364269479559561,0.09061240754920973,-0.0012158888038781067,0.024155190002581053,0.12385902830926217,0.008334928643041067,-0.012308722264744023,0.06587384145435139,-0.008469459321612392,0.14346882172933298,0.054635615914376975,0.1025720479470826,0.09604182606490141,0.07680183626635617,0.050035386381088814,-0.02498246620763184,0.06707345065042951,0.03933849783223564,0.05130132619236306,0.010921002295346696,0.1257762688091371,-0.0023976664116327324,0.06548297628164401,0.010771169786285277,0.07667304259127312,0.14111068604965643,0.05988874011739309,0.01997545269066552,0.02685348125481606,0.039528500382605684,0.11650376179560834,0.016047564396857925,0.001963147156340163,0.0541637975007064,0.08326287936761406,-0.008917686814599445,0.1116198036216669,0.09600803366500338,-0.031023654679968003,-0.035191920937284515,0.02493082121910844,0.012987758224959116,0.020632810507549802,0.11193477429241458,0.13899706707490242,0.0941673042592372,0.07899260392766985,0.0818299033777148,0.07365181076265413,0.028897921448646755,0.09263548839593509,0.05457249426173727,0.10772985207868825,0.03556108135684191,0.03519478449379631,0.010290104565175021,0.0828800051008449,0.02315448865088379,0.12358518235159796,0.0496630323897596,0.12622417750589868,0.06034940066317282,0.03551007396076941,0.09475771486877634,0.06234347105338193,0.10916985462905987,0.07602237949512336,0.0743907804132544
2015-08-10,0.1665544769440326,0.11266418228413054,0.09222999429847037,0.07409668503840083,0.06089809750234719,0.1607705561036895,0.05162172462736267,0.10538767300890864,0.16420686116558988,0.11278342782206634,0.10213085025054755,0.08543548926235545,0.12447846921698381,0.12489896150538224,0.1311132573186881,0.11484954648856384,0.09215794634003363,0.0977521833959969,0.18311945025523085,0.09788553385598892,0.1414346055591637,0.1254616369329965,0.125738670897074,0.15441758391020674,0.13633450273141698,0.15546196051126301,0.11809594309104779,0.10297757316031725,0.12142631366798722,0.1454606837321612,0.10637147831747387,0.05192076381056194,0.15430664280606524,0.11013582474765475,0.13074409123076894,0.1483161419787,0.1429750291660941,0.06139920642052387,0.09293230249509034,0.14956327301146316,0.11556806442500021,0.16005804642622895,0.12108073850451195,0.09599912267279528,0.14586302788306846,0.1076508077741402,0.1096974798677853,0.12237728296009677,0.10221756283769264,0.07771392465485115,0.11714711125163241,0.09940738950771029,0.15907487871021625,0.0529345276930372,0.13007780701336735,0.10309839694902308,0.15071635914272707,0.0665341110693792,0.12216914071890952,0.16223733777080182,0.08012820206579294,0.0839801842611888,0.15205243433656923,0.15370666821412754,0.12933915604125276,0.11231734766616151,0.1779345476179966,0.11598349334537161,0.108755118075135,0.0300586632968237,0.1111629863497925,0.08731448843242678,0.09077245772336985,0.14980651457025618,0.13247674899228937,0.11605427761658328,0.15734158335614332,0.11754401261558693,0.10036471888001894,0.17221598001428856,0.13326895773881708,0.0688487933673972,0.07035803059114733,0.2084724614082678,0.09336522783826323,0.14325570689719358,0.1542782699374773,0.11157423354617914,0.13910675514984963,0.1633244330728781,0.10986518422137911,0.06060063140808241,0.19560670039667602,0.16288991374832387,0.09890877628629977,0.13342421152535996,0.09953393578406268,0.09504309808927523,0.1986732017781047,0.0975756013656328,0.12822878861100886,0.1448415813636474,0.14398561336186588,0.13432576739464785,0.11972426034898861,0.1312414134217481,0.1646477564156695,0.17235885569333073,0.12938314992737784,0.11319977575887329,0.07657104000442783,0.1348855736557757,0.16867957292163982,0.10392886124870307,0.15679038459447472,0.121674018374648,0.11401844459633133,0.07426550533445254,0.07521838740421971,0.14523401957973414,0.1432268782243464,0.12586842098151538,0.15899486084487283,0.07626311927009469,0.1810711841802044,0.11240437904958286,0.12095417638283328,0.12855396081280293
2015-08-11,0.14245907096681057,0.23720477121731817,0.1567693005853214,0.17321851141517586,0.09374032240256532,0.12225051445930737,0.06698698960121408,0.2136100975075314,0.20348196027325147,0.21085760944306609,0.2044585663816344,0.23306580645376876,0.22547865064575692,0.10910066958297886,0.22653650625539853,0.15987806126443282,0.10293247827909163,0.19617530869577549,0.10429566435576483,0.16240937013102727,0.16818743486141058,0.09977567722026773,0.1961778880450218,0.11257634269237743,0.09687068513161455,0.10980966820705748,0.1332633684850706,0.16123060752546503,0.24603767623210207,0.1494855407324064,0.18402883067626036,0.16548911313111775,0.1668074830146364,0.1667549287737429,0.16373676773690798,0.17309432438385375,0.14885327774840545,0.11885028731536325,0.10505044642896541,0.18697444751554287,0.11055896916310963,0.21274053439287016,0.09416301326030385,0.15670933071534476,0.12785479553422074,0.1697427824569337,0.11783305645635098,0.1014393574841357,0.1676857514330039,0.18738262953377094,0.20557187800007162,0.1589066138545425,0.11098520662606184,0.11356294377908985,0.18155555716770783,0.16921724004799862,0.21729921176706188,0.17996837716295597,0.1298986073932632,0.12278830877716236,0.11627850365955067,0.1983216496873587,0.12614114037870558,0.1883402129414624,0.15053501345699755,0.21011475686012968,0.1005917188380681,0.18774321465471358,0.18848304440597666,0.17962910569937232,0.14967995918184682,0.13037610942248576,0.13800582449306165,0.13248021357016063,0.1082820486159322,0.19142414738407815,0.15493860745775506,0.19494592636125446,0.1619902258785024,0.1353355531858224,0.17338127698750538,0.13794684411735428,0.1683621857728479,0.21056649934214844,0.14701291206116543,0.14734339118334852,0.06509987320888476,0.2085194293512889,0.1255308018632982,0.13339169111007435,0.12341605789998232,0.15043732060429368,0.11962086790269745,0.1807133996387886,0.21980408230388168,0.1172859119974781,0.06882606561383091,0.06353390628222412,0.18445087669668736,0.0775865029102566,0.1565913254873262,0.18396660387569325,0.09743717470983472,0.14103494776419334,0.12284215269267901,0.20689572900073866,0.1316470837636035,0.192370446138817,0.12629396682154925,0.1602443288574084,0.1887680624976936,0.13882025401758308,0.15434825889900658,0.044844888414948034,0.14676368244024104,0.1420228385255289,0.19793023343923158,0.15802125222574762,0.23030590276022034,0.12077964055160084,0.1603307370571597,0.10803314141366356,0.2088324978660594,0.14120101613482874,0.20424319071956776,0.10361923001592084,0.21432103064354474,0.16631772907649386
2015-08-12,0.02590461746107216,0.019379138884079345,0.05028676151216744,0.06787973482345265,0.0439731145743195,0.13559492535209625,0.09464161582468333,-0.0046564085105646235,0.016876176032403656,0.00479569451503519,0.05772244168601049,0.04894548887652495,0.019703810891678806,-0.06230985203695312,0.037918680189271796,0.03478087603300432,0.08097288695078243,0.03793351156937745,0.08022164530629998,0.07472315666524772,0.0181581231476235,0.06984806218630923,0.015296311629843991,0.012213963938319423,0.04369969421741358,0.023055057952945164,0.04523798085697564,-0.0012329390766098272,0.053389099324703995,0.07160654799275014,0.01576833642277202,0.034591937147310445,0.04915506272584409,0.03503171980957399,0.02937193619273066,0.09199969563803558,0.023269790543170618,0.04964449826933094,0.0778318585814485,0.04055802100546636,-0.04676689564678019,-0.0425260806612264,-0.01858242958716809,0.06440816990059768,0.039806134518370624,0.02529330666367357,-0.004450058874311933,0.038566102173014614,-0.015510079456517185,0.05156612925693413,0.06474800195780134,0.033311279717317184,0.0510876560378732,0.028636170770967157,0.029889744811202257,0.035042682133999914,0.03604412271243875,0.06822541473711712,0.05362317719332814,0.006205320467686385,0.04128225912122649,-0.0021273357812425834,0.09321328943624672,-0.0027779819780518497,0.13778352118160134,0.028396934161436693,0.022053617374506326,0.027382296380824497,0.03611118634422088,-0.032249868775842405,-0.023363937564710908,0.016296465150196542,0.022849682947771715,0.04086561093200553,0.15867964606525273,-0.039828704009835764,0.042626676108899586,0.08007913508876296,0.05611613873630595,0.07535888715948266,0.03872602314111045,-0.026477903886703513,0.06469125580783183,0.04033976129029422,0.07884361664169998,-0.006394259353380254,0.023578670154936365,0.06359179915217297,0.028284086704111006,0.048948068246978116,0.005207104102313993,0.042762093057690416,0.05655914561163595,0.13626685135514405,-0.008044411600788491,0.04488620462586655,0.050173914054841756,0.04965611344139302,0.00591191707863959,0.049983685483921306,0.04676205178792617,0.050985126062360143,0.07004860823904231,-0.01955227287755574,0.060621654075360805,0.09752664167654124,0.038805983625158365,-0.023939141034975322,0.01643445884230024,0.005734585359984934,0.021121819798302768,0.04483139300373693,0.03342025811896313,-0.0009105179167488728,0.010410983991561536,0.002411711373703323,0.01696451947042434,0.08623157846215959,0.049472970134195896,0.10085660893156904,0.0870602012202368,-0.00457128928561039,0.07372679050524653,0.0027031802349102487,0.0504582896473025,0.04156462032481152,-0.0015959854678919048,0.007416334895444363
2015-08-13,-0.1474091659112105,-0.09592390732798987,-0.15917275923015212,-0.11464016242211178,-0.09805581462084796,-0.08475761271514194,-0.1775169733057673,-0.0964044636044062,-0.11669938498261904,-0.1275094730938048,-0.1014106920412968,-0.10507209986369179,-0.1290832132212432,-0.14870702867689736,-0.10568581285992863,-0.07810916395463349,-0.1335089904714698,-0.1545995865100535,-0.15451349712057078,-0.14842987113166511,-0.16146912847536993,-0.14929334959466242,-0.06599795211603805,-0.09708991775854534,-0.16547424166335134,-0.15418674875594307,-0.16016800474796025,-0.10741738353475205,-0.12636552772143558,-0.09875887796829039,-0.10461882618421824,-0.08549002471808985,-0.12837819329676706,-0.13929328437542798,-0.12326370093067845,-0.13381878183513882,-0.18510392685010663,-0.17299141062682202,-0.11170685258496435,-0.11650242289456005,-0.14062541016791044,-0.12510744868876725,-0.1823979808125012,-0.1424205466676232,-0.16808953296506202,-0.20316248067880177,-0.15447371338755223,-0.15095187472689445,-0.12903169002602244,-0.045066491009528524,-0.0759575814099094,-0.1391445845208669,-0.18074923856543768,-0.13715085488571407,-0.1041864226597708,-0.11760267137984334,-0.13877153049977498,-0.10958740614543806,-0.1690324423617108,-0.17027307293466987,-0.05804173980795642,-0.17241291601719175,-0.19795537699978474,-0.11081530564994227,-0.21247970051327536,-0.11514716720255136,-0.06599469115431522,-0.10324736668935802,-0.2148347670695041,-0.12490461686960717,-0.12126081824051546,-0.11775137123440443,-0.1878659920605377,-0.06625948124620912,-0.1738601308297843,-0.12875255170254807,-0.07163419835777966,-0.16180500753282154,-0.10951092096080975,-0.11599240848110923,-0.11124770917438971,-0.05455525522088585,-0.0973742736207762,-0.10960809762015011,-0.14756764865094013,-0.0968414324752656,-0.17157680543145784,-0.13484207162376327,-0.12941061377821544,-0.18782943865804902,-0.10904069028037747,-0.12897234052266693,-0.1606832367001676,-0.07920484709350481,-0.08161861096074453,-0.21217447449601834,-0.07339772645748682,-0.1252809318524219,-0.12074297751892984,-0.15388220002123093,-0.02015730879350938,-0.08884098898447129,-0.12042666423181521,-0.1551219925780511,-0.09291197359925386,-0.16307482602769205,-0.12920712976671075,-0.17122595386814754,-0.03437118875098644,-0.09916715037598887,-0.14302056362462418,-0.09531791115835882,-0.11392561094117874,-0.1651983643015998,-0.14825245061273468,-0.11992773708822203,-0.1352940409185477,-0.12714098441912486,-0.14787744001460906,-0.14345492372610527,-0.1749929889322959,-0.19284153682604072,-0.141813355594832,-0.13786372371297867,-0.16538684788917946,-0.1393330681084465,-0.14421277123049125,-0.12698511044877356
2015-08-14,-0.143244615935646,-0.15921814990562275,-0.246566810340294,-0.15214545753408548,-0.08249209826304663,-0.1113582020320802,-0.1328186436163561,-0.2563249360653794,-0.14416486158449612,-0.1631459879071818,-0.15643980372270172,-0.12241778076374284,-0.15298219755163234,-0.24551971297018146,-0.1610919030942453,-0.22769492650250023,-0.17926496112570112,-0.19252210733702388,-0.12521993202546114,-0.12504612234054366,-0.2274738327569579,-0.1664219580660579,-0.13270157480418843,-0.1521310844603854,-0.16067580336074677,-0.20789334020373124,-0.14743237726072564,-0.24472566684865418,-0.17301172563230993,-0.2015624936315214,-0.16387774950747228,-0.14724647794935566,-0.18797957654734204,-0.19702615868426623,-0.194000304901247,-0.13025226046382227,-0.16401373194388985,-0.20711494673675562,-0.09099931601187795,-0.18428978933375625,-0.17961127610765676,-0.21491257747924467,-0.21170052232645456,-0.11616356697944215,-0.10894051909778724,-0.17861276718604832,-0.2557764409621314,-0.18801740379584192,-0.1895523422328148,-0.19172773511852675,-0.1976998750239276,-0.19474543647730033,-0.18612865014660737,-0.16672751092678526,-0.22406774990712106,-0.12737804177177228,-0.21426234012141085,-0.07223544093823359,-0.13226493096159084,-0.1796054063621999,-0.04092554919287854,-0.18930581292362603,-0.10347056852591906,-0.21676578655876816,-0.12015205901738894,-0.20716353518525976,-0.16119266705792162,-0.18820882271713,-0.06814937523917175,-0.1763825900094055,-0.14135716667429074,-0.10194608181409552,-0.18988496114203776,-0.05431471129428642,0.03438236011061709,-0.17293150577773264,-0.19522349463506586,-0.1750227656452294,-0.16495093463517096,-0.17789991921000778,-0.20737256334291848,-0.20054115792202507,-0.21116865816866767,-0.018495567934614175,-0.18689432583175974,-0.2051368425177886,-0.03846639856072302,-0.199776786624752,-0.21023471644708489,-0.18987517823294295,-0.1831151880484415,-0.18530688578264481,-0.14794497765872383,-0.23255116257715508,-0.18824632386866003,-0.17099709855272238,-0.1214802519754919,-0.20289332844675456,-0.2168714419769919,-0.13353964401664228,-0.13783760207895432,-0.1377583605152865,-0.16914160679441015,-0.19990559492783344,-0.24354552191485238,-0.07565254041790756,-0.18340150118794912,-0.1798278044956215,-0.19917644210330157,-0.10034460297316312,-0.1963191804536826,-0.09676438434143901,-0.19954395338829595,-0.08047290582588151,-0.21524226151573916,-0.22548170636828838,-0.22026285046318658,-0.22377687141003594,-0.19006137960271383,-0.17301824757170647,-0.16948629129151663,-0.19590927656261078,-0.2016642358861072,-0.15719145723815162,-0.08927230645967729,-0.18949592745703484,-0.24088294015621972,-0.16141604348225272
2015-08-17,0.03206743708605509,-0.04857914911769519,-0.011784401869064775,-0.0005597187864486034,-0.025856364100948007,-0.02729886516694516,-0.012595607207028304,-0.022165315329482797,-0.0774978377799148,-0.06870902764177973,-0.005838357019015731,0.0018274689410084583,-0.034773174445431064,-0.05382618249058876,-0.04357359165517451,-0.05996148709158557,-0.07732727831100275,-0.03696110744361091,-0.005353761779365817,-0.02964252637587079,-0.006799164613265062,-0.07071737344868548,0.031885270545534666,-0.003948016440128541,-0.012153893648598244,-0.0578628640610591,-0.06740290966718106,-0.057346026955830354,-0.0326851912305456,-0.0690227409938618,-0.011990749808769331,-0.009384962232687758,-0.020357836345133218,-0.05521741899031556,-0.0784734766323304,-0.021236427182156514,-0.03257041018908494,-0.02641866223664292,0.02345692446457099,0.015164316637694217,-0.004227554096217716,-0.01538839760346713,-0.0661103332761255,0.028649154497386833,-0.13186729570550695,-0.004777599641472008,-0.053940641113393625,-0.016801880990443326,-0.054682848859018446,0.01475581220081036,0.005550114740740932,-0.04605654514814002,-0.04531400755912011,-0.06989359378314619,-0.005987959275301533,-0.02563389522845404,-0.01105541328832728,0.007428689433838364,-0.0411187026387155,0.001207135447271642,-0.0547692923760359,-0.02362071314171148,-0.07801274037320882,-0.04534592700604316,-0.0037303838474713946,-0.08501309422768581,-0.07123388813525842,-0.04362534688223629,-0.036486507182290434,-0.051249735012183925,-0.060106253068034556,-0.008726583337567914,-0.02484945063892094,-0.056925915447338105,-0.03469353703745134,-0.09501516576755252,-0.06829536450640325,-0.029037991396267608,-0.01972105949995119,-0.00479468783022879,-0.0800916958657322,-0.05495273099168755,0.012387004333632427,-0.029550959477626895,-0.04209336760645012,-0.0531213753090354,-0.03905553903161214,-0.010603382332911993,-0.04951028636420569,-0.049052774291641996,-0.03878116075553623,-0.029076359216306424,-0.05581550559680297,-0.04620162611850547,-0.01902141101689044,-0.05103919562995412,-0.06190760609792416,-0.038432148756261705,-0.02273825328081872,-0.06866453386728094,-0.02169458409203178,-0.012480826165567647,-0.021946715480858286,-0.0057758077997927875,-0.012386035080765868,-0.022247854505364616,-0.06639115992531716,-0.09114551175427658,0.022787583335154345,-0.03631240110816472,-0.07379324742490648,-0.03321008880216906,-0.03383848276230059,-0.03337000845544009,-0.04871810372693367,-0.1021431974097217,-0.03351026057070802,0.02894416756743319,-0.04205564462372288,-0.040738886833483194,-0.07492429206941206,-0.06219423628292001,-0.01910781921664172,-0.00023923468116180175,-0.05400351275127237,-0.001826179266385305,-0.0538996939441085,-0.011906920958264356
2015-08-18,-0.07948981200454257,-0.08137178156727051,-0.0774361296663541,-0.031473373081096476,-0.060352868941054766,-0.01132043772571751,0.018319920530578255,-0.0858497875784109,0.036913361989885395,-0.05263574007174181,-0.044138549278414305,-0.08298126325692382,-0.07906677002025568,-0.04032383911716577,-0.036647805115046686,-0.012236337967508172,0.0163927971921746,0.012896882799039758,0.06289553588692011,-0.1022552857853066,0.06889304067244316,-0.08773737732141212,-0.05130189018792916,-0.05965816486172548,-0.07216484164059407,-0.013547544961759821,-0.10954759323277351,-0.050503625584572456,-0.06608955068765127,-0.023236704742039524,-0.10420222235718042,-0.09786870683206553,-0.09934696280880874,-0.06667709128828482,-0.022577753889348504,-0.029290955174286815,-0.04673482201393229,-0.07667580175940293,-0.03679285718953842,0.021435189856429,-0.06903951099190836,-0.07476143317188017,-0.05914841985664388,-0.08227640581362443,-0.04956540963901383,-0.007787225468980527,-0.05695126999467205,-0.04837885179009464,-0.06597896010683824,-0.06648836419356151,-0.07112556743654341,0.002246872573665362,-0.00651012838064988,-0.0404982462236671,0.01597740630632245,-0.0660481072377965,-0.018784084248795466,-0.15422925065277815,-0.027932633192462936,-0.11049525081974486,-0.01017977073485134,-0.0034286484860628504,-0.0025946787566774095,-0.06778841333592919,-0.024991356649737336,-0.10744375485366632,-0.046957022664307534,-0.060004683176047076,-0.015987288975133972,-0.06158911082919017,-0.0715661660030674,-0.06173387362866263,-0.020996855715836583,-0.10299534366532083,-0.05042456423408025,-0.10697415156092904,0.01588112998435211,-0.018443929164218147,-0.03410604645587615,-0.030026098215557004,-0.06568021692139328,-0.12129481580552288,-0.054991293893971754,-0.031780147991551135,-0.09931731480237418,0.011737758224952159,-0.1042251756524846,-0.11868511410258584,-0.06302273539839748,-0.10976170175731524,-0.014236804105600612,-0.08246329900061644,-0.07897017490251723,-0.06431226428041739,-0.0041883388014778,-0.06897178322716724,-0.06092537803997744,-0.06522592957266199,-0.1199733678015333,0.03051808764720284,-0.07886433470750348,-0.050936869033438976,-0.00814937622029053,-0.10550864741491037,-0.03532958461389653,-0.07192000649068275,-0.0771428375596895,-0.0823572655858666,-0.016471858542666796,-0.026302890825007384,-0.0648408586704394,0.02574595854441739,0.0031165474290795374,-0.04708614245582446,0.044976663352785225,-0.026190347533612962,-0.02795711368049909,-0.06739119380885952,-0.046614636009353415,0.013124821773241055,-0.07639589907499911,0.057755919719561684,-0.07600696823790039,-0.02891614353455924,-0.06301349032112218,-0.10595751185641444,-0.07602418320937854,-0.09159926925634149
2015-08-19,0.19066889931520062,0.11137777686812635,0.15025174036886613,0.13109542501837948,0.18344552795041758,0.18402391186754408,0.1497114411048584,0.12882386243993346,0.1404425032058597,0.12445859744111243,0.12162722755236237,0.10588226393587524,0.10707949649404411,0.15310643706364688,0.1453924055063521,0.2323873157655164,0.0931660023780733,0.07642996473239111,0.20415179320092955,0.10047306176917048,0.13320930197369996,0.1550274310629836,0.18217037646943118,0.16332736083038385,0.16999567508407107,0.09795934579026806,0.15481453274469548,0.05829874109306035,0.11927058968904738,0.15210086258745978,0.1462155724713427,0.11794159219951607,0.15694653369966927,0.10210458226734032,0.13513218733568788,0.17189838591111353,0.1795149033072367,0.17934594157706862,0.12851178760249607,0.16917482369347822,0.17032067503700404,0.07672123458066599,0.11598024913028841,0.16651241553489626,0.22599479496360061,0.14574905932275833,0.15353577638545465,0.1173300516089822,0.1283655222241416,0.06416510839399353,0.1539253970915886,0.14759563675245468,0.19048669804647458,0.23005978757783366,0.22012119851868478,0.13403650015840834,0.20020388889379243,0.26117140283625534,0.0500423665768456,0.1362960058203533,0.16456785151839295,0.07633950658438701,0.1619195565637219,0.14297062461621102,0.225478798455135,0.0801077320335897,0.2405208056196167,0.1517697502642813,0.0983029433385577,0.1507391052371701,0.11372828459212346,0.10884951386455866,0.1392383575971575,0.14892657255033737,0.124536143309809,0.18263158251441486,0.1039909012847396,0.17362456955738328,0.21261816288162969,0.2221689138156476,0.18701415621898954,0.18280771320589662,0.09122298670421874,0.17700225592315988,0.13744217158694153,0.14420365966536824,0.14802245425739427,0.20737026197894537,0.1224644707525984,0.20551105249287901,0.11196614713036154,0.14024962842593566,0.1668780789807825,0.08750830623430958,0.15207753578142907,0.12893482238213344,0.20526580580244844,0.226769494107384,0.10080176451554203,0.2126627902975257,0.15695509430810772,0.18275606843706615,0.14290694874028942,0.14628744425208587,0.17976456317718664,0.1766507497992003,0.18751284550467232,0.0993672440267215,0.11456172714193669,0.06083634848253936,0.168724417341918,0.1473986430416539,0.0869497237980075,0.16763149819114984,0.1598611235450693,0.20357871031763544,0.05784039168859597,0.17807746769237365,0.11463549028533097,0.15555890396795274,0.16543181700688078,0.06983793543896635,0.21560273314512177,0.24035431706008198,0.15313922068293323,0.08131220218918923,0.12023455418690948,0.19824065446191366
2015-08-20,-0.060180185126681905,-0.06974341695571279,-0.06596126086872518,-0.04984964871959508,-0.02506688060600004,-0.09094932868513471,-0.01320618627494464,-0.06705108412318278,-0.05051521511361818,-0.06323938236742724,-0.03649820285936634,-0.04654305051825635,-0.00647557404391487,-0.053490555546239195,-0.0644524688248044,-0.08022732153808303,-0.07316821760004,-0.04085781112835513,-0.052523680243542786,-0.03742931061203416,-0.02487962141793299,-0.04031684014060585,-0.011826331954793944,-0.07365370438391755,-0.019959496589376475,-0.028151297939414347,-0.07139091033446404,-0.07786955812469326,-0.07853158555725355,-0.017893025246313234,-0.06556026139528866,-0.07951706067829332,-0.06434181566821932,-0.07429902350508467,-0.06234879784505445,-0.05964898692484185,-0.043576852369227814,-0.08785356231001938,0.00012767671913663028,-0.10048693723022017,-0.11163908772403373,-0.027281835244651807,-0.10048346946747819,-0.08751372156130509,-0.06324317534931001,-0.07245638048445849,-0.009868307010207251,-0.03634971956377782,-0.062346285662408005,-0.06839752182054709,-0.02216593944675246,-0.05982836483394985,-0.05114918519308425,-0.03578195222756777,-0.04859281354992639,-0.06965474344009495,-0.08999947694498986,-0.08318633446696427,-0.11665983130527798,-0.07121429092051201,-0.13012176493289254,-0.09055085122096508,-0.019026037909466446,-0.05640820501687998,-0.050346240492736116,-0.03958656707164019,-0.05625089468885731,-0.048434387261890026,-0.02633135300219023,-0.03405363069038505,-0.08768901502633279,-0.08929556333095073,-0.03973174025294718,0.027276160723801297,-0.047349462981346464,-0.0906687551541925,-0.024755727712696705,-0.021862037330091448,-0.06542218138792608,-0.07228204659388428,-0.09169426717234422,-0.028774700254798665,-0.05540542601272578,-0.09088394271886158,-0.05790596327025807,-0.049556221089880816,-0.05268351258083235,-0.04244163294796607,-0.004242019586919745,-0.0210549943646846,-0.005496719197200704,-0.051645390516346125,-0.016013182589000332,-0.1057119099289128,-0.07610446688902413,-0.06554008532115348,-0.051339912143893295,-0.0679978798083001,-0.10986755069844133,-0.04810577325662811,-0.07501464363456653,-0.060552811995865846,-0.06937763767189471,-0.06292223970211501,-0.05451606756439095,-0.054502827015739747,-0.028276767900442444,-0.0452798599194634,-0.030388950661468173,-0.0634190755276936,-0.06107204990525689,-0.08388864849129989,-0.04983837087661486,0.005066401366036506,-0.09280962577062918,-0.03127323016067372,-0.05030777985141594,-0.03245258474410616,-0.07581222906522252,-0.02332795521647498,-0.08615940258498173,-0.046149301821462145,-0.06278573595054425,-0.09482123523779507,-0.09787035261581516,-0.04203275219557049,-0.035836805929122764,-0.04532113702844503
2015-08-21,-0.05913467071191674,-0.10358377672373903,-0.0436808922023227,-0.051127052179356196,-0.0748911536708653,-0.0954119546952334,-0.07213207305268943,-0.09828048326363818,-0.12310712552378925,-0.09352622486269867,-0.08148602583333807,-0.09569972206702662,-0.08759650990918011,-0.037621925802151256,-0.12852239093195358,-0.10190167316978022,-0.07183667372873821,-0.09406213062500002,-0.08597781844284329,-0.09911703514314216,0.056126526194061443,-0.06559297530811477,-0.07388975979762304,-0.08858205218990835,-0.025706100806362292,-0.06184559787013392,-0.08996428352196315,-0.12905238723150425,-0.1407066609508117,-0.08049194807971767,-0.058160712287256465,-0.08521925426743186,-0.05690996067023576,-0.10020096466437677,-0.09149478231436187,-0.11023532756407708,-0.044511881456039105,-0.10918333053011695,-0.05948035736404968,-0.08557024961224212,0.008276670206599817,-0.12438744645761496,-0.05392528870283394,-0.09484373607126886,-0.1449326566377194,-0.1529069000969005,-0.11279322588687032,-0.05747360671943665,-0.09992874404678001,-0.03139377413572428,-0.047203298961931324,-0.004287246098410703,0.008481516509960253,-0.15668663816024261,-0.09549090781948599,-0.06953026701794644,-0.061451746763823714,-0.08528296906005273,-0.1061098790583867,-0.0855092819487266,-0.15154260560655933,-0.0773749762824872,-0.03629283073751313,-0.020687547584083046,-0.03551153012956186,-0.09327322327561745,-0.03700584756232703,0.004316513208554138,-0.08410062408320074,-0.10600266368121539,-0.13155815820199174,-0.01264912128053317,-0.1216956087914257,-0.08555592221131597,-0.05019101931250891,-0.05449045894362272,-0.06774147577040136,-0.07226954413969834,-0.1139656340562736,-0.0939575710820709,-0.10025827426808134,-0.07541318031194158,-0.13349103659979789,-0.11291059110642256,-0.0648580101244353,-0.03940831438236284,-0.09291624338922598,-0.08866984562537067,-0.0940011629614845,-0.11696067052647303,-0.05307143657529922,-0.17169792225801028,-0.022020910385167264,-0.04220791345178797,-0.08988005374615356,-0.11821843342479803,-0.10455039777957328,-0.07804106432978623,-0.09621154560223934,-0.14303656201338827,-0.10756738260863834,-0.08909936281483745,-0.12927918693978194,-0.11374950368911112,-0.014475552348487675,-0.025052222615158447,-0.09907702578746833,-0.0638589706713542,-0.009869750208208428,-0.05891762582980152,-0.10426202073114492,-0.011414977379855841,-0.05257851301577632,-0.09077018163348001,-0.07769780006080182,-0.10147640818512124,-0.06909861596025664,-0.10473269109348467,-0.07174552707178251,-0.04673903020426071,-0.01908623190184816,-0.03615108091983957,-0.08821655104713286,-0.12295210524730765,-0.09554334001010935,-0.07686071404073386,-0.04741942932909381,-0.057208397383144184
2015-08-24,0.14412944062011598,0.09656978000973773,0.14465101476808453,0.00839186893311259,-0.09682505690907084,0.046571957113830664,0.13775745674227438,-0.1310060520632739,0.01592523473885091,-0.03751066735132854,0.12339206707364857,0.04616556123024649,-0.07032715593634623,-0.1343362839411924,-0.17832681897563069,0.03306738429113296,0.12039648182735736,-0.008391521417462728,0.14183524597510638,-0.08448870901666089,0.008537842627880562,0.07310908794941527,-0.023366582796162834,-0.04250509228296037,0.16315455116883967,-0.10471483807719668,-0.05038093590991289,0.01645808781345585,0.11517186340671674,-0.0006072330232340074,0.15755349716838704,0.14785059443763054,0.1436084761438575,-0.028771322505971548,0.08080558361739329,0.1882111439453285,-0.005808647217732937,0.06381433789347747,0.21068608186550766,0.006752723860782997,0.0832576059950354,-0.03338257957322098,-0.029477030988865442,-0.030330557904486577,-0.05821149924027835,-0.04880552156211281,-0.023094364377614654,-0.04117814180598364,0.00499717569494213,-0.011273746145159634,-0.03187119831584435,0.07841518036103937,0.2599222546635434,0.07719427721713844,0.1732205359380215,0.22101567896610724,0.10420204032734978,-0.01884128835657018,-0.021802778629720198,0.23751864833344294,-0.07911159114417626,0.09173274365876653,0.023435170863546195,0.05827089786962684,0.007477928359916383,-0.0726903985951911,0.057049115762637936,0.10490137218038431,0.08215143391738232,0.051780685033866236,-0.023099241751295255,0.17805441402662264,-0.06216653657795815,-0.07968253920719624,0.09087126355072006,-0.027232849151804583,0.007982737752569974,-0.08096196441102735,-0.12156762448125123,-0.04732698583793805,-0.00827400845645284,-0.15704921951202744,-0.1627137930524021,-0.01819389878952623,0.0600679235459249,-0.030313362726662612,0.07834068089356289,-0.10986990361848073,0.17208319336287786,-0.15155005983928535,-0.02110867648726554,-0.1020526893774575,0.2360648861407707,0.03867056206244803,-0.029635231836086424,0.10443434116655027,0.17155369348267835,-0.0951753769393784,-0.12188352731324996,-0.22891018477417693,-0.14603719243568333,-0.05758562686750333,-0.18385442990513753,-0.03862087970459007,0.008262575850782012,-0.019164115698620653,0.053124963800744676,0.056724048065722586,-0.10057388398069757,0.1377364230682768,-0.22737775032917046,0.030877332779373094,0.05561516790054317,-0.14210090880931156,-0.0007517252185216175,-0.06955043417771155,0.008172649273546053,0.18884337350867553,0.03480890145083738,0.0014205350844731298,0.10523726289105592,0.15794373520974087,0.10995063488164039,-0.15828095320048513,0.0036424836318389325,0.15451428369366665,-0.028436003065430676,0.057111911948775594
2015-08-25,0.3309410509791795,0.2761339407610791,0.3544821317579846,0.18251110943245027,0.23007842977121795,0.34938253056176033,0.32134973622184404,0.33794999085127914,0.3748755491578488,0.27780344204598034,0.3244331369342669,0.36949608856475485,0.349492876455615,0.3073876933704494,0.22568679451840554,0.36950538232358526,0.2802415203920992,0.32514695641711244,0.34938440083114775,0.20699305408336396,0.3430928146120406,0.3933444593581111,0.3319784270660398,0.3404073199896425,0.3697366723044898,0.33648515286646835,0.19422570146638393,0.22897902274031198,0.33868022570410966,0.3208634160969098,0.28242439280145776,0.2768947159574374,0.3827839101871887,0.28534637700765625,0.3391974080555985,0.2816145661567273,0.3177425599125212,0.35418288865600567,0.33873695720885977,0.3434182414854427,0.23132658547697194,0.35831057319392756,0.3353995137610587,0.29480660317517166,0.26620183775827433,0.28283985396341665,0.3061375383639008,0.32993609289503356,0.31879881025732476,0.3278675749526042,0.43310389284104517,0.29597182749565476,0.36031113801528253,0.2702654008035888,0.2947893671444789,0.3290105146611148,0.41403836670621247,0.23483972962482466,0.1515006847020439,0.35752443662810374,0.15983673274314927,0.31708863847017316,0.3478520267797639,0.33359808035550076,0.32553784271907243,0.2837114034484676,0.3225111234271813,0.22709060343559945,0.28016359248881334,0.36051610107879567,0.37389490457573865,0.3654409483022401,0.2414812187201083,0.28796591175818825,0.3477747765144668,0.30099493764299184,0.3317596055477177,0.36028121370508465,0.3520102590510128,0.3471195046030446,0.30670758611476595,0.20230038075022388,0.26138293408477664,0.20846003386965087,0.2607273976385978,0.22336433107862336,0.28521113864044517,0.23911132210544273,0.32928773284074586,0.3056999429723641,0.29097099117763897,0.21853286823846083,0.3478414285865688,0.3101555004310971,0.33883171752448643,0.39602268512082245,0.3171091620133325,0.19879487852578998,0.21485947624602347,0.14207941209193511,0.3223058059725981,0.33314646222125793,0.22915288641791662,0.3232280600256725,0.3816216108380864,0.3537932492003039,0.34318695150453815,0.29941051730965057,0.3209762556832811,0.340383417692873,0.29754349084491083,0.2992586829414336,0.3625741639739982,0.20810718476725737,0.2572568812687288,0.3443608572566764,0.3007954255704477,0.3129110306618197,0.3090377027605799,0.3765818582622578,0.2999912097338793,0.3519347873962893,0.37506694005848945,0.24558804183447072,0.35273342988079526,0.33355792155060726,0.35292793789708155,0.34191329805174037
2015-08-26,-0.013826325565847498,-0.06049409404118117,-0.16800874541062946,-0.324359202755278,-0.34761753729504313,-0.020333021412893094,-0.02710622733471977,-0.07057894258640024,0.0502592981543644,0.01563488226467172,-0.08117339856903041,0.041059099780390435,-0.06938787724287641,-0.25363776436107893,-0.00949882943988242,0.013472845539424719,0.015710319170492017,-0.14639864367685027,0.03732883469682797,-0.134551860081747,8.603268681066619e-05,-0.013823831864780521,-0.03430522215311977,0.02572221880217918,-0.02440055322772514,-0.044896670981362415,-0.35480879454921377,-0.15203256150757108,-0.010314882750912156,-0.10711350049297975,-0.07199564350465924,-0.18441670374847557,-0.0010479778733965932,-0.09040133936737446,-0.02148042927829644,-0.20754824610333147,-0.14907313807118186,-0.1717891962281648,-0.049977198221162755,-0.14981813126494087,-0.23006363652800205,0.15407487898626862,0.004128011047119559,0.06433904609114331,0.07607945000159962,-0.1190050999340423,-0.22065326863555626,0.08029717435662177,0.06072040252121216,-0.040756426813386246,-0.07706502606118773,-0.3555081128721326,-0.0725822866806653,-0.33136148901637413,-0.12657621389545937,-0.06303527986324482,-0.029733332959452956,0.0691632250422128,0.04687122286567462,-0.023561734531321144,-0.25721991436893993,-0.134184807563436,0.029608647906104166,-0.05660389709401766,-0.08344703051684563,-0.23710764341336288,0.08768039979067047,-0.2343640849929564,-0.07504233447901963,0.032002193214229174,-0.06128519742199804,-0.014280820391302415,-0.022322098615812448,-0.11030768523428766,-0.12057605741568216,0.13009155946627046,-0.06517724136228058,0.009212043454042093,0.07713360284052956,-0.18243979348521858,-0.3018431879741554,-0.005597490060343913,-0.04726416513882736,0.038448530392777173,-0.10949749577882784,-0.14994681344775226,-0.18803752895531256,-0.11636833926122188,-0.15956320332204904,-0.17993642932660822,-0.09863429343999518,-0.02433984134091957,-0.2055168148716463,0.1824363646462515,-0.14926671161650584,-0.164945545362483,-0.25626737213620493,-0.24048784715349059,-0.07365305401406916,-0.15607042284254974,-0.0639254034266587,-0.04135709705789405,-0.0001496220873380192,0.035739100266630866,0.05451012333565807,-0.007964569495287434,-0.037727203442277354,0.17264805963377358,-0.14760653013116667,0.02361285540319415,-0.058777505929788566,-0.08564560646185918,0.041802846123615976,-0.2950332224051848,0.0028334678373512887,-0.013070110717287078,-0.19155738801134894,-0.1997856663944691,-0.0025809806043199856,-0.023348834802728084,-0.38903544578096527,-0.1964728151484184,0.10209399195779077,-0.043363100964311105,-0.023885915670028002,-0.13327897065085703,-0.08300190487639043,-0.10141508184230662
2015-08-27,0.015932727934059566,0.09733854347897487,-0.0287478345570783,0.04905020199790928,-0.01904823848110616,-0.007434944237918215,0.06585536781017047,0.029068725312213335,-0.062313586959872255,0.0009460144479129611,-0.07330201532609566,0.032895621027452575,0.06441892150153815,0.051346735960840155,0.0001516583937838385,0.0399344787630882,0.20925213130511128,0.06567903974551036,0.012903265580400352,0.09850809998029926,-0.035414008026780595,0.028271899486458658,0.05143489491822178,0.13476362530033162,-0.007430628764479954,0.00022255513017317377,0.026497946042785072,0.07884373617218479,0.06455763314776797,0.0818522011997016,-0.017791463993539116,0.057184699659749046,0.03874740300973447,0.05764239521105746,-0.039487814952498965,0.040664706208733276,0.0328555487740973,0.1609708582243676,-0.019872449997911858,0.07037859031977658,-0.01845199196940846,-0.0005104588581257281,-0.03178037939176484,0.013052151425670969,-0.012349682442059019,0.016926841109544927,0.01030658356297817,0.07589191588525772,6.781463486059556e-05,-0.0032594154382979777,-0.04939429247812979,0.12905244335284843,0.08630145431454868,-0.0020609496736515576,0.057104194023685786,0.008999615768563247,-0.053504472679970654,-0.05162720610196339,-0.044260172196521196,0.02868248595929892,0.05984104659890857,-0.008036645773093392,0.06886509213535791,-0.022432447428286078,-0.0037433649595886736,0.02190322594569815,-0.00947924565524299,0.08004330737051028,0.021796223344245313,-0.054747687905928724,0.031088376775532476,-0.019536552857033464,0.106735969145641,0.061733270101326274,-0.01978644571442663,0.02129132607799456,-0.04906508350441103,0.07076698292922007,-0.053695586503665065,0.03143329202808757,0.046301947511513064,0.09300761382908536,0.04340493612109988,0.10523369579321618,0.02561480084090082,0.10384018621647848,0.0441004395617945,0.024810593012600603,0.07292658037670785,0.06127602384607323,0.08472649448177615,0.01481910062642017,-0.07258503023913887,-0.04767611755349646,0.0335398595621644,0.06141104597999019,0.02900614646716849,0.037185865211528876,0.052195351032223496,-0.007032102985137785,0.0120583854081498,-0.02331403700210225,0.07142971635009586,-0.008516278582305326,-0.050402263774066466,-0.05999556122732065,-0.07574703927697324,0.05983673325807575,0.054435082091877404,-0.012634473234817237,0.04582749264313017,0.0018744630685262381,-0.0567534076827757,-0.045076737724718305,-0.033360459166373826,0.0004081204880183962,0.037832522640823145,-0.05468567940964322,0.015715721269735583,0.022357234891219244,0.0319326539545149,-0.012669311128364091,0.04813972270000678,0.10511624130479022,-0.05849624245562768,0.0809225249218591,-0.013108558816820482,-0.007661814841529649
2015-08-28,0.05440370692507165,0.07930604049097183,0.04008821130924186,0.16708989869643423,0.05683346279140833,0.02327380073980872,0.008459362050756739,0.06571139587018154,0.08730658555014616,0.11938675946854468,0.019715498932050553,-0.06791155354111607,0.07832356306167863,0.16894696619138377,0.018115584301464985,0.1252296479325512,0.031679209751743084,0.12805623094133245,0.0647783336625161,0.048343497985636585,0.13007279091130788,0.11206936315125476,0.11760533126736475,0.1270263955612403,0.025055207436790516,0.10081925575110902,0.08546866956757897,0.05085687230571622,0.04422775159145643,0.07201371104021254,0.054678651265424115,0.07385451163472147,0.09151968550236729,0.13908083574653995,0.11636355962491758,0.09078770649099034,0.11818958799061373,0.1249932545181076,0.06488268280722201,0.07272850603031746,0.07964709021711135,0.05179746369881392,0.0723115674089277,0.12662754538329477,0.020921649969819905,0.08304223500816632,-0.03351185622103062,0.11743529989898888,0.1718574226468023,0.10182738499906807,0.07429617112881835,0.13726748998251873,0.10761146626442156,0.07233633189663718,0.12265351435859502,0.06513551804844799,0.09374788026064039,-0.012793097907399043,0.07485069068714065,0.12737700989000117,0.058798510853723486,0.0830630492387865,0.06012478011242769,0.12727450871048382,0.12044913605085686,0.12274276918144042,0.08034102745382632,0.1369792124181463,0.06342532765341861,0.16594338015746754,0.1370805760387534,-0.024049253759258447,0.11173037241558416,0.13592269596397627,0.040500935398809876,0.09923654686694176,0.19648571691306863,0.07424974412397814,0.10849689557101716,0.10747881767916379,0.08807021933755052,0.04458541215166892,0.0787024608096683,-0.06805362988769484,0.12712437462989662,0.09517478566702346,-0.06632549852511352,0.09873938622907871,0.1353341161611228,0.05714380463281676,0.049556313026033125,0.04324254740834863,0.12432609242907251,-0.015095710476391381,0.1121999014181107,0.0004482919233597745,-0.0513461570348801,0.04539758726681377,0.04312465801541513,0.10453854803845611,0.056238478038432495,0.04124134957881223,0.13921077106528107,0.14123245609423243,0.09326883798342542,-0.09567218916905022,0.017097799691611466,0.09868388826179429,0.11027470470998617,0.08466356248888512,0.055006076966090806,-0.022656378362026743,0.14676691684005538,0.1254669459122566,0.14787845168970398,0.10109992809855217,0.1345367172792892,0.10266668877488085,0.13086355736387864,0.0602076854782138,0.10580503371245667,0.10155818397436324,0.033078035052426236,0.11886925273278262,0.12575507946116754,0.007348128675165529,0.10303720039143038,0.06722238384589048
2015-08-31,-0.18122279563079496,-0.18951856336077433,-0.2116503900216329,-0.17772743745002542,-0.1298070625406303,-0.14470449698767968,-0.14758812989509207,-0.14900413684542255,-0.14622664546908087,-0.19805904153414405,-0.12508237811088047,-0.19464809097121044,-0.1802149639070231,-0.2204121648909066,-0.13223581996328893,-0.19427456315016547,-0.2075111349910054,-0.1229440142410887,-0.1632654230234149,-0.09180302910510439,-0.02762085991631921,-0.16921443391339105,-0.10821634586845826,-0.1328007471781875,-0.28311419098632057,-0.23872708713166785,-0.2686504303831842,-0.18898819483537643,-0.1764878255280247,-0.17153488882750176,-0.2172273804667588,-0.16323645369160827,-0.1887648016833229,-0.15850784227772421,-0.20198449091078224,-0.23946811326897904,-0.11941253329216146,-0.08121200281576857,-0.18345313710160419,-0.09611271797554978,-0.19422238930879215,-0.19507045778096346,-0.14998063775194811,-0.15224770894116338,-0.16388841615631272,-0.1464331780806244,-0.20383223265023714,-0.13626469767359248,-0.23072442691404169,-0.11446894232404563,-0.2187021973356466,-0.19697759014248933,-0.1764326555592989,-0.15063518600689435,-0.14345548507275688,-0.22455148761789032,-0.1774959587270355,-0.2017314429311845,-0.21505679441496503,-0.20299744771361605,-0.18246506402428117,-0.24368733270323453,-0.09724566192348116,-0.22566326060273978,-0.14747626033448155,-0.14385233490644525,-0.2205740570942166,-0.0765328735846223,-0.055518474101984086,-0.16090436596891458,-0.2443505047635903,-0.15510017659064532,-0.12100162542148762,-0.09503224439132156,-0.16314573735355625,-0.1978040530378572,-0.22829122026056792,-0.21395185199569047,-0.1501105735995168,-0.19926277245364418,-0.13666598181721432,-0.22873660747762192,-0.11911129146136776,-0.1823896157231243,-0.19570476168369036,-0.12604082489245166,-0.24327212783390678,-0.07716112655424977,-0.21788942009146803,-0.2362245411732382,-0.2762096284938049,-0.15067160463674686,-0.02688465738283105,-0.1713480000078112,-0.18586641873616683,-0.13067082461508603,-0.2887303732125085,-0.17163848039235313,-0.03718064534755544,-0.20290017607750993,-0.23275003904447042,-0.16448657327291766,-0.17815257179744384,-0.1309469759339538,-0.14639878783051483,-0.3146720160479395,-0.22084689218545606,-0.20981863721387184,-0.16642910418083695,-0.21612250629366644,-0.260179251419763,-0.2729338382073464,-0.09330779235246467,-0.2176741277877995,-0.215565648949729,-0.2068967284540484,-0.12407183310995813,-0.19394896989211174,-0.07655541627512236,-0.17969733092176543,-0.25913424753066333,-0.12114863324027443,-0.12892166527876403,-0.15429861449898893,-0.16414995137446087,-0.16248490362980275,-0.17191112992569718,-0.17956106411376518
2015-09-01,0.2721220741671916,0.2681019369203383,0.2322907794831439,0.3234340042855247,0.3316899175396228,0.33264453230579555,0.24408095004749225,0.32372356264529173,0.2858804038468135,0.2276683933652699,0.2534906051783693,0.33052043511791357,0.36964300169758235,0.33878843273441667,0.20358511575125798,0.3827627281116434,0.3183623341872196,0.2278723353187386,0.20507764776809762,0.3260582746164796,0.30606916643646515,0.3923840203131,0.3170868024957879,0.36276353869702066,0.3238890418619221,0.3541499727704734,0.41159764567393886,0.26696128933095836,0.254746160099505,0.3401346285237607,0.3277765594594619,0.1914672629088384,0.3386960029017042,0.30979110708726953,0.259554300365056,0.17670944130489652,0.21926592525020777,0.22975760574532167,0.4120527905535564,0.2757000031754151,0.3161321177707695,0.2576108885920893,0.44714816653473055,0.3886757950568271,0.273546877439234,0.2759831223025098,0.31321339618363536,0.23375266164375386,0.37773817870538684,0.2516166648603122,0.31267789947540453,0.31341316388659446,0.2148206466182408,0.288970584946756,0.20422610066414046,0.27667110330337746,0.31930511848088644,0.20273471972487034,0.2860098939904119,0.3104494460247827,0.36615508559354165,0.33874256647867634,0.25406158301593157,0.23902116210836294,0.30683693036947973,0.46349967179946094,0.3155766182935669,0.2505630068304098,0.2870608222587766,0.28603595880970883,0.36874643232027166,0.3991451128584717,0.2322850510474141,0.30171102911075265,0.24147148315615133,0.3263434337540632,0.2040993823450992,0.20226569372838465,0.2786485148389419,0.2974403943116329,0.2970217766176707,0.34722831401568466,0.3498076117469391,0.3424420169140652,0.350866626583927,0.21875305149269128,0.3754261276178742,0.2928499113940822,0.32791033590641455,0.2886234827531182,0.26062038046231567,0.34540358162781876,0.3538753667190922,0.29829194141559,0.18886962936084534,0.2433749053898695,0.2960092227083435,0.4001373940344718,0.2404684343921893,0.29141481251063733,0.2848031490545876,0.20893853132872142,0.2848374375409164,0.34331689821582484,0.3566721145605202,0.2750905626010143,0.28346261831950653,0.19733013424086746,0.2612922793808006,0.37101334850773193,0.32654906782885584,0.30365803098457966,0.27436603197684906,0.3190166763050145,0.29821561226341464,0.31621796206829095,0.28342892615467913,0.2599556247354784,0.11449849883516175,0.3281643688659984,0.31698483151905354,0.3167901797760515,0.2662489037001928,0.3265186065157273,0.3774047223594218,0.21696591321942144,0.2769314070757453,0.21263661911947107
2015-09-02,0.21760565540084645,0.27147333704651444,0.2207014754245325,0.24469007297121306,0.37078427365430866,0.1692031918976693,0.16272665719853355,0.26655842011144715,0.28779920165708056,0.31615051972501523,0.22676159177876656,0.21694862672750181,0.34197339800603005,0.3603831762912914,0.21451782920407597,0.3368958757000835,0.30461948957011215,0.2939584031254276,0.31918795030645614,0.2562748607623136,0.24419644331623722,0.2613800433143499,0.31334959587428457,0.3686768362594897,0.250337361221861,0.29026841011276117,0.3051369227853267,0.2812684310108097,0.22452804816480215,0.3306883112593718,0.3128712742817509,0.2428888736853529,0.30635996678289507,0.31290666182250554,0.232858275258447,0.23257694430944753,0.33205603970953906,0.28098002255365934,0.17286727738690294,0.3036463321993592,0.24692341755495514,0.23180667550568795,0.32730054402445985,0.3779389352596738,0.14622612298005916,0.25469537442014467,0.2887033533233619,0.27789835754627507,0.29682134270396976,0.36501068703730793,0.26346377967245294,0.3439922572060829,0.30978725010498304,0.26192446026988897,0.2563190351940889,0.30658295349472253,0.35256135019982165,0.23420233747866134,0.1207322989361344,0.27980043786183756,0.3479105457204687,0.33571157266949453,0.3523413576547969,0.18204766465822714,0.26275131051859263,0.3109427450064614,0.23322571588994945,0.06311398603587093,0.270201312376635,0.20149376751500347,0.27249206618592,0.36466313970453146,0.20390734883506845,0.2797264127422719,0.28618906855274395,0.2672333001673706,0.15628022685772794,0.3053720646034944,0.27400867702499304,0.2689417709812729,0.3063458117665932,0.1569776914592917,0.30609558031540685,0.2414150436788735,0.22891138487961157,0.3173771800950236,0.2914500162782688,0.22209371300435052,0.3504705363335677,0.31293379227041745,0.18027335412845533,0.27878692082199086,0.32467007016169747,0.30333787080244784,0.20324247236859538,0.3044372437352257,0.23048613044319355,0.3615471280978304,0.22622081890922985,0.17306256103485057,0.3406764446373721,0.22308482629435827,0.2728450167265109,0.35457136251468585,0.3578016551932396,0.3018669286917462,0.27999742850537185,0.24776040441108566,0.3529346887547832,0.2704622556490311,0.3455291247959594,0.321530700322601,0.20927896706127705,0.273283393620024,0.3221510670523122,0.33644763351719126,0.24403130145938218,0.30866310589367696,0.22218362358980648,0.3232380543458259,0.2936334275428307,0.26853780281971207,0.24322977366128937,0.36405779800924576,0.3119238188706187,0.2857538018014617,0.24616045182812035,0.21859414737259306
2015-09-07,-0.25139564835101635,-0.09341431731817418,-0.25594146815833607,-0.2441867061846321,-0.12914857222277373,-0.236033781697689,-0.18497826042253715,-0.37171622125556897,-0.21299550274477613,-0.19465588348234214,-0.2433517203018497,-0.2046773962792552,-0.2841071751762392,-0.25628798300794126,-0.3371889916199153,-0.27700770426766286,-0.21651111173660317,-0.252835960074375,-0.2078631161339582,-0.3346627165368946,-0.16292614873100048,-0.23013457055857825,-0.24605208602377243,-0.19870293191523022,-0.26460200596513345,-0.210788658172291,-0.3246594167782453,-0.22688030609978674,-0.2538609206648737,-0.22833024323563442,-0.30282335224241075,-0.3199624200562129,-0.2078779917714412,-0.3479642033826362,-0.2823722674948829,-0.2725628054518949,-0.33216890148813605,-0.2978158043147839,-0.3164651868518649,-0.38334692801314824,-0.15678729164615424,-0.30789565294496385,-0.33080039108348325,-0.22817740335247524,-0.23184526886912876,-0.2814155598293065,-0.28119825885038746,-0.18279912537085377,-0.13618795927632774,-0.16691748644311874,-0.19147366377763517,-0.28115892316702945,-0.2528452938076977,-0.28698809030212286,-0.20392603074677812,-0.211525148067285,-0.2885812419086407,-0.1724996729552649,-0.32788169115470356,-0.19420144734119332,-0.27496863690392104,-0.2940537693120803,-0.2791672968152019,-0.29707202244063147,-0.2706768079623774,-0.24601799544047054,-0.32433352404289834,-0.345607991926404,-0.33507315094732637,-0.2582714013390143,-0.3708220410926519,-0.21812876439309306,-0.29220706963839377,-0.19607434786362476,-0.2631103587084999,-0.24241692392772884,-0.20537100933679814,-0.16752855429658903,-0.2664107084755723,-0.33663917639137514,-0.3176666133379958,-0.20850718777316318,-0.27273347753953414,-0.24952685882886366,-0.23762226643754544,-0.2490736994822506,-0.27128787581584773,-0.35660257357279207,-0.27055546942918235,-0.18121968268515365,-0.30885332573411983,-0.2193786736090241,-0.16456159381663676,-0.2023121699194506,-0.1644945076083799,-0.23091977087435012,0.04974646517664362,-0.07771419454471372,-0.2245305714812403,-0.15322009753183785,-0.24801537849236843,-0.2847080342588878,-0.27631963311428037,-0.21308271481551008,-0.1855035746011052,-0.19259546185135681,-0.30353971627492776,-0.1236952913480238,-0.29782134621894424,-0.3257671271454313,-0.11677059686042736,-0.27132787543197684,-0.24099874446703104,-0.2742219565348359,-0.2093191785322989,-0.27540755236115305,-0.18928840346345877,-0.20200707351146494,-0.2434771423433734,-0.31929768323613705,-0.2975104162276319,-0.2213284848477801,-0.2659857319302233,-0.3386791851586244,-0.255211978563334,-0.16399981974227695,-0.3109935773706002,-0.2989612284009786
2015-09-08,0.23728384999296112,0.14482179485850052,0.2692006502194473,0.19313414588284936,0.30070706793975754,0.2338301301809032,0.21414375602164187,0.2694118729840525,0.21660205567963786,0.33418777368352,0.2786782601152037,0.2788009753291505,0.3740884828062326,0.2462740236435519,0.3191286647798303,0.374457823417097,0.2742234124647141,0.2739682789733921,0.30136915932663366,0.20493110668531875,0.29709182066003936,0.3698568056145952,0.34672470240139347,0.27169776213115665,0.25686862737044314,0.2603865957867534,0.22851348740471591,0.24713474244649078,0.27660522915215713,0.2687685785126669,0.3414753450866526,0.31562524257663715,0.3377162641608199,0.36911880202560315,0.31452137641955236,0.3497052551792098,0.26094962169472247,0.26423325251256574,0.28463251644959275,0.3180789760871374,0.22663839453920742,0.3061761711027289,0.26318532166230324,0.2524731396373977,0.28915528554408076,0.26587763637945366,0.30136801778975975,0.3539671830980061,0.22160769487179585,0.2966854335329223,0.2934217796103728,0.27459897809623524,0.27433870768898044,0.2112588973919175,0.28509826349415385,0.27797906877992506,0.2988149705712281,0.2514574588675666,0.2506849268205107,0.2854601306831879,0.2749274476047644,0.2353517988338443,0.3326107404921936,0.3292580466934779,0.2911672442843723,0.2830828801432405,0.2949023529358526,0.31585999372736173,0.2989125719739486,0.17082844910066283,0.34434436177024164,0.24175588968984565,0.22153809273420844,0.2799967352045862,0.2111089802423142,0.3581446883925275,0.3407019538545689,0.25750503417765597,0.25763631091815725,0.2842911969242894,0.25623107902635645,0.1797975024273141,0.3066381852972903,0.19200855467978237,0.3406425939371248,0.3067663456665477,0.22785475541434655,0.23777128623812682,0.3218277831811048,0.2445308968370695,0.21934776854482438,0.2534525782752247,0.3126789359050386,0.3525453989215334,0.29808609927722746,0.36567992219290624,0.3176166536531981,0.3097743837340208,0.2322919092432902,0.2191466039125706,0.30536910453286437,0.21197940210868144,0.310365611430031,0.32976203522331554,0.2667195198239728,0.3176491874541049,0.2715008470204047,0.27497327375268477,0.285653621183318,0.3826345986128668,0.28616482598550785,0.2900199997260784,0.15736542421795874,0.3434015011785085,0.3422510193924842,0.31362641151039566,0.2801194504185331,0.3103148130391413,0.29197944777016943,0.2814373547394787,0.291473176166584,0.3097914183824471,0.366844289804309,0.2414173009704203,0.30009748724908203,0.293810472915944,0.3701085144952955,0.3065568736501826
2015-09-09,0.008857285714595825,0.11272971928535108,0.025099543153531002,0.09887257581580478,-0.01705418480902234,0.019562169950788934,0.010954598277959813,-0.047316672796383505,0.11633221157865,0.12212586273511376,0.0774150629848694,0.1576628820595403,-0.024030481667293213,-0.06054095767339541,-0.020436597178186845,-0.03843256065901503,0.0776456560657237,0.055777840693868264,0.054270709431502605,0.07403341690430641,0.03358011739940449,0.05014457729908778,0.12087158477675418,0.056056378870741747,0.0145556174539738,0.0082257232295333,0.0673230963864037,0.04521479403339864,-0.01847655599092547,0.011753397824136952,0.058281259636013986,0.05056010146458758,0.007698041785845721,0.03984665560410532,0.025831276642776513,-0.025188298658661793,0.028438291238820877,0.03038235072740918,0.005645820443737891,0.04076332017799634,0.012714200118572884,0.024414042435446866,0.03581498672634739,0.08163508759698852,0.05986630167941085,-0.015388663497307515,0.022569868563565236,0.031326412499025465,-0.0037023317301021915,0.043600642467418675,0.040197396812483924,-0.013928335781055845,0.020173184537557516,0.025638640096270773,0.07221558855407223,0.055242453788320454,0.08498410963142536,0.05304789979071445,0.01818468244710867,0.08170757601596992,0.005653276012039624,0.04597478088279833,0.08426921400328184,0.06285687704360886,0.13039696257337952,0.01285099805800522,0.15555272705974257,0.06448869956579557,0.03018885801847453,0.08325209303773151,-0.012954593711903861,0.09397185764980585,0.008736282671240566,0.14725910262355021,0.007779377216592588,0.005569336600088205,0.06466252360618935,0.09464932729144007,0.10221181002604102,0.023037333249752507,0.03882239995164739,0.016551645804728687,0.03248480026534666,0.14730702670686796,0.05716653615356743,-0.0317801785863501,0.0047471352808540705,0.04753841886547234,0.07597671010429322,0.0796253889888501,0.0035370923813217115,0.023827571171640503,0.05720791733763162,0.020984541132692065,0.0005787658019461378,0.03809352033716493,0.03312406821226942,0.01600196575059307,0.10073435906121107,0.0009626119575760959,-0.026495658687614092,0.10055485033861533,0.05540626619971941,0.005332179607278914,0.0613968347148335,0.09932968190283883,0.04367798247349729,-0.03748681865697567,0.04311291527041378,0.02157843247088236,0.017190029247743422,-0.05687258705297348,0.06231064541396149,-0.05000374571466775,-0.031184860310778287,-0.04612860473252662,0.03660722236056952,0.058300095209450106,0.028473393898406366,0.06455122249043048,-0.021527062725147494,0.043896589280346766,0.09090276050251064,-0.030838849998056767,-0.02203505243297004,0.07494046817783048,0.0007819616850751565,0.0062268693454944676
2015-09-10,-0.3651402890310701,-0.3052361744582562,-0.42188592886189447,-0.23650272006355177,-0.2130204818748786,-0.22860050483875677,-0.333341403129614,-0.26892780410356515,-0.43240184551393257,-0.34172951871165475,-0.2697687157532982,-0.3263084299425299,-0.32786249767398246,-0.29479013960369727,-0.25730204741433166,-0.38728050397544656,-0.40601594552844805,-0.3808851419109141,-0.30982796166878135,-0.26683599634294786,-0.31499622858574977,-0.3813039934991961,-0.29385005696509525,-0.2549228187196135,-0.3120441415906238,-0.29843350672711577,-0.3161187801834445,-0.23672640065905268,-0.423052938057379,-0.31258404012120167,-0.2966288864090796,-0.3617066921323209,-0.3869605316966546,-0.4026385899987016,-0.43649760735422105,-0.3524157761210442,-0.33966151191435767,-0.3131977335346732,-0.31662234112382187,-0.3240339141448822,-0.36184046456431973,-0.44959430315188453,-0.29869368473320734,-0.3513575633339365,-0.37720052134798626,-0.4319118241571682,-0.30415946461678267,-0.3661206234239778,-0.35485246565343065,-0.36191373174028024,-0.3545975378761615,-0.24452127604503207,-0.3270767134268855,-0.41466161400216905,-0.38112286060482065,-0.3675845622273112,-0.328255389797531,-0.30057872173114364,-0.27117943542507617,-0.35799647767995596,-0.22218300744189015,-0.3238633289402412,-0.2779832821048182,-0.38980761411533116,-0.36091064635580855,-0.285444440620313,-0.25472272666560136,-0.34205914695268097,-0.369826993293266,-0.2612181728530865,-0.39430589349867595,-0.35840400604194284,-0.3473253875982758,-0.4455007130105259,-0.2552801259589208,-0.43006176457602785,-0.4005717499189207,-0.258566477522411,-0.42573055475684113,-0.255458925418264,-0.2520789447741063,-0.3302378219636944,-0.33087671237684113,-0.3205368186312342,-0.31163054023116443,-0.3877253150284618,-0.28445885599858284,-0.2686693761737478,-0.3938065384017828,-0.4228965979102209,-0.23073125635229225,-0.3273129737238968,-0.35836078522435993,-0.2968908144914453,-0.24684592503499397,-0.3285012755140503,-0.3376807172513895,-0.2352656188268756,-0.20675199942602987,-0.43115575104568954,-0.455371304932881,-0.28344381175957106,-0.2657484988721776,-0.3576146693728105,-0.31306006086777266,-0.3363252831770539,-0.3593842881653635,-0.27978721930389766,-0.36525171055385813,-0.3049300815361704,-0.24960991523365128,-0.30268473367642534,-0.39804551481717326,-0.31305173913179635,-0.2161437535986771,-0.2664076942687772,-0.33449353667676823,-0.3701492990070901,-0.3357524248766461,-0.3558616763048619,-0.35167695225397044,-0.29310569118981994,-0.3343850319477704,-0.3690255659967709,-0.27638575414589067,-0.3376953012203408,-0.3637813548041862,-0.33755646183592425
2015-09-11,-0.0773092713577338,-0.021069189773679307,-0.06695028576537194,-0.009554840065525299,0.06720085777034326,-0.03574820383943175,-0.054206239629894716,0.025603597220822838,-0.10272561055377002,-0.06285161012004269,0.0990373274954731,-0.013316320659825083,0.05797794292976326,0.001163508194507431,-0.021531464379629998,-0.054019856642607104,-0.01602747851090219,-0.09037066442618272,-0.023812395460364042,-0.04662785193075848,0.04007584241683066,-0.14767366176504845,0.06945143461668837,-0.022651220699187284,0.0035570274334465087,-0.03894383557228733,-0.007691874660740846,-0.011129893628983343,0.06501936968423903,-0.008846920794084957,-0.08239528098110459,0.06926125980023842,-0.06451738983897774,-0.001065503994619114,-0.09184831108283217,-0.2077420692799295,-0.05345604081408296,0.015961559019310644,-0.17689408064841633,-0.05618382437764111,-0.05279016807293071,-0.15137769549832744,0.04404909602063618,-0.06600145343728654,-0.1035992047658049,-0.07026959467825603,-0.02908682982518677,-0.05683426891856654,0.006052051022269914,-0.025822939953906218,-0.013476160842976268,-0.004054923770379119,-0.007044635225305459,-0.013998266550714624,-0.044268147074553225,-0.09345343516437872,0.01887076702432872,0.016064818129965738,-0.039529252953910805,-0.02197715014578877,-0.05828437338609927,0.05115877570003419,-0.08531119760694833,-0.03337043006197197,-0.01845541589146871,0.08667800618039077,-0.061422965563337394,-0.009676187242734183,-0.04443819602852611,0.0023876860038314976,-0.006992132975365289,-0.11619099621283716,-0.06258822383284282,-0.052323166562828864,0.013672169242752902,-0.046887724505487054,-0.0004176845661906847,0.0022188034183048457,-0.17429959446387291,-0.016652255285190213,0.022329206899554244,-0.022045454512361857,0.07108893182406842,-0.0858896099198932,-0.10293766130769504,-0.00954753415161989,-0.010461656658911515,0.07190299800972798,-0.04075020464939551,0.001727324023031589,0.07783050202797315,-0.08982293025102593,-0.21599046442469644,-0.05073875770051283,-0.03175190236798306,-0.11051548604905956,-0.05618440773597379,-0.024292513539392525,-0.02407899021839357,-0.024346175436027923,-0.08263679133082937,0.01702881308892776,0.04552382588562229,-0.07341214601634152,-0.0011737169653291306,0.037686698365386594,-0.058155283862894494,-0.023646735488408375,-0.0031133834214520737,-0.08583038652302337,-0.005899794497443422,-0.009796919838835698,-0.046343152663855275,-0.06713959533593278,0.05196789370744547,-0.0167423841475875,-0.05694889883093591,0.06626600644115173,0.01997156419807428,-0.07159265137674829,0.011887676103119794,0.07009722251390142,0.05210410787812358,-0.10524344645813008,0.14185728750917664,-0.041124429019802386,-0.0008750374990028311,-0.01922253209892786
2015-09-14,0.28644410865690945,0.2227921505204745,0.295175524501126,0.3172872957537694,0.21744451678088822,0.2869032116647196,0.27982795012694905,0.3965454102897743,0.36068199839314324,0.2709063594662825,0.3086257258982985,0.3246809139300025,0.38275627770132137,0.33347620751164625,0.46701247176363864,0.3879079151371174,0.2536619954734337,0.357497736934272,0.20153659501616772,0.30282154876988787,0.18675691997884356,0.25931415435865934,0.4558566186888515,0.3479289102035097,0.3033119148460207,0.2766060620556206,0.2598506717816572,0.4163005485464286,0.26277113583805317,0.2929363035411778,0.25502997076354145,0.36794072612653816,0.2995002515003643,0.40823503623895313,0.2851429278958922,0.2637179264119742,0.23737433914616135,0.3177048233087856,0.20818075474609624,0.2190810968711745,0.20184076019856975,0.361846673304316,0.2497534946445544,0.30483564681095093,0.3373197130809958,0.5292535973885437,0.24301541422306627,0.34583086196006724,0.2506477829685353,0.37254429840879205,0.23741925773777683,0.361302983338269,0.2746486031703513,0.3188840821782751,0.09861060087512605,0.3755121339262433,0.23455934351186924,0.4213874653300057,0.3109908678026618,0.1854116956637099,0.2814849364870377,0.2678093100781452,0.2796710267354612,0.23850022072821161,0.17195361892904631,0.3317340078511316,0.22339094823292974,0.11860969654532909,0.3287311708337202,0.2163267705034799,0.42860970104490137,0.3791395113323206,0.3872764862222408,0.31619989715389435,0.3273284857228187,0.46320298527880727,0.2873007703684332,0.28663953369835343,0.24700062667269146,0.29738586922360716,0.3139745384505365,0.2994058330492556,0.3346602308612142,0.31785829290659495,0.26072529816538453,0.37760732044811257,0.3999615566858814,0.21613747072452894,0.32789551002217254,0.28257440115715254,0.16306647019155154,0.2832893067938379,0.31376423777160944,0.3438795283372909,0.2297020438545524,0.3273602787519492,0.2955062886757491,0.39567655045378364,0.30653146948401844,0.4589360954626818,0.39707568301417007,0.15344570078763745,0.2020622008739021,0.3077471882492997,0.3476681490288068,0.24734480808896597,0.27476089964938993,0.3917629755376207,0.24560523354094832,0.37004898314080226,0.4641117901403093,0.42082648798394534,0.2390689951025635,0.33613870396427037,0.2908878407560121,0.31082819528328864,0.3380742378897398,0.266016066563522,0.3563467709439169,0.2677305567032349,0.2916208305010102,0.31236359441487227,0.26096009989428365,0.28006575033685605,0.21560807303763227,0.33277413575827963,0.30606419945955093,0.32430989803042526
2015-09-15,0.0316643782825654,-0.006848465513185088,0.03106239163718739,-0.07109384224411454,0.045447457359281296,0.006796873485902512,-0.011672995129543928,-0.023867473489779356,0.08739152537572374,0.0026560163630645543,0.07057018779657993,0.05121209817242567,0.03483293305246741,0.044371991371228554,0.028370600208206028,0.03718005483177187,-0.006098879064490959,0.05792429399250978,0.06832265172285064,0.0028134456823254595,0.06396682066672019,0.016778104263849195,0.060260681983189374,0.1076121941802042,0.041088942855994626,0.015966212418695985,0.009431740117753072,0.1123926229641404,0.0016219947255356056,0.0449328318268779,0.09521168671053033,0.050401995292043276,-0.00367840972958323,0.04375300956052783,0.07954602037333065,0.054309094351495224,0.03032503999081799,0.05184121745016099,-0.01791946378762682,0.060673932845246796,-0.03361304824755638,0.04108238331850165,-0.04263819906055468,0.013926494419175933,0.05659092735326114,-0.008053024915807202,0.019245683004388288,0.0009970496989321813,-0.004233883290920147,0.036849692670762046,-0.004826030630058698,0.028471970649052585,0.02739352305304849,0.12190425190774622,0.024255678845045415,0.05789240804867416,-0.02832467921625579,0.03213598665196109,0.017837190022401323,-0.017872652542790593,-0.0012678207161321345,0.09168593530805634,0.011987256607616452,0.06820905245990412,0.03439553116600404,0.10032454802550911,-0.0010059945227862378,-0.010002863839142642,0.002783927344177565,0.03469607724750034,0.03927701970395788,0.0765057089618388,0.06882597792684907,0.12972415492620884,0.12161829753168123,0.05567200394526481,0.040823281587529146,0.06504675906669996,0.0019932049154789567,0.009598988638583326,-0.007050608322562586,0.04794681269467805,0.021420188843293927,-0.0065890573762915575,-0.023990017576579932,0.06569766367094486,0.0983960440025745,0.036596857772360276,0.049446389943634886,-0.00673962661323655,0.022797076235243914,0.02338565261752458,0.047286811304470475,-0.003389193758302065,0.04331352054849852,0.03337641756823185,0.04925735599951916,0.030997331304343536,0.0259528100909551,0.06732502577600842,0.007394089558558361,0.03943892101571631,-0.009360758163270285,0.05273212190602503,0.03273388105471544,0.06999801723071546,0.018784130093518963,0.06225559116797683,0.08067754059086882,0.03800686038275844,0.1349037864643307,0.11210615724864098,0.02625723226278816,0.08615983597575988,0.03331201483648265,-0.006082778381553657,-0.001743346169155641,0.022579120694000067,0.05291906872457481,0.051351041102958676,0.021632460169445738,-0.0009591832779500081,0.050696279996841745,0.038008819339273026,-0.0060833747031439275,0.06784529628983914,0.08009672336194541,0.08104099860013865
2015-09-16,0.21721790133399496,0.23848283248497876,0.35684820517346777,0.1369190402161987,0.16379445421773137,0.14811372654950655,0.24767441569795745,0.219416280205114,0.11763429031698223,0.2684792586356018,0.27764156559700115,0.2089983556483665,0.280083546195735,0.20558166997304395,0.32689256638437764,0.28978110138416246,0.2860420981230974,0.2936793253582585,0.225009876790248,0.18895366172778374,0.23419339357181132,0.3205566165830534,0.30752526590324086,0.1624435907222966,0.18259216690782068,0.27626586826235855,0.06642198891650605,0.3341295365779364,0.22276080967715284,0.26568122765353197,0.22397464398941727,0.1833415130559232,0.2427468853222239,0.24053449264302912,0.18899468820166837,0.21785776584741165,0.26636253725891745,0.32196604787612,0.28204011233601484,0.1924411904899181,0.163546731501367,0.3020109815084931,0.33196152051663413,0.2013238576470464,0.1735336716256424,0.24562429832299026,0.27136039791776695,0.20903085575645708,0.2943619953580841,0.27643429093958066,0.24415572028303195,0.24892764523634717,0.2338293327279708,0.17895879449425647,0.21984563943126503,0.23000055760454405,0.1832078799647664,0.06401045156305538,0.10954638287538214,0.28179054728581454,0.18199792232577489,0.19533495101571396,0.2190778616483908,0.20078030079338438,0.17851623592067878,0.24776509515169065,0.17721444260027924,0.18920652754417974,0.24108609998218145,0.1399676247581588,0.26278905537628616,0.19515185164499932,0.29299129655855566,0.22664148748633928,0.2598312081972244,0.1588069057935579,0.2251962306210427,0.24436801456707327,0.1297234360282967,0.26678623132861223,0.2627186881592877,0.07435936249416558,0.17663558021562878,0.13212221144671682,0.18765055529091232,0.31166283203815814,0.30492227559470036,0.10062206549179133,0.2681166485974219,0.2649131517045285,0.21028323152278572,0.11816516695600815,0.29004050591662867,0.29452820432829463,0.2402077025653475,0.20891158930474849,0.23177139010373865,0.0940431420469485,0.2870538613879105,0.2386714479505304,0.2093117282502309,0.19507399741138573,0.1751657431260545,0.1583360541254519,0.302165729729585,0.22655020301406475,0.24298213839821914,0.23051425095776773,0.142993915943785,0.18987636544592432,0.28854066487054875,0.20063193370216098,0.25559456566640515,0.32788010952108876,0.19494399697902332,0.17452915844005978,0.19683496657086344,0.15047490412720785,0.19536113139387423,0.24826922020246203,0.2968756662640494,0.21040185498563282,0.14732418263919553,0.14658990244979073,0.21603507629917473,0.18369120726031557,0.1354762533264617,0.17816887238007742
2015-09-17,0.13370187512793455,0.30444868184638624,0.08537956993497842,-0.05720378313342265,0.19680665263255426,0.0960913848391596,-0.10493473648948956,0.08363319376873676,-0.03674172565085737,0.17729758167304857,0.15964449655593332,0.21368720108572756,0.1828516594702446,0.2425103700300803,0.17862943892987948,0.12338523952149548,0.04970713843791911,0.16748107207800442,0.15972942670383566,0.0677142689052762,0.09103450228280845,0.29069171476922634,0.16251147884033065,0.09741546943666464,0.1153510652540939,0.19695478236358127,0.04169900087483364,0.20449115340452537,0.4010908805664595,0.22320055723617585,0.08105697928236613,0.22260755350565423,0.2591537300554679,0.1639210833784318,0.1469091029194404,0.1196677579797685,0.12318469181269616,0.3062280339084148,0.15311254247247297,-0.03865737232020989,-0.041044293611405505,0.10192915292205715,0.10796127361623506,0.10361949878239099,-0.0028015152953893107,0.19785601477314896,0.21850108905224702,0.15877868088148459,0.057901743737615904,0.040758803688098755,0.00944788916144029,0.05319166504473579,0.15742274747851615,0.2140741050928381,0.1844104815598686,0.15855043110899708,-0.023809341254646545,-0.02827036751500172,-0.00955971971699833,0.17571103932681756,0.17203238464059148,0.3695151491203,0.08815867310800458,0.05560978371713094,0.08071018117843164,0.20579786946206866,0.02667042561210624,-0.017883373230361217,0.029772145388622533,0.0644351751928372,0.23344702570497558,0.2973214110619535,0.08312366190703682,0.0803515872206218,0.15070441890382572,0.08835390751725675,0.11447404351846362,0.1415372710646181,0.049783221695414936,0.2125789806141409,0.03332505657586994,-0.10536003998022954,0.013179530854478743,0.31131010087688626,0.12334098687654421,0.19088914384327876,0.14319045998524468,-0.0004081365440861901,0.1281041526713998,0.17188682350043774,-0.04237661129545007,0.07458934559670245,0.10229541418488595,0.3536308522917895,0.131839309801021,0.1533024557198657,0.1582797162625584,0.05671966266127636,0.10892881261167406,0.1479637169736562,0.025086242436650304,0.07532478409165272,0.04364406954600287,0.11360468908785226,0.10707509417516699,0.1270950173723659,0.11462326106998644,0.46545133952013346,-0.03589891189146551,0.20277544645835963,0.22655125574327722,0.05183393089163991,0.05551187812996575,0.059207536609183105,-0.004464730691809912,0.20558168009529904,0.14119990964378387,0.11075068224271777,0.21411774975217684,0.22303718466000266,0.130719293475559,0.07914342022653698,0.26892600519847953,0.14908459723488057,0.265431483487915,0.15709305336270088,0.09226363025661716,0.07640469451393858
2015-09-18,0.17083286395667757,0.2185519401242104,0.09199055623940341,0.0647994105605798,0.2513422577828195,0.17727575934337922,0.16122337159714537,0.18392272300212395,0.12450523765403865,0.11927318666763893,0.16996174014798496,0.15243133191117306,0.08995223268974752,0.3299318022708772,0.11463682630194308,0.13445975873942406,0.09739541648507659,0.2514663720849196,0.22379211930802334,0.05805418809642441,0.20146256792203612,0.1942783031192704,0.13088974356405744,0.1268437656848215,0.21790244946807436,0.10628772092898915,0.08500491961781177,0.217270191700357,0.12319353870310266,0.2358109148215904,0.1404809523500829,0.15540860542930465,0.05099465588841065,0.16940025750351956,0.17427489411749694,0.1778048033896875,0.1631018613267906,0.233746050600715,0.18348804578681832,0.08076503189895189,0.10549623468917405,0.18767026577831422,0.03878122878590079,0.13077945233032315,0.20937227773813422,0.15704469036181204,0.12217850547713109,0.11944599592691242,0.1517224010932661,0.0690051553779482,0.1591390442173757,0.14556968371189744,0.24819892056145498,0.15250859475405643,0.1808168746767513,0.12610829419569508,0.10714763867650023,0.1526093794281192,0.12759344863884034,0.21120299425958444,0.07985544044972033,0.1246261451562607,0.23471802896004168,0.15218420877248504,0.22491390501156663,0.1335733003206935,0.20333633931013126,0.08653154989618299,0.10956696830632907,0.00434795173844421,0.11884322779388339,-0.006639296353725783,0.03962257974810708,0.16452832347544416,0.18752694615372903,0.14467319881737284,0.0820254188855302,0.2014029988599657,0.10909395456592859,0.24329833306895193,0.10563128166082741,0.10950985529718828,0.1328130575384289,0.10208252912618795,0.09661276158044889,0.17564425324659813,0.19822224686248477,0.07488538853479693,0.1498710418275341,0.15543396651513663,0.08833827800856742,0.10296718806308562,0.14378379143517347,0.10826411624579958,0.11643982256678626,0.1835836192722638,0.18402534693083927,0.09159641488088131,0.10370855747914969,0.10708133436527557,0.19221107972761997,0.1477648921180951,0.1780012043567116,0.2051664660388877,0.1521199213688645,0.14781207553359638,0.17815926879864094,0.16180674814558213,0.15562859810407945,0.10051070149354951,0.04600795866261768,0.2741781495635138,0.22574433312438938,0.06525260898523398,0.1700148214904239,0.1906675922480339,0.17356183475073367,0.0573992147500175,0.12516226671489414,0.1736343792520669,0.19151925289783225,0.17716546810964495,0.20950262192345653,0.18373039950403358,0.1287405389879735,0.11915758729966078,0.10641983449239278,0.11419920012316857
2015-09-21,0.023691604563104453,-0.09171932973059205,0.11404083158478644,-0.039017226898677655,0.06332754504015628,0.07039348334659817,0.15263427634276344,0.04086776161879266,0.18570472469430577,-0.06304054217012758,0.09002122374164917,0.13283349009960688,0.03910775872464607,0.013383619130308949,0.22092045920459205,0.13517955767792975,0.11438390854496781,0.09011287171695247,0.022711815353447653,0.08116012023394013,-0.05232737621493862,0.0961616380869691,0.1570502616790874,0.005160022188457179,0.059073149555024955,0.04051503750331621,0.040137442333820064,0.04311253406651714,0.030437377903190798,-0.04110411692352218,0.04942900899597231,0.06962954923666884,0.18157634517521645,0.11257808166316959,0.074495333188626,0.06287473168849336,0.06241347707594724,0.14364976002701205,0.1167776089525601,0.026747341002821792,0.07461578986658488,-0.02145587632346912,0.03324168535803006,0.0741727564334467,0.06523317935062259,0.016696211079757856,0.05598485396618672,0.05331500373827267,0.07259997959023481,0.16823975592697102,-0.02835298941224707,0.005977015652509466,0.09519089308540143,0.06958493114342908,0.06511648940018812,0.11821503509152738,0.059187709524154065,0.03920649424951886,0.050408995766776744,-0.03378614668499626,0.031637095656482025,-0.005962545818341995,0.13020705207052072,0.13123568000385888,-0.05572136603718979,0.12754266681821322,0.09406277886308274,0.11829107941366393,0.12624629187468345,0.08700288314323759,0.1021627716277163,0.05126230861123767,-0.026369035353753553,0.09403287246473964,0.010751754576369295,0.1343589870363358,0.14297747389238596,0.07707655017726647,0.18882678532667682,0.053541108940501174,0.04827195330776837,0.06786649611285313,-0.014555748498661458,0.18390287241121606,0.08341593710054748,0.044421539146579855,0.11200588476473,0.03776137761377614,0.04512577478715963,-0.004411764705882353,0.013222632226322266,0.18053779582667218,0.06544027204977933,0.07822938523502883,0.09498830282420472,0.04713902261338816,0.17253515182210646,0.0963472621992148,0.15207594723006054,0.09527628192327936,-3.677977956250151e-05,0.022134191930154597,0.08070568940983527,-0.012461712852422644,0.027947205942647657,0.011842486071919544,0.09785350794684418,0.05174227834733321,0.0706991775800111,0.20649434435520822,0.037513304421000274,-0.05968694981067458,0.06451233629983359,0.013219024506057728,-0.10395653956539566,0.15909787039046863,0.10946446229168176,0.19996141137881968,0.03776318645539397,0.0604153100354533,-0.09793189108361672,0.12076951195158746,0.009169621107975786,0.006225450546291138,-0.061147287943467674,-0.08413465017003112,0.12916998287629936,0.03782770180642983
2015-09-22,0.02979765990089489,0.026106299473726363,0.05636653654057384,0.01708241421485578,0.03876560371548339,-0.021084768674713556,-0.0240940790868011,0.037680594047885985,0.05080525130998088,0.1177685881896528,0.0570174182456126,0.07278720569761493,0.08841831525044273,0.03867274397437167,0.0015127949957779295,-0.01132395488868286,-0.0668309899280684,0.035661926193814836,0.09880981200402374,-0.001137009921667499,0.04003269180736374,0.10659235541096021,0.016886144540357393,0.08273824938446984,0.04362716265922908,-0.010579919407025391,-0.012333004073374206,0.009702026415728444,0.045752552200925854,0.11837605768277606,0.054964080916747815,0.03589315651700369,0.09433744975564477,-0.04831568154610401,0.0907975456423677,0.08727422258225277,0.08359895678043357,-0.017749263725871982,0.1287892605423148,0.09180929135895412,0.0443582564261036,0.08110486491114884,0.08275724222718288,0.10436868544506582,-0.003928504296829882,0.07740246647688244,0.05907588062727297,0.09103962901853542,0.058038509646708626,0.1484064552753291,0.10125627102967895,-0.061961285351184996,0.07832919661180102,0.06732632135563169,0.07334342466278239,0.059935382128461265,0.0388228778739128,0.029183899052015856,0.03344973239671581,0.12318818078413263,0.08927843832405531,0.1195644669839631,0.14982880816294972,0.06131432280416638,0.0994600907616748,-0.07105887843310808,0.059642952645419293,0.09193344818602504,0.05052729256424407,0.011961272080502065,0.018611779963998855,0.04607319030912424,-0.03734355771625166,0.08552508510226914,0.0983383071468303,0.03669176586283258,0.05366141308558871,0.08441986964880807,0.018865620814227036,0.06259377716089845,0.06852255882430394,-0.0790674860534997,0.050889965417954895,-0.016204816434901376,0.03101290036083527,-0.01830578416473329,0.06444723743073558,0.05324146023004493,0.07238805452694735,0.10629962445422438,-0.012112007124426883,-0.028792848079267186,0.146413111211542,0.006313763570461773,0.05504578028778326,0.06196852071983758,0.029204962618770654,-0.020341952824458488,0.01751622456051998,-0.06277949441949568,0.08223207505248277,0.14754152724765135,0.028032531423358067,0.05371809014003395,0.11950085603455914,0.13194237390637248,0.16130922789874472,-0.024098612089854546,0.014431244251274157,0.0036264270634142515,-0.018379946693422286,-0.02734758319091338,0.020724507610553607,0.03992024211955482,-0.0040279900236327056,0.03713251487245269,0.014703474996827655,0.0629917224367906,0.06142858133413844,0.12088070113134582,0.07643503739329309,0.013498484642478437,0.03670592959564404,0.048308460741179324,0.05243682694113873,0.05403403457119683,0.0349166832225986,0.03336529959400689
2015-09-23,0.024335582310182565,0.07995933083725092,0.034859762327121194,0.09976181378737797,0.04184507863245571,0.07504199221472548,0.06657452505601397,0.09102161948695282,0.11195518763181625,-0.02385226373332171,0.12104610892021068,0.16661580541194745,0.08324618343058186,0.04860735821971848,0.04172998234441161,0.009430824544175678,-0.0021902888745341294,0.19435340188744915,0.06920996793132123,0.03807427878930179,0.11382882978912261,0.119588699170861,0.09801497989427627,0.008810650182750275,0.19561790163110546,0.019111507797425622,0.043256604080196465,0.11025656583516215,0.09079799892393886,0.1550865255044487,0.04063722319315003,0.1273692039599936,0.02645043651479332,0.0669144283117952,0.015038333782313899,0.025295659927389195,0.06880834540014814,0.18729235898972013,0.08755758788549114,0.003543640521894654,0.0020754979137683873,-0.006537770780276322,0.09922552733463631,0.027630258605255004,0.017165713297524223,-0.08988473254458981,-0.07878838204708612,0.03790159830561251,-0.00432929409995039,-0.044961746721089456,-0.031118739388272882,0.16461574309635055,0.08022134261487962,0.009227180751457625,-0.01028177532663149,-0.03950093257228839,0.013404711029309202,-0.020638699469737766,0.029812212312018346,0.011096052336753013,-0.02053521499454123,-0.01997975488201032,0.08322233057052705,0.044035361268710264,0.10696636195135001,0.17421145053565518,0.1199047495665874,0.03822282000312524,0.06843862606929839,0.17027453598360662,0.11704866773577302,0.12249487200779051,0.08322411953503116,0.05557180531889044,0.07183378253735176,0.012446124215855999,0.12075808563504871,0.1228759214471663,0.03815354413994158,0.07819444583172104,0.15069521396835578,0.1091787258127791,0.0029219753567158273,-0.11791333391276036,0.0950733259280152,0.051723443936080304,0.1353363573790552,0.016829087250929742,0.11302111231551615,0.0208915274790168,0.13036780662963557,0.098229357474019,0.0676821922448098,0.05306217799570738,0.08388871984830867,0.015715158686369503,0.19579023854500155,0.06187832421989871,0.0045573870742246355,0.04174251131892919,0.14537185192562066,-0.0126953866034289,0.036265292105851644,0.028338986709633935,0.08530975398607475,-0.04994520550804337,0.15549351492913416,0.028100197651046814,0.11793450332605901,-0.026829696989665003,0.029481253730739378,0.09511298130785635,-0.03448557058501116,0.15283720080127888,0.23467457468487277,0.04326908813944907,0.027017538262596737,0.10893332842362086,-0.04265696411829217,0.0022072840373231913,0.08758531683530488,0.08565412965311626,0.11989640106556822,0.11679586224313386,0.10621410237737101,0.16252623255554804,0.09265494407920684,0.05609745443768361
2015-09-24,0.07193242147375341,-0.05624071552028944,-0.016500905930983058,-0.15270507213127932,-0.20996011492303807,-0.03949316105087844,-0.01117385130679205,-0.0546199461569004,-0.07117994109220385,-0.0069737084078543505,-0.11623590983553123,-0.1370599602662822,-0.03189178270937578,-0.12534224894013302,-0.020455045628260324,-0.026989204197853753,-0.046178659825414935,-0.04636919171689704,-0.07124385368871368,-0.17230421746508254,-0.16539012309279477,-0.029167056071377005,-0.028298206528257677,0.013216039649987856,-0.09540582991454348,-0.06993967495049917,-0.10836901412512223,-0.052118310657662315,-0.1492461629838288,-0.06426110104550417,-0.06700090140909486,-0.14512532975723438,-0.004993020865073655,-0.09931595433309227,-0.040334877887932274,0.0216283844283368,-0.009302900486320664,-0.15697657241639848,0.02869796173095588,0.05031066948467707,-0.07350010001448581,-0.03328278610699985,-0.007231770589988336,-0.004451572641811229,-0.05806700572526486,-0.05318523697203282,-0.06539223341392322,-0.057184891303624634,0.017958836670235335,0.015272698769751923,0.04443372535089215,-0.1259572759306824,0.05870673463938673,-0.054780330597198626,-0.051776438561237155,-4.582412579949254e-05,-0.0599741334871569,-0.09778497164479494,-0.03524962176248528,-0.04035778995083203,0.038901601140963214,0.07719676939948196,-0.10378079185342441,-0.040416878955152426,-0.05058682013752138,-0.18087991077633184,-0.07581481023721305,0.005816350387120082,0.015933530899702498,-0.09235852554887722,-0.09154787438617758,-0.05145236121677541,-0.1397334362372684,-0.022564161313084332,-0.023809251046978442,-0.06739161237643791,0.02600157369706995,-0.07057578617047897,-0.04522600036800443,0.027127882473299583,-0.08427900863159826,-0.053330294467149916,-0.012989933766108781,0.02029164644284371,-0.0631088654612564,-0.20602165190037638,-0.05485027268394521,-0.03482693855663801,-0.07262038630976948,0.022690177659032938,-0.08230736532417274,-0.08368029286478712,0.03797614130730577,-0.0715169895964396,-0.005615264257508869,-0.033929750409405844,-0.1282092715477197,-0.1662273428687509,0.02490480942300052,-0.1373397700175901,-0.021283497586793258,-0.049755956382893735,-0.012482250688172297,-0.01646593488760976,-0.06772805793164997,-0.003576693608455128,0.034743731591370515,-0.06856318366943584,0.028205955327635014,-0.06882421925669574,-0.08126004287004486,-0.034915572063118606,-0.14258839986438152,-0.09335881797915824,-0.16860987087923282,-0.10244827451109706,0.009389725145730228,-0.027220133673922252,-0.08393653358614943,-0.06288758316956675,-0.050462009689620134,-0.07508162422442118,-0.11404720487958177,0.03562977592310318,-0.10199606274333893,-0.11512588068294088,0.04066107330974183,-0.10965592714013829
2015-09-25,-0.08040049259456732,-0.08803954796514299,-0.16160133340253563,-0.11017993914918292,-0.11547721278292339,-0.12619373970812356,-0.14285301431072148,-0.17166908874723388,-0.1291533176999042,-0.16671778200331228,-0.1073911597204856,-0.17942367851126975,-0.16875728393547199,-0.07276622046909724,-0.16307583831253486,-0.2708291064881876,-0.07756123224135246,-0.10306149410915404,-0.09040926870467444,-0.14702495382662448,-0.10443453069043451,-0.1875834556169464,-0.014121987930489433,-0.16663992941365205,-0.07597940916961957,-0.18194857954411411,-0.14956412088935178,-0.11641380302822982,-0.1678725954166057,-0.16174819169666743,-0.10059852127263035,-0.18435672887551702,-0.15977120775317424,-0.15722802315760667,-0.12562576967901143,-0.08093366487527072,-0.14337321115981486,-0.11927724486762702,-0.1329568885386833,-0.19015671962215544,-0.167645255186231,-0.18445283784485159,-0.20321354257592988,-0.1260333161900358,-0.11140410684206305,-0.14757902037850512,-0.22086602748904166,-0.11397619126258028,-0.10784824878856651,-0.14052451412906544,-0.1593270941167034,-0.12822557433978646,-0.0858035802754566,-0.16879974898437758,-0.10870934561359637,-0.18587718636022627,-0.14918679431345813,-0.13360501182851556,-0.0925487813778973,-0.15120152496708958,-0.08307545720820271,-0.21130372418478902,-0.11650758001122966,-0.11031004204039843,-0.14782437399440407,-0.16439107543784526,-0.10854361396439541,-0.16114897667175232,-0.18665217350275315,-0.13041488352780753,-0.17237627518653476,-0.18037391376791512,-0.1098284927839645,0.006492434143786655,-0.1327280491084699,-0.1533017981149366,-0.12083370686848574,-0.04610819622627266,-0.12981624429670802,-0.127718942714649,-0.11255597129362695,-0.06676070912557219,-0.20350254082542618,-0.14025561018017887,-0.18806177720948009,-0.19797804349574966,-0.1054601795799735,-0.0323005676161537,-0.1687920816838807,-0.09409429128192545,-0.06021956789453569,-0.12380449091483871,-0.058067415624306985,-0.13296809459325562,-0.17403356626199046,-0.14540917433789913,-0.0673023841765791,-0.09629803946590013,-0.1659416152760936,-0.18816925814247223,-0.18956456810686093,-0.05384332284289347,-0.14033401120133623,-0.1488110965891129,-0.10442804297462949,-0.10031129240017175,-0.15854620905071742,-0.10770125440181758,-0.12080598662822792,-0.19435545133269477,-0.19373973669011943,-0.13647828398687362,-0.041360367841690296,-0.14670494812186527,-0.11988826973799065,-0.1512616837863725,-0.11795139167401941,-0.10609715531355718,-0.11617080858171457,-0.10507917372451507,-0.12808579355380556,-0.12263552248524338,-0.10734574570985046,-0.18506389000253373,-0.14287483662752018,-0.15065183850070069,-0.1077114169643152,-0.11035191729695808
2015-09-28,0.12577960565727436,0.07442050903687064,0.08311142006276744,0.06798779445918825,0.1353777886854321,0.08553240726569375,0.11703499637966032,0.10492480939868917,0.12585341090638152,0.13361844272815704,0.12491698857581238,0.040703157302072704,0.08319105971891864,0.09034725167879154,0.0960520870836924,0.09580183882426883,0.10300587292190289,0.07457539083697799,0.0830539511533836,0.12105777548661037,0.09226647987593001,0.14061475244816654,0.09506232773143618,0.05727520706997697,0.12598731054804235,0.10987792925873083,0.10402296177642222,0.12224891423457077,0.05555639075480142,0.12143909853685739,0.012537265576595225,0.09333651012780779,0.06602973483956588,0.0940701868135964,0.1560768062759413,0.14108529737626874,0.13246116860411422,0.05652373544270402,0.06147218777711045,0.06748308563423738,0.13557036366093625,0.17066924173380127,0.08140777320590642,0.1344859995687499,0.09390394729758171,0.07456786048256109,0.11663504777679105,0.0832887860369064,0.11593433549080132,0.06735968792525583,0.12082590235652829,0.14715658134630155,0.07255697772009076,0.09942938140390355,0.09755420297994762,0.11009730296358688,0.09416178700418788,0.04844286768016499,0.0901302236113429,0.08846828089025698,0.08349209439517137,0.05170188974115336,0.20194808133762873,0.0632475978406132,0.15179785214983904,0.10657302938863174,0.14814872226414133,0.1398182476857106,0.07823065825919767,0.1663663908016217,0.09251735937882392,0.09716768768417369,0.0581391538510038,0.1287510879418099,0.06322921945842447,0.1430920416790679,0.17721982224250232,0.15900772065451713,0.11950557604246101,0.12541524693737377,0.08498193096108812,0.17210852274177643,0.12168735255658147,0.07641502395531272,0.07949671317862961,0.06429343405631345,0.11573654909200819,0.06916339486292222,0.07587558844674333,0.18491336309113174,0.10849196586541802,0.10454850539165761,0.1190213202578053,0.07358470852089921,0.07946229017706974,0.06927512375781568,0.08881455294832102,0.1402419106948426,0.10137836507696665,0.05219438981579569,0.07717199369193004,0.09457690506537168,0.08052590258119907,0.06343604918813586,0.09030115986314359,0.10933182875940824,0.05762556321297184,0.08153725820440048,0.10070069869880087,0.10979478895835318,0.0015531196081373033,0.11383599099741068,0.18240544322324914,0.1420459324960707,0.11523187288269834,0.11530159404687468,0.14624583040672617,0.10954215913334604,0.06800118097974854,0.0799783434801155,0.05254846220324423,0.0729260039656266,0.075126450582288,0.08126783040134516,0.0549913284325857,0.09012904485534427,0.07358908432618225,0.11479808471897363
2015-09-29,0.15249888797334052,0.1766100108971428,0.22866155742068153,0.11776585813623278,0.12326622282826662,0.11358947621721345,0.2817944099695925,0.16651173643874378,0.15458089355899576,0.12736898138357994,0.12929639703362333,0.21455945514339675,0.2152927364606197,0.15063914188001779,0.22467197036540104,0.17157236923660282,0.16166344604300809,0.1250017136148523,0.13557041498647338,0.2614818757884452,0.12232584933314859,0.16210271480344474,0.18695494286735165,0.19368398025332334,0.1083410020636298,0.21488088553781987,0.18778272822068443,0.2509685934503453,0.14765468108533802,0.22151483552943405,0.08076565769996427,0.15779344742848395,0.22882489773000722,0.1619714591977366,0.18174147020862352,0.18077251215937348,0.12968549698476708,0.09563545943107986,0.21400234801694654,0.16433464345873108,0.1750701852891634,0.20561948999905208,0.15179535792674478,0.15516250173184482,0.22148482488093527,0.2604341643757702,0.24125217847845584,0.11834909615931515,0.1896477245382355,0.1948425297330407,0.18100877224964815,0.18101285575738132,0.14933241940541211,0.19876503058984812,0.15867665181533797,0.21814010806711537,0.17581105026360502,0.2755952123132003,0.2516598749105164,0.1863225825269621,0.1625978626233489,0.16983279494228398,0.10778681172841759,0.018863180615005436,0.1708659223987691,0.17481525773496576,0.1327230433799777,0.1890496560809166,0.1905980151235626,0.13769150557471724,0.15790720228676433,0.24354918709745796,0.2048909054290119,0.115076456390325,0.11556939410954009,0.14406644450440073,0.14339674923616533,0.17114476764111802,0.2146492923135259,0.16387262372663836,0.126921545607677,0.163539425292396,0.2322515779478324,0.21066031933910387,0.17575971473781696,0.19471710770980843,0.10912970241437396,0.17839999416641752,0.19952864653594582,0.18658742717136878,0.26159271385548755,0.17258449579617466,0.13589884567986757,0.09860941977730299,0.10586814645208806,0.26354988077615815,0.1334948263415417,0.2439325958221959,0.10288135222441792,0.18265455905745762,0.2186896315363469,0.1944073444803372,0.12747515258464162,0.23269022947855064,0.027749476800571694,0.17939111982907602,0.1430677351845235,0.14038328431669495,0.16564544944106988,0.21643728534239487,0.23636946994611233,0.16388429089159018,0.11735563706366628,0.17783180323326309,0.0681417852220772,0.14681056170107268,0.16513326089968428,0.1702685635532351,0.10087926671868279,0.18659384411209232,0.15104107571260858,0.12540481416393826,0.07575752714438846,0.14803796904379998,0.12750840400475438,0.17023589549136994,0.06299423204532693,0.12793950574972474
2015-09-30,0.15876395045534553,0.2734322099499879,0.19587412006992588,0.18692584146485436,0.2145784350893441,0.1684348434231264,0.3240522875276474,0.2734583259389048,0.2501128171492853,0.1705732631661486,0.1288016247475514,0.24186564898252652,0.19542956013729257,0.23585052350905616,0.2726086041328114,0.19349627603052236,0.19141450711727906,0.18809924092616587,0.1967164284600594,0.23447695987987538,0.13290910806878306,0.17872621205811715,0.24765446929914334,0.2271376258890625,0.1980951307595204,0.2759697466716816,0.18781005153082245,0.21225247128352762,0.17777060200842587,0.2902132560894051,0.18087476931804713,0.2268749449362457,0.23423388772452375,0.20883493543655043,0.2533931983557451,0.17747124709738368,0.20708979171709851,0.23159008294742145,0.18926654618187305,0.1677699415788794,0.2236932887867829,0.17426928256582833,0.25333654752596624,0.13421297164048357,0.16628278258455698,0.24951205738871543,0.21259744502065483,0.17387302491963808,0.1268582031238734,0.2094807548960298,0.20611003052418572,0.23860166670047633,0.20438128572914355,0.2454024497343014,0.2494574564974221,0.2557319831388274,0.21979657283650406,0.2657302353183821,0.21472890094063737,0.19884143090129183,0.2021851227033283,0.18424489736536723,0.19254513841476095,0.15343430002219974,0.12389983716036725,0.23639884390886343,0.2167687350659533,0.22613531599981032,0.2979201542374304,0.2188448388962187,0.24520924058852914,0.2239085619720357,0.3116237382556629,0.17724494194053014,0.23355437592943906,0.26572101524015607,0.20564638820678477,0.17740416058843503,0.30517951083020245,0.21920621155775563,0.2137614704914801,0.24460131776153868,0.23380990098796803,0.2903337136432508,0.2691343768154653,0.24167426483921373,0.18733922532034275,0.2485164563985685,0.21613901636862157,0.1748331074032593,0.24484428997984828,0.25357000857710765,0.25591296763185784,0.23122364152743063,0.2003775628750858,0.1661386958435093,0.2544475001141565,0.2630515762907256,0.19344529028372132,0.2736469024817297,0.2615935550473708,0.16643178934704955,0.20285618575904335,0.18279791590790953,0.1954537112805141,0.2180204202418048,0.15425275543137373,0.26688885738554263,0.24521401118472105,0.2380268098593516,0.21102940968482753,0.27941411712223835,0.20494421607978852,0.2821795721022342,0.20633991362818319,0.2410638906600242,0.21852819057398087,0.24537472064393595,0.10221896827946121,0.20189401613958813,0.20260990373063617,0.24602203091472527,0.21253304197206407,0.2759118106958203,0.2132223931217946,0.2558414086889793,0.17360318807253336,0.12278918273443896
2015-10-08,0.03250035704341127,-0.022784544262023993,-0.03729668605641162,-0.01620857053646332,-0.017928012377145672,0.02573781968327399,0.11411964698333711,0.012771513939790445,0.05905361972336608,-0.13369820470476593,-0.008783616637891968,0.023664613021432412,0.02894898847842753,0.046695161955726094,-0.0233832470827646,-0.06487542546191195,-0.048116928735733325,-0.010503210635752335,-0.056001576627004085,0.09397654267725869,-0.09025048732610176,0.007559994885115598,0.06858988262623185,-0.039658879619506815,0.007400869186324052,0.07041525558478315,0.08982950535286206,0.08236827814285846,-0.0459236157035395,0.14736076159008835,-0.024213017489106724,-0.0074773836506855035,-0.0031462381939225035,-0.0030194253764947577,0.038686444793558476,0.01123055530494128,-0.004930153116007039,-0.10195323747285935,-0.005359365728839408,0.04684117959887007,-0.05850734912521578,0.011540576062931705,0.056975840483973014,-0.019398093327397014,0.013865274490104752,-0.0092305098839234,0.10470227109680984,-0.040885244918814075,-0.08906740909428186,-0.0025789337390354013,-0.04039719847481932,-0.07521829104485901,0.01729684152323968,0.009476209717689655,0.03445833475095552,-0.06497541249103768,0.033965410890905844,-0.0030666753445267305,-0.0010507783213303816,-0.11833678283981651,0.09920979438066654,-0.02126858238445626,-0.010576676715079466,-0.025762206763548557,0.004076300467893782,0.025183013607027606,0.10266777892490413,-0.042193072839363334,0.003385536419116687,0.00306880968179226,-0.08158209964250712,-0.031191380509673912,-0.071594066077555,0.01705906749056266,-0.07612549043107288,-0.10589876222278075,-0.006995433976759384,-0.012041730562574047,0.11030063021234,-0.032522915092665236,-0.003191963969437315,-0.07428852838798637,0.06052523682381351,0.058369571018231495,0.020343702365043327,0.07475280265011823,0.07812096327453927,-0.021711817568446506,-0.012717252686179537,0.0005907770196513721,0.033648378847336485,0.011846026048916979,0.030057381276906568,0.015830568321731377,0.11049145911548848,-0.03616939327071979,0.06297872029355756,0.06637553573730122,0.040805377230914874,-0.03986434077082004,0.09560467080038283,-0.022317226836262614,-0.006582987481615779,-0.0165377936496938,-0.025825308333758998,-0.07406264827834799,0.0976321516867096,-0.05618480169470623,0.0241947271789008,-0.05580526063079383,0.02354694894808397,0.08564193883121558,0.003115144666572431,-0.021968186749832884,-0.0010120638313945076,0.04860253647170062,0.03038477782959263,-0.030138163480316078,-0.10242207909113787,0.03220405401807529,-0.1241445660072045,0.02567776649809787,-0.053399475161707836,-0.006415021466224704,0.028352419527210945,0.013371436114544782,-0.05452463407787565,-0.042279271395008984
2015-10-09,-0.003890433954373897,-0.06270585388906169,-0.05553648139251922,0.05620605722307762,-0.07268772544198655,-0.04783015429374946,-0.05151724091850328,-0.0393682815450423,-0.010575551956444494,-0.07889786940287707,-0.015499419700353947,-0.04488758127905634,0.0007597199352961902,-0.08280708764136545,-0.010808715610055804,-0.04722100679460892,-0.010027229758246027,-0.009335789204889722,-0.04085373080628469,0.022703077422485014,-0.006267987629433481,-0.03773971392864207,0.03013774396384157,-0.0359975461178353,0.010609542565794479,-0.06309432319781272,-0.02970272822490327,-0.10244441678522039,-0.005155838744561114,-0.043208922238350864,-0.04248229842268492,0.03659476708737936,-0.03689024685813231,-0.10808536712111859,-0.02296393641155494,-0.03549156309970436,0.01400383288895454,-0.005321021179472454,0.06104057480129775,-0.015965448844336656,-0.012410150371624028,-0.01452204059992188,-0.03843413611439749,-0.06709537571419402,0.06325384053116573,-0.05089736713052393,0.0373509090637966,-0.005332053219349203,-0.023684596962422637,-0.02400542060856812,-0.04463026640301214,0.02199490588184041,0.023036986405333415,-0.01565953336018678,-0.025759514948971374,-0.013640968225981438,-0.05184999109424525,0.004124943032254247,-0.026919974305189255,0.011080640484855698,-0.10650158131409876,0.035496631874782865,-0.04610557811409752,-0.03269509007256819,-0.039450872762497965,-0.02519568826229747,-0.05218482841266661,-0.010358808901179357,-0.014058098598618552,-0.018057958462040214,0.014230138788047872,0.050313555918977876,-0.06881249781284818,-0.02203068547062987,-0.07375216820847297,-0.057962337512444576,-0.15380571832924958,-0.04126638873032313,-0.03858769018295226,0.015545038676060509,-0.03347299796549902,0.01680388888522978,-0.059110564149346324,-0.0382406281716945,-0.0536899564477432,-0.03642451587738951,-0.041800100929765896,-0.047248139649440926,-0.07416512429575133,-0.03065356636888961,-0.09072212900807371,-0.04942950191263831,0.007429035285651443,-0.01370745862848185,-0.01727587628375061,-0.010609542565794479,-0.003926809869643181,0.025936623913479197,0.05348243483276434,-0.004060685164363742,-0.08055834048594791,0.10158749563371282,-0.10545198938621436,-0.05847696726453298,-0.008392698877047551,0.026384465099827267,0.020513332742716873,-0.025336145811035625,0.03775670923331706,0.04893544542410386,-0.0317051881160598,-0.05358560730233581,-0.006529774954076359,-0.04022371188035029,0.015969324966455516,-0.010883256420033845,-0.00462153021863852,0.03468413704602222,-0.034986176408053245,-0.03523245924422069,0.02670141262385389,-0.09973202579173944,-0.00237278306322099,-0.08819043808544218,-0.014796648943880978,-0.041366571578933614,-0.05189859170235093,-0.04201269131982326
2015-10-12,0.008326746456587599,-0.019138456391811377,0.033905097094725604,-0.10603071524122663,-0.0053828595571138735,0.07416490279507486,0.06362699324463351,-0.02414047208758691,-0.00301917981234669,-0.058418749099948875,0.07164723003826512,0.06723802294118998,-0.009396548665426224,0.06521559585575173,0.008169913691300774,-0.03893895180259141,0.033363338283839375,-0.054051547888766045,0.046001494980060904,-0.029032634133443674,0.05030902912473527,0.0065482151924509185,0.04913337970738557,0.007215201686646014,0.05471257115994643,0.03143751541123942,-0.031627226058175195,0.017706603376986794,0.01091448708382016,-0.006564017733439895,0.058391879760021304,-0.006148382005917773,-0.01039419587578688,-0.0037636882057329912,0.04531274272186212,0.035736402882542456,0.03543168218649087,-0.0580725491675837,-0.006780482728873798,0.02054270696336779,-0.04266167821044514,0.08293799649431335,-0.02836496475291108,-0.09304267789273617,0.01588619650665,-0.02003315254331067,0.06704421819321196,-0.045807093909781424,0.04153848218042305,-0.020583853202169277,0.015775408324259433,-0.030352213347481574,-0.009358682199282826,-0.05318598606818117,0.023669224789979224,-0.03298854971736498,0.0336212476792255,0.034726533279577185,0.1033644152306252,-0.038448774870782416,-0.10470935684905923,-0.016950461419307658,-0.0003235048485479122,0.05750902459269378,-0.014575309692549438,-0.015243786992498209,-0.00878710727332306,0.06713883536888256,-0.0051653437753401196,0.011885906744651908,-0.022201079283758102,-0.024054747157880103,0.09455892602242376,0.008455554594819796,0.021158707900787135,-0.04110794347878041,-0.00849461118445163,0.02997891106184182,-0.006343378481895697,0.01564600638484027,0.04013696330624627,0.02335712667123611,-0.09014883327912164,-0.021531117597789837,0.037703968316245375,-0.03552232847199611,0.002632762960993608,-0.06603494269797264,0.022791736523364935,0.02031759529456256,-0.0029825064354393814,-0.013152484681240095,-0.018946948484631913,0.025039871599909874,0.03566394972291375,-0.011339068562467372,0.017869394085874166,-0.0837606254029626,-0.025214295873090087,-0.06209596350747794,0.04927739154319078,-0.1066948806626088,0.03950515982783795,0.07214247570963662,0.059633124630532795,0.012798865556467906,0.004860623079288539,-0.030033757956599398,0.015916438548557277,0.005991846485178658,-0.12333467654962868,0.008626116969741473,0.04056214110719495,0.01105179523655153,-0.0024136145152030865,-0.03115962921875402,-0.05460642579028463,0.02480134267932155,0.04133586929335332,-0.012406783643250851,0.022002205796217585,-0.013549039011718179,-0.013890135368159478,-0.061082838782939824,0.002009009833655145,0.039272295969113594,0.0438538402113138,-0.0227771266269789
2015-10-13,0.045221148538022726,-0.0038752351799780423,0.024035807472904937,0.05055008636089036,-0.1429515096324886,0.049076031310896065,0.01911988826973799,0.03459662921878465,0.04626979932905223,0.1467621579794186,0.030069383171572955,0.06204556499747568,-0.02606882168925965,-0.01654308551045348,0.1180988397604971,0.008773750937769829,0.11210360056431333,0.0022081825430902285,-0.003748720150609373,0.08644881310188307,-0.004993771792827181,-0.03446805448737608,0.04937741519965651,-0.01833546444967656,0.02154334501908568,0.10321778908082042,-0.013344643586221238,0.10897357258456442,0.031119803339640175,0.046034472183033796,0.02976446052873704,0.14200078530862592,0.05801020576675364,-0.012762516573164918,0.046165406083826,-0.018833249189625315,0.041303157984136946,0.10007362084043465,0.062196551838028864,0.056055633932405084,0.035866773478149004,0.059162070218317535,-0.010088398076805118,-0.029986812243145432,0.08253053982079542,0.059865692486989176,0.038793591552286275,0.03196792473305998,0.04492743194975913,0.006236464265661346,-0.012976021402384649,0.022173836306354357,0.053375027720240255,0.03553321946409108,0.046655523523277925,0.09378465030032225,0.017543963121464196,-0.05840689279130903,0.046457394395393495,-0.0017204242730219543,0.004720415568806502,0.09620633767263222,0.004931843596506542,0.009060390017882504,-0.00403005109960885,0.04939451917768791,0.035793317888637766,0.09751614411970612,0.015311599092191621,-0.004066618225055323,0.06558137011121125,0.01586277407306562,-0.054899640934419805,0.06988272568993908,0.050948032216817096,0.089736650228664,0.07684640391810851,0.04249512831522277,0.12267562836476531,0.056121690675147086,0.07211037138044438,0.12551463083559694,0.010194270312274068,-0.0007670250589534483,0.00962482129291919,0.10145725892827653,0.104537154558623,0.07251260976035558,0.022499398411807172,0.04779205337384814,-0.00705568583413152,-0.04200826092771152,0.003432001660855246,0.05531426495359514,0.07458101151746492,0.07358721141460514,0.10164776185600571,0.05367642743797606,0.06827731092436976,0.0422695576731808,-0.07815397354899287,-0.02260320186468748,0.06593937406517912,0.028144890746865842,0.008016457565620297,0.026229245207347394,0.061422154487847914,0.06170971465240755,0.09451422343221398,0.04158448893313642,0.022033462458537597,0.007217288936911093,0.06277100958294603,-0.07946449214160678,0.05804913206158375,0.0245389003439669,0.07554060366426188,0.11185057964791756,0.06271144055600904,-0.021276169086388064,0.010206356545987288,0.031576892407721095,0.0415667951627591,-0.09413439716144739,-0.068447760912338,0.07994281373414049,0.012432822651800754,0.04203803924714187
2015-10-14,-0.10800416725022331,-0.002913339461445349,-0.1355802935032158,-0.07953523897887091,-0.0491471337866896,-0.1888497152225435,-0.020126070350344402,-0.02498646593191979,-0.11175028000196155,-0.10443287681715126,-0.08422274653402965,-0.10208143285042724,-0.12391858362643886,-0.07733150765957814,-0.11711533080241678,-0.06710635689976421,-0.12281100324971352,-0.13769547599774876,-0.12831148310346605,-0.11814111853378917,-0.12901021384037145,-0.11846278679343168,-0.12423248184717495,-0.10495846084866843,-0.11228591771314642,-0.05648967117066916,-0.0365650098456908,-0.08495163830993817,-0.09817055145969052,-0.10458312347440749,-0.07531909611275946,-0.11398137499728157,-0.11477252781762515,-0.09026277386328228,-0.08269570430005735,-0.07087369408635649,-0.13307245896388303,-0.04755753532367379,-0.08232651084114889,-0.09926416839243293,0.010412543085964785,-0.08586317193314331,-0.08363069650915378,-0.058031235386383724,-0.051762766113570495,-0.046252232580150265,-0.06155505010991385,-0.1075500760518987,-0.08964223841268124,-0.12181347182093306,-0.12633034967116913,-0.07263755633027916,-0.1200099363867394,-0.05405891484212215,-0.14141310332376184,-0.06576977604171894,-0.07898701357819334,-0.052748820956990385,-0.11834723557868058,-0.12259484913685788,-0.000953706553296838,-0.06423658989239414,-0.163039685364511,-0.12408558641647459,-0.1378591275612286,-0.08351005235314132,-0.09631508902323987,-0.07850591003349144,-0.08077824417232253,-0.015495792325607558,-0.039936846135554434,-0.04834540683869835,-0.09739391830490848,-0.03709111178943026,-0.1609038369728833,-0.060850733995415275,-0.16156402860439584,-0.12378118333764691,-0.11105210780281546,-0.06905230245322418,-0.04685154359589727,-0.09031566918222578,-0.0930013234557896,-0.02302293929822766,-0.10704906768179147,-0.057625178435360344,-0.11663413416942825,-0.012421600498327509,-0.1531111181548943,-0.09692780494521049,-0.11527470155222298,0.00218527898332725,-0.12233121931446034,-0.11413188500768869,-0.03359241572747411,-0.038907461045133436,-0.05469341373670611,-0.08475592999956057,-0.12439056540227215,-0.06571703092892207,-0.05874113687847546,-0.051573421813162074,-0.13462351832150599,-0.10689211857142343,-0.12652695496244862,-0.0859653843430983,-0.12444416765795603,-0.02605668613183609,-0.084154604927393,-0.0415859346767674,-0.05294491867410026,-0.08735111652396343,-0.05146841671441051,-0.03260938927107643,-0.13710733573718809,-0.07771689871350676,-0.11631520910885834,-0.1173244868399439,-0.08894350767577583,-0.11103591020779528,-0.09263991056693488,-0.07370771467713029,-0.1316805828676654,-0.0399888068986207,-0.10913799890163656,-0.07788278442802388,-0.09644802100995728,-0.12036293225062768
2015-10-26,0.07359090252819811,-0.12667719762274615,-0.000993151685582216,-0.00416655256808034,0.008605808977626002,0.06341942577108405,0.032075863464336836,-0.04098289269452572,0.04659823669052227,0.040241275446650654,-0.022395316434689366,0.05902646574284502,0.06381945304182594,0.038273886561823345,0.01582577894884976,0.012855357676622336,0.0536985090168663,-0.0029571529012148135,0.1146054134685411,-0.04677467779441336,0.06532894197383507,0.10508832147753835,0.08020052743284177,0.002630242823925386,0.04066219334409325,0.024160292085132807,0.03763252504436896,-0.07391414263052659,-0.004555568149585054,0.031118846916831516,-0.03184042045530455,0.02562406195058686,-0.00636797116875442,-0.018194042021717642,-0.009584563069130704,0.020604086347986935,0.027639428348099047,-0.011619705337852192,-0.041102590339405436,0.028941422541932244,-0.03506994142152615,0.0018945539971410607,0.001576113092838406,0.03335583780840441,-0.00802539058786901,0.015760568541490466,0.07550211256554648,-0.010858891297873775,0.09697711220233987,-0.00315900152406623,0.0130094966249816,0.004810772562253139,0.02311265538666902,0.008941471795776805,0.03022591377825944,0.11648754601196823,-0.00969071003723159,0.007785443806042897,-0.02809083923337767,0.06317240822563651,0.08459799669543934,0.037650837735763096,0.0630933626110933,0.003901747995006199,0.010261814602306296,-0.009338392440981844,0.028896535925102346,-0.05454351946565694,0.028738727001782146,0.036213336774141534,-0.08186669606510619,-0.004851707583185053,0.06717354681374277,0.014572905958339846,0.014134485103391242,0.039071118045644886,-0.020092265993819636,0.04669563217987015,0.07448778794749733,0.0017641287331447606,-0.02866137522183629,-0.008706610570544804,0.05844295622276075,-0.008949375095122749,0.01479677443095687,-0.04362753311252862,0.052911722846395115,-0.02213192515480074,0.019015269495668372,0.015582995989895607,-0.057888491199189006,0.03739902099228972,0.007930251279047763,-0.05825718252987984,0.012240213412016407,0.007463599847476586,0.015633528722050018,0.030237671844111025,-0.0019021765213255491,0.019444659310754106,-0.0607688569319904,0.028412663841791395,0.026274762274163733,0.03044272460672082,-0.030120049115924776,0.08724518552323933,0.03176786787338452,0.03804155428586846,-0.008466349929110478,0.005733630112045141,-0.08013618434094064,0.13583678322908166,-0.050568020375188864,0.013931507257474923,0.05562919815208426,0.029081163896213992,0.01208099295986508,0.0009146706825714554,0.02077149366735881,0.060560797582282014,0.022924357440596437,0.04183545610852751,-0.033537925027620034,0.04477031317363849,0.0980668124599713,0.028978969208840268,0.020003339677458522,-0.011058481474595386
2015-10-27,-0.04655843605298794,-0.14607164023749736,-0.09850008628258645,-0.09425329619295783,-0.10304808098115105,-0.07537459774259611,-0.06737784112968805,-0.07413403325463121,-0.08046813982893541,-0.023753676065188786,-0.0012086610316289872,-0.0321329918226559,-0.10561258072519274,-0.07862395065383601,-0.08098960605771811,-0.08697729191587919,-0.11700889059244433,-0.04852459242399104,-0.04210268076189505,-0.046689181885651354,-0.07053741263283217,-0.09050728231028637,-0.07309815908386579,-0.11356585829141291,0.008937202746137721,-0.05954144879287558,-0.12454578197720477,-0.08265225609632199,-0.04413603202323398,-0.05529490112253417,-0.06227639376213276,-0.04172887389296798,-0.11149975657932207,-0.0343778093565223,-0.048356040535207465,-0.06345004569123383,-0.11281711522767078,-0.069804480131522,-0.09088588881423744,-0.0383521894878564,-0.1039739582140159,-0.050142634090019005,-0.038257326113264635,-0.08010026192092035,-0.12251583512732181,-0.10128076895030753,-0.06733690306624815,-0.06617849703663503,-0.034117782070810954,-0.07935942413839418,0.001133278528605175,-0.09687724498153451,-0.06817909784722205,-0.08315537077942471,-0.022841180747687064,-0.07459423355399006,-0.03641087828638924,-0.120387212785273,-0.08827709207080255,-0.023262701635382015,-0.08755142300441474,-0.13828906063144727,-0.03314430315535739,-0.024147810800099805,0.0163266643627753,-0.0787111910786838,-0.05213561195086203,-0.05124659354696679,-0.08549561635082688,-0.11048930783684499,-0.028320952287721406,-0.13030869763727398,-0.1008586833996686,-0.03320359276447723,-0.044153254243025936,-0.08020275956605169,-0.046098800416573084,-0.04370801751168305,-0.01715869521075723,-0.048086131647976135,-0.03342776395324467,-0.07844472553235836,-0.08676655596661324,0.02758195744627151,-0.09229077021890594,-0.0702392705984009,-0.052477797694925186,-0.0864498967261845,-0.11025354546191718,-0.04808330833325614,-0.11039809917558081,-0.03906678147221137,-0.08871588912045085,-0.044040886317170215,-0.13281606504674093,-0.031169959171666303,-0.0294443492148066,-0.07229891950724937,-0.06628070102949878,-0.12451656065747889,-0.03378943056887577,-0.06102933565031187,-0.0902229745179831,-0.0722881500906998,-0.03597128818448633,-0.08020020726200808,-0.07797825857737362,-0.10838485464380765,-0.04671823566613954,-0.10579863716524028,-0.12016648577528447,-0.05320057377262119,0.008644142678202453,-0.07656151925088114,-0.063385674115618,-0.0846079662028611,-0.04187625092135161,-0.08042240213047154,-0.014115161942604813,-0.09062106189350211,-0.08405092620860649,-0.034197117214442754,-0.06957014500976258,-0.10725267452393981,-0.029507591464534442,-0.06578351530730801,-0.05509839841802266,-0.05386319822802573
2015-10-28,0.20617754601677138,0.11005938641944964,0.1478789740346709,0.1738812777149747,0.05088295649773602,0.1313216917659443,0.13125280895480074,0.12031342808671623,0.11953200340948118,0.17189197368987782,0.1492583240971602,0.1597849727115895,0.11938576858910266,0.12579582231789563,0.08175374532940655,0.20664448113821168,0.17050923594815193,0.10462113324972667,0.10326662616830551,0.09857806017431134,0.10789476061866365,0.09984789320540222,0.12789561883136175,0.16337647731555777,0.15669145695539674,0.16136927736789117,0.15729320774252797,0.10995842188693972,0.11682186002022671,0.12600529381735676,0.11551421583491142,0.2035007148066765,0.14527159024892564,0.15504278639360025,0.12461126381150896,0.12005539985153096,0.16904688774436666,0.17409340058044098,0.1330714280916317,0.1286431667162311,0.19609597868507112,0.15297912512532416,0.21108968090979516,0.15097531285689414,0.11786307331880577,0.15438388278208776,0.15068340782934317,0.14856215601404546,0.1840441697028924,0.1583604535926126,0.13446771655030385,0.08172155083693847,0.061253757502800085,0.1344857841728989,0.10671415440471968,0.07805608190297178,0.11087761218646186,0.10921307173676874,0.16401211153377368,0.14834139225046244,0.08620402480329234,0.12799160307639781,0.1363117432814091,0.09733818750431135,0.07600710057805418,0.19332310630556063,0.08750940081261507,0.0824585456591362,0.2145033323538436,0.17373430658136474,0.20779629207864486,0.2083973935191998,0.1361986344572958,0.12509684882644528,0.08290272166408856,0.16316702884748105,0.0876454725952839,0.13617002536667933,0.12778947154861595,0.15797256432002557,0.12033827106778437,0.16791253451909935,0.12476400929447143,0.11412871946524611,0.05297991558068859,0.1396387660189617,0.000854259780821257,0.13268579727186905,0.12349220043702928,0.09810210917215745,0.1677731203514171,0.10638329106594817,0.12232853261926815,0.1427793875572237,0.157659203990643,0.14076428302467175,0.09599384346059989,0.1778524200445633,0.19830771283518978,0.1732968516492119,0.08736090753941218,0.13147470194479594,0.07029265031916988,0.10138872264483462,0.163938267455622,0.06674913783771964,0.08418947516077832,0.07368016165049826,0.12002999225725669,0.17872943961568444,0.12369999555739813,0.13486550559055982,0.1022921037745861,0.1888665051179084,0.06309383194146265,0.15064501413132877,0.10898502871963249,0.182686248963996,0.09641560952555263,0.13605597349904822,0.14439587516627278,0.14057739605345446,0.11088946906378985,0.2019098057920366,0.12178593932821118,0.1177879132158547,0.118296629714546,0.12811807643456305
2015-10-29,-0.08237533290763123,-0.022846633058298253,-0.09422986477049862,-0.028147177229541687,-0.019770915519243055,-0.04794773075149666,-0.042437146307717576,-0.08013891641359344,-0.028244568319677116,-0.0790249427345385,-0.07371197146241133,-0.03327918732430602,-0.05165721228793401,-0.04176243847879175,-0.022855939433260357,-0.03821612896123269,-0.031431786473891554,-0.03498204825488366,-0.04788167149125873,-0.08724677989338182,-0.057915903738681045,-0.07624254927767954,0.009930908789101467,-0.10263124761101428,-0.0367814573350398,-0.03867628534665072,-0.04380491794324011,-0.032618030112864904,0.013158778795770014,-0.050774163715180884,-0.051985814761938046,0.006051479925043466,-0.05036651597251608,-0.04707766818716637,-0.055398876540897535,-0.08890051983557742,-0.05805084530446623,0.008712482433601952,-0.045752530718974824,-0.05299138350111536,-0.04375663768529049,-0.08639817247340234,-0.0023871671135551192,-0.10043774140567803,-0.11095643955167082,-0.05968708236574407,-0.034659091871498245,-0.01477807758519198,-0.08652182185795024,-0.057787172872576384,-0.06451561906279311,-0.10074545334439314,-0.07766875176794451,-0.05077106553178803,-0.0854744720481951,-0.020819959156183784,-0.046310364472095085,-0.02550960202401463,-0.06648583176878384,-0.09488763432756855,0.02711708995481461,-0.0566348057773148,-0.09814655783263955,-0.09457822856166784,-0.0790610777144977,-0.031199167540404166,-0.10077086075217696,-0.04194085494234033,-0.038173783281592995,-0.008961475029883361,-0.049539363696887356,-0.07170140871392985,-0.003630436267776589,-0.11340173007510543,0.0024283835750710902,-0.013410029828298874,-0.04495022124206805,-0.04333431010701726,-0.13902086625712143,-0.06403231370583871,-0.07459502003516444,-0.0015515459210025688,-0.04996225588422245,0.03344745026710384,-0.059864934220230794,-0.07000305453503583,-0.08483138232673358,-0.0253289271242186,-0.08178079956548989,-0.052869992552814896,-0.03795866722902334,-0.07870198635115308,-0.018353182164906032,-0.05102146248427671,-0.02442837567054773,-0.045433526599022445,-0.10089846240015792,-0.029789903321995083,-0.09192625979809915,-0.01509143561452573,-0.08423684898459224,-0.13251261760103109,-0.07757050979118041,-0.050566387580415456,-0.0556772288083958,-0.10782226332577911,-0.051750937392203204,-0.04136608875627845,-0.058023744069496806,-0.0289153238851699,-0.034292095981287546,-0.036081906707392024,-0.0812839435910508,-0.010336862704580682,-0.09686094299877838,-0.023465152611010114,-0.07926998306738688,-0.02888088273239628,-0.07734918303893026,-0.019800275190459907,-0.02139924805365482,-0.08876727209697785,-0.041806477985617034,-0.07452726694774094,-0.05249960900823302,-0.019763010992376973,-0.11970728407798707,-0.09191327378967631
2015-10-30,0.1597826244633844,0.20397798893330563,0.1668243983893151,0.19039383988570957,0.18714077815301713,0.1489743524233525,0.15385673742096106,0.20437223765397036,0.17657922237616222,0.20627164897462216,0.13053914963162402,0.1686315328545345,0.18533751157994158,0.16330213003629837,0.15684385526807193,0.16666857759151907,0.2023100985852656,0.1703933577260686,0.1526413904537542,0.20137658300636918,0.18972591149517554,0.19337388634286812,0.23700785389590723,0.1917560023146882,0.1884898436771979,0.16371461310564137,0.15630235036792978,0.18454984297264293,0.1659781588438378,0.18292090782405193,0.194345556105011,0.11325271080662574,0.15530747325292363,0.18530435821870841,0.1666757608197863,0.1572734675740521,0.1474981990144445,0.22783542395472323,0.1659778825658275,0.16152925404435328,0.17721219977750632,0.19138219816678392,0.17945030345895696,0.14989242425150173,0.1328847499388726,0.1829416286748227,0.20416889703840677,0.15015461208325426,0.22675876854867516,0.15487951861500515,0.21407816043299857,0.1692570262698008,0.13018357983239798,0.19713099100461995,0.17236764038750535,0.18968668001771627,0.1654026717484316,0.1705511595892502,0.18711204523994837,0.1877264875348036,0.1628408357374104,0.1992083253638899,0.17159074662260748,0.1824390789741295,0.18157460507997394,0.20911814131450224,0.16209313746332785,0.19300980524943803,0.15096907965754974,0.24548461580721467,0.19668839363215682,0.1159873105523438,0.2227762210305376,0.17005906133363385,0.17965336779651028,0.18283995836704087,0.190802014345203,0.1679226034801647,0.22184184879978203,0.14211326431614274,0.2016959325684207,0.17215467760391046,0.15202335654476534,0.13971461863092108,0.18632271896458807,0.18315740180084872,0.20771299135423538,0.18513057935024438,0.15624239803969975,0.14735895489726508,0.18576961038801423,0.11285889209311718,0.1494804937381793,0.14941722607382593,0.16541565681491457,0.19091114415926227,0.11620032089826708,0.2033414724868831,0.18761431866263126,0.22754591603276994,0.19065890233587968,0.19505669570346304,0.13591717737966885,0.18415006869177267,0.16778197797293387,0.1296020146207657,0.09807510203406897,0.1387346605284699,0.23208513230879826,0.20271097797817703,0.13412164659088105,0.16931090048180478,0.16924652770541027,0.181593668262683,0.18712364891637998,0.21775486819375986,0.16673875220612933,0.12039670759635879,0.14612730752745187,0.1860309693857359,0.21905116461797783,0.176460146553733,0.17009442491894924,0.172854718519623,0.19059784489560855,0.1557876444347844,0.1321562048257731,0.19221711031383987
2015-11-02,0.42378631656886473,0.4310603074933404,0.47991413320956144,0.4724310989862844,0.4281940937840681,0.467956326183293,0.46629756102951736,0.47942346583562645,0.49674104034744554,0.4843544519223331,0.4619660953265038,0.38805766446750434,0.4545906132237068,0.419878659284554,0.3838803611488689,0.4230110842201814,0.4805202842334428,0.4679519057565008,0.3968183978163092,0.37502773127888006,0.4006232801777011,0.46357955110565924,0.40347390290532553,0.4961105769762071,0.45612339621390446,0.46157488755539344,0.36299638118948246,0.4393456663240836,0.4551564278531092,0.4592613466830223,0.4261136712749615,0.42957265523986343,0.4683817922620429,0.4535291582402281,0.4199162329122877,0.40870050503376104,0.5142127772436429,0.5053896053663982,0.4871956812430241,0.4267408193261059,0.39134756710760427,0.4514084584866669,0.4904364066350606,0.442903557338461,0.4350003867873443,0.45120732906762145,0.4072494999392191,0.4422504392799125,0.4204383958271172,0.4647736188929041,0.4862104786217109,0.4497193028986949,0.40425742355424416,0.43492302931848076,0.5049116467194908,0.47921791598978886,0.47561084772734813,0.46922523094021407,0.44266485429168195,0.47870183116179865,0.4029598117673553,0.46322149653549055,0.3951364254218745,0.45918730453425277,0.44967896650421607,0.4547812441291207,0.48296367514283506,0.39288763692476275,0.5117312601531677,0.5143862789952369,0.48291007746797954,0.42449060445062853,0.44905458121981673,0.38218789024080274,0.41638541701201254,0.42409298367757403,0.4508487219441037,0.44477339787156456,0.4609819978118887,0.465433367591641,0.4044513697797522,0.4173842268544241,0.40649029163765765,0.42800506138867705,0.41762755694062265,0.44813015946689655,0.44695598360021654,0.40785067798295926,0.47052569925626325,0.43914674711843427,0.4702251102343932,0.4789742399628684,0.4446965929560499,0.41671308114798483,0.4413873509487341,0.5033048215805236,0.43137066383759354,0.4548624694714275,0.5002630153941363,0.4742450668714242,0.4344715932323266,0.4402430129629015,0.4561057145067357,0.4612632474665429,0.44507619710683066,0.4152532351998586,0.4602078705699036,0.4356367121468828,0.419195150791809,0.3944341301152626,0.4433262606504658,0.3736094994971764,0.5158726475041165,0.45643835162284924,0.4571666169368653,0.4151084662224138,0.5011321818121539,0.49163986782923896,0.45147697510194607,0.43524019494082156,0.4191244239631336,0.4020764954856392,0.4912011404701125,0.45490888395274565,0.4603294323066892,0.45072550254727095,0.4470112389351191,0.4725458343003017
2015-11-03,-0.05700064026631464,-0.05376460043333947,-0.03261236560900393,0.014476570215953138,-0.033725774050356316,0.020804138356243274,-0.07030225764452007,-0.016008916301270708,-0.08190666114102908,-0.0922294027907481,-0.00973724238314575,-0.013374451906062653,-0.06887379752452942,-0.07484622880882234,0.07663942617684222,0.051614272857338044,-0.04236598164569898,0.023355040657475585,0.014892684816202914,-0.012023914581426166,-0.023964253491258164,0.013511087221887848,0.008850242047768157,0.012853882644943531,0.032612930217747006,-0.03127254906167672,-0.10423919536478805,-0.003601074563359828,0.07843488197983443,-0.03165083691953986,-0.03204775686592461,0.024001521056168793,-0.07467741079464163,-0.052401337445190606,-0.023812373739369827,-0.07982269027032338,-0.061857969283025935,0.019670404000140022,-0.04266240123581562,-0.02630794438378037,-0.03429772270709566,-0.05111459411971286,0.00030375950377666786,-0.049631931560386595,-0.10869452295642687,-0.007285711220695393,-0.08808404539905981,-0.024858593740295785,-0.042857755860921054,0.02400885758196143,-0.07542664659670788,-0.04196906169931422,-0.04511336778952289,-0.020926093844748403,0.02557282380029111,-0.0026418043088680832,-0.030851915548082646,-0.06154406419603466,-0.07416079379472407,-0.0032064130519473917,0.019899369698502988,-0.036521716546085055,-0.0081450457276621,0.0034847651622854905,-0.032979361292005474,-0.012426473826432496,-0.029169381493706306,-0.0017564982955869455,0.028262619852320932,-0.07887358297320704,-0.05727616933293735,-0.019665322521452307,0.02292706723022147,-0.09307518668788088,-0.006209002347643153,-0.05993773494781321,-0.047109824305051326,-0.0013968420303782088,-0.052811808001409256,-0.03866101907361256,0.031284405845281395,-0.10103278231284067,-0.005106321472409264,-0.04401181613177516,-0.029341022551602414,-0.03570529230359238,0.0032306912278998023,-0.039807739430806635,-0.06089869902853419,-0.017944395072546578,-0.062053323908131376,-0.047456494073302026,-0.03456817029503065,-0.01457593931133542,-0.07602513186437194,-0.07861781521259212,-0.022321242048897374,0.07380678411281334,0.02234043874616207,-0.04053298508261184,-0.013628525840448344,-0.07818871256785186,-0.059445396123848054,-0.047130714828545264,0.0008085197200895695,-0.03007840157006399,-0.058997661390586154,-0.002249401549935932,-0.0030714715623514368,-0.03967505637618299,-0.016637325832317976,0.010175943376518372,-0.058578721703221315,-0.026248946475225014,-0.029721568844437867,-0.05036648753513277,-0.04316885527835775,-0.057385703429094735,-0.03241418794018309,-0.03793719066498488,0.004011545119578485,-0.037714170211468556,-0.03425424783387855,-0.10084901640202845,-0.009570682803937355,-0.009552050715415738,-0.02088600662398977,0.022158070122147454
2015-11-04,0.12829811136833819,0.1324860315326346,0.02875102670644301,0.04479433018541865,0.07384157008791861,0.14709592582281683,0.07975499350913201,0.10472539740369916,0.06222811423230163,0.032109039575862315,0.09617608578222006,0.10092021409416553,0.0783815817722909,0.04459367691400433,0.1471043949599402,0.09182831308764866,0.0701425228740982,0.0001753111384539208,0.07794429199215384,0.04857164433284436,0.07185921696900688,0.10624871286762408,0.13961174934688786,0.06556269582234625,0.07591226369168472,0.11531972333590328,0.12985006789432155,0.14352561991617152,0.15942444873331793,0.05719490603987819,0.16138448936823832,0.09039420586809001,0.041843748090043556,0.04292215155042033,0.13776208979914212,0.1424672600803201,0.10467458258095891,0.10740446778039435,0.1619581322560618,0.0497053657771044,0.11702012635396897,0.08089889162992958,0.04179970857700199,-0.003717668892592082,0.14890443195780026,0.07065208262435477,0.07435083711070463,0.07281143028624533,0.09596830961812652,0.1994179726664742,0.09590366187141806,0.04684900812995985,0.0841846345292294,0.022107270937723893,0.11986256848888314,0.09890032489023991,0.11087794321926238,0.06018599942580136,0.055460716889983164,0.06832702217941677,0.13219067209521831,0.10664817383527671,0.12767450057148683,0.06558217483773002,0.13339229734804997,0.07040676989041775,0.12430180786438699,0.18231083034942136,0.06489871547187344,0.13896162153512123,0.05635985707483071,0.1788326309124398,0.089086865975618,0.05605764998915433,0.08309324505859678,0.1283935303132616,0.14894530306599177,0.11230104056056063,0.0653388282977183,0.07487959357177419,0.10541478516554213,0.16182948454899584,0.10860117218522156,0.14280209345809333,0.05670115534558526,0.060441690908410464,-0.021645138355358248,0.08736648934648243,0.19502446663143655,0.019211390650670238,0.052131773562952156,0.04980671311801417,0.12323639041426607,0.10169796318666238,0.06703858411838022,0.08974434074615614,0.07899954647772671,0.04007454534496993,0.09311562193040207,0.09881592977166237,0.025614905229656208,0.08209049922318884,0.06276505752592378,0.0763808892791783,0.11210314505644438,0.0651045155039715,0.13906210234758065,0.053196648930406105,0.08359405336715918,0.18620978871342495,0.022068030602385578,-0.029024015226386556,0.12104429542216512,0.016226873599769383,0.10627948406583901,0.06702164584413348,0.03585268048896609,0.04045509190638037,0.05397014092786669,0.06891675642777464,0.06289661145590691,0.13353994263856753,0.14354707506355074,0.043703859075803785,0.1110735802868124,0.13070983931650543,0.06087276998799039,0.0007817013564877725
2015-11-05,0.07772436591164783,0.10605167151233066,0.030351860173170573,-0.052248295931117315,0.0022372289304423824,0.12558616956152924,0.07723061722246768,-0.0036056500712697043,0.03295912135087749,0.045676501332713115,0.06356930592308177,0.09587800832763543,0.10101210103232308,0.03586464248336064,0.05419199060334713,0.06260247449664419,0.02384096823903829,0.10993699956672298,0.001765821810908399,-0.04732199758384764,0.11041846039259776,0.0699522923709898,-0.07568402206371223,0.08584664355650944,0.04513192557258796,0.0528783136917861,0.03837081877419425,0.11689025457984922,-0.0374754696548488,0.08397609563788465,0.06210649165049943,0.056333717189678674,0.08670400129168084,0.07748531111643392,0.07101910232159395,0.07420947846706566,0.064574676557159,-0.016498411374827687,0.14926877438954714,0.09418507588769763,0.02327713587625445,0.1165277626123403,-0.009091063958643225,0.056266405344993116,0.13884118418785935,0.11263475982918734,0.014773642198144109,0.03008543695514011,-0.000600429768081228,0.11277102767633841,0.08042378606414516,0.05317489064520569,0.011531880442486243,0.06756062734036833,0.0637111748903349,0.06233660981785489,0.0602621950762089,0.036001519786819994,0.014791240314973574,0.06268402122585268,0.022002214353326922,0.03557420704534468,0.10120312145279774,0.12187856854259568,0.004917658748740471,0.03007873448424626,0.06052470851955128,-0.004194413100149476,0.03802451372890319,0.0581755005945604,0.046531066371678746,-0.03204368448342993,0.09382314245942983,-0.070546597825047,0.024077788877287593,0.039395169026695126,0.07247074580935323,0.07251151917395747,0.06255108888645802,0.09144990922376643,0.027405565676083175,-0.030483794618751656,0.06073289159304606,-0.07650730890517325,0.0649500149272145,0.009354975056365105,0.1254219414884767,0.11851225253616048,-0.037488874596636496,0.019702192462087084,-0.012051323619539178,-0.005119316434005602,0.009245779328442885,0.10357579614921997,0.042083418394369375,0.02520771376214215,0.07494339902994201,0.06102801202713778,0.09309871706365307,0.06085343435467785,0.07738309843530274,0.1163797497134345,0.11358817058614673,0.09319646143085503,0.02377003375541173,0.09992071535510813,0.04304466442839542,0.06389020455967061,0.048709655483344945,0.09702301377200115,0.11086055968192221,0.14165087745878716,-0.004359119507586462,0.037930421052344086,0.09633489342689941,0.04955667344101001,0.021082901466219793,0.019691021677264005,0.04639869257152525,0.048347435983911585,0.03189566263572025,-0.016478303962146144,0.08343096133851834,0.09453881603974762,0.09926108051130526,0.03683203244903938,0.028133900846548005,0.10608196172427801
2015-11-06,0.15551133543042753,0.10982514751080025,0.1376390637797284,0.12530983109585686,0.11664843680204426,0.054700937352464445,0.11464925919783693,0.11793286232078418,0.14040048156557663,0.12038510658673095,0.13448726246897733,0.11751787359208031,0.18585875052306683,0.12858787513122172,0.10660566037567375,0.14770755325530815,0.15662971654069402,0.12106088726748981,0.08204739996987778,0.1497365458743849,0.16489490658385927,0.13405571323621146,0.11377151789662232,0.08036734178521111,0.0943642350184922,0.08960890506051118,0.05231835715233901,0.09720026180943082,0.0725488963703317,0.11862741374495339,0.11916615958611439,0.06767476604737672,0.12561204636566675,0.1155479977728609,0.1345176532600172,0.09209708200691932,0.10461725907558221,0.07889559865912671,0.11860475879163279,0.07439831414506588,0.10225143006884752,0.066360778754781,0.12314459041314939,0.12158112235410834,0.0696346696097135,0.10683923500794491,0.14400236275588438,0.1065600594627843,0.17639146655431626,0.10051976548928891,0.06768858004330393,0.12364329274600154,0.09195120620992804,0.09773624492544619,0.08025655353787493,0.1538530289783846,0.1091971512852877,0.18475647467583378,0.11090930339841551,0.13523321824904638,0.11005878578661729,0.10794644700558231,0.10938861326883877,0.10468853929456658,0.06742749552027977,0.14966663375362713,0.09642031017229738,0.11219979379021773,0.05726177591744969,0.086518990451514,0.09239159640008734,0.1567233156482938,0.16497560170637912,0.15290512189962135,0.06334021915505153,0.0809345779984932,0.07547331930812097,0.1131217075282066,0.1341173236580468,0.08852367754046997,0.12109929017616744,0.15972468668944448,0.17798868993754982,0.1772026488736427,0.15899605404302422,0.12259353051977648,0.08903867560829161,0.13391220431693832,0.10329415454567453,0.1175479881032016,0.08918150002652346,0.14377701850491417,0.09200563335388123,0.09274911542689288,0.10150441323334587,0.09594179335337899,0.08419216097753561,0.1278783415664252,0.07567141200971708,0.11313994200283052,0.08200733938168889,0.1471027561095379,0.14434189088352675,0.09813545590661914,0.05563421091730641,0.14041180904223696,0.1571062994001826,0.09816372884158481,0.13272901706736268,0.11021469022528563,0.11574529361243059,0.12386017251201807,0.16083138154191265,0.13053386554601262,0.05486891554293925,0.12171677579411351,0.1512433632487583,0.11844147735977321,0.10637274167801139,0.12056358341411044,0.11400773722697755,0.08471658707337913,0.06809471152356375,0.05870714187182447,0.12076057099603238,0.14802470219771957,0.09964449682170698,0.15146051926473397
2015-11-09,-0.00816705426178737,0.026021283937840006,0.021902491820700153,0.003665109653547652,0.004415198882230776,-0.004135881813841106,-0.03306329460184505,0.00791066826825066,0.013912531763500104,0.046091184176439405,-0.0157080625522879,0.002187845563380609,0.007083491905482438,0.03815454577522274,0.03363574728552475,0.022503396493051817,0.0514752900407103,0.024994595311716168,0.032515987863487056,0.009237239775122842,0.0602236332361197,0.03093816414679724,0.06884405971277101,0.03166146435136379,0.06064771998189432,-0.012580871753966763,-0.006937070309690357,-0.024259143248359785,0.06479741569624926,0.04676005323931911,0.046013826333561936,-0.042317779112081226,0.023233322996202666,0.01564203210783179,-0.0038173332679921545,-0.0003765669280070425,0.005517271865224239,0.013656698325983947,0.053022723176269694,0.03530556693325016,0.04081208086921609,0.03951328102976319,0.01597439676087133,0.032627604179638815,0.04525600200296245,0.02092308627426951,0.0508871011862914,0.0564717778565631,0.017221792149583436,0.043241652778446264,0.05518432232867401,0.022244806421154884,0.05962300484177831,0.04111376522268324,-0.004128698585573913,0.0449634173384902,0.049468682852071164,0.031226611330305222,0.0029918645819385736,0.0379918180271698,-0.059395889251193996,0.02022852615076923,0.0422365533770599,0.08711073291823074,0.007101173698140143,0.02660944028178305,0.05049118776810496,0.009056265046007385,0.047678677623488895,0.06318864884240846,0.030691171605609937,0.026481250943090923,0.018541587754822373,-0.007365852102012523,0.048112710377633476,0.020480215452899183,0.012803551830249725,0.040882791126704426,0.058333891645827564,0.049928133183161194,0.020573870869279857,0.06010914392962822,-0.006728478380121262,-0.021186963968159864,0.04443213472472825,0.009239592300900377,0.045478952105666395,0.05335315167656054,0.02149083758538798,0.0006315715314923693,0.07337004607712272,0.033691358292535833,0.044547618933023884,0.02807177979017723,-0.009208346082519976,0.017024803549266308,0.015785696673175635,0.018964851315400683,-0.04716590563641547,0.0028130650321903385,0.05364048080724823,0.06446450069386592,0.054194141939842594,0.05951387502771904,0.047774269815044616,0.08318426983617934,0.0684423514858288,-0.02985986757186195,0.03170566445934571,0.01989533207604046,0.010562384610885725,-0.045133610827502994,0.06612879942777232,0.06682945892525706,0.06356438693638468,0.025651584420153983,0.023367870387207383,0.017235603671107373,0.03942873995861854,0.021463209784360317,0.03682924015992575,0.011046699962900652,0.04328723865014191,0.006966908359530914,0.02094270201299915,0.059165488456760215,0.047849693711850126,0.04991045139050349
2015-11-10,0.02485883635516097,-0.013961659104274124,0.00865464788794786,0.047195837390575784,0.03765487388239691,0.03066285994036204,0.0016339011558872388,0.0537745216404958,0.051419537965693166,0.021788295697986338,0.0500569406540875,-0.04346497555779573,0.031554128984814564,0.011889849534116202,0.019763739108479797,0.01529026472293259,0.03830854485548268,0.0009271850319847098,0.046268080246269175,0.03613243207863614,0.039751815000622165,0.005384082807901676,-0.05870827322010931,0.05731970588674961,0.03296645612531094,0.03377870999719266,0.034589587263086925,0.02247180456840653,0.053592178934563174,0.026685026182758986,0.0271386727329732,0.035443001604068665,-0.0014211679989658366,0.035432503084636184,0.027421580203995943,0.054360781067751926,0.014394022695590994,-0.010198482798177467,0.01822708739575663,0.056003523082108625,-0.028417029165188516,0.029138916961688723,0.001001779775320786,-0.007646790022429319,0.01271868001562816,0.02729504541715178,-0.006343315951838182,0.018500048901001234,0.04867887184016029,0.07312163529360226,-0.017062856846059498,0.061884904178917476,-0.017367313909601556,0.01363343447369029,-0.005243734179698984,0.053639145995182186,0.037231617783171474,0.024622077318036298,4.613823651095868e-05,0.040189990048514826,0.03166526663060826,0.08353340380235547,0.005403422185803621,0.024930115776570998,-0.025992123900214985,0.004277317838256042,0.026629218263670512,0.023154265904441883,0.013171221458533689,0.027247525802878432,0.01946922801071588,-0.01793037103711931,0.05896024583115983,0.013367378005824848,-0.011835699275990753,0.07044893326755336,-0.01584447603823692,-0.003976176096640031,0.037672003045681496,-0.01240980252285137,0.0016869463067040044,0.046479451280841064,0.05804908472928474,0.022086122117676302,0.0761855453069248,0.04611778565228834,0.05183947874299256,-0.05242187029466829,0.01964770284106812,-0.032439872492723676,-0.02707236629445224,0.006229489899043874,-0.023700131342007255,0.0497707178611387,0.0287399732232543,-0.00934423484856581,-0.023687975161611745,0.0007042300215827576,0.024718487726958276,0.019709594295656267,-0.047164874827265106,0.0014587416474610454,0.03160883179659435,0.022173978148716567,0.017860191769274,-0.023947675379152156,-0.04210845633638783,-0.03133808483495834,-0.002910852651069995,0.027541484346988006,-0.019881985590508838,0.02114899111991345,-0.03126348576263104,0.05761311187720485,0.05616597385648498,-0.009240354761549644,0.03375937061929072,0.004233113545908738,0.003235754199822682,0.060242162164560784,0.06275020320161596,-0.019966526299623054,0.007482129033435611,-0.018034251152835135,0.011288671158192862,0.011000238150626701,-0.010757667096370866,0.04937232667635862
2015-11-11,0.08050638059904627,0.0975201761682407,0.08148544576950115,0.14491671794262814,0.0870441534697154,0.08715483989724414,0.08527652168078238,0.06852581539765631,0.07871826101637851,0.0898990649981283,0.018809968425562457,0.07808031067918093,0.097327059155661,0.09191350115286101,0.061905782335563216,0.048653143068484526,0.10081036639526937,0.09854720067461988,0.05784083057258021,0.1003761286136742,0.0450495709838175,0.09634690066843285,0.10580682404907042,0.1261605557584769,0.0990200601790551,0.11173150764336977,0.07031695121121541,0.1204206426988586,0.0840306872176519,0.04568970795456159,0.08631517261537996,0.07633428379228371,0.06912112638069673,0.08015269262289645,0.05858537929517069,0.08658030193289568,0.058008108038889075,0.08749431475534156,0.07189869764316534,0.06796986381845328,0.14162062094514705,0.08143187324761139,0.09404164225201282,0.1244150755299663,0.10224151805146751,0.05983176859351031,0.09574776307668603,0.11106239777813427,0.06831644523557691,0.061069941662405466,0.06977219651917342,0.12789072955216182,0.08317352686741557,0.06347634055525479,0.02166407186215932,0.06921077835610409,0.09037575111126993,0.06320383994994162,0.028855362938281094,0.0995596120066592,0.052968134879004425,0.09948526646607748,0.08943440536949254,0.06785998548274058,0.10931582423285041,0.10721503070541792,0.030822786471763595,0.11444790008911462,0.07778293914694742,0.12123516369493775,0.1027171108478359,0.10328672888670468,0.07430399454433873,0.1063671488953665,0.056721820855147945,0.09581500205824156,0.09845262877373281,0.04437827448503547,0.0750879026707666,0.07063154350295628,0.11381155835839085,0.14048444893059314,0.07956149245091258,0.12587301344710936,0.07548914992655326,0.09064689367103858,0.08964158889802543,0.08317462018418882,0.08216111553537622,0.04647525605614936,0.08447129387727591,0.07774877299311375,0.08013519955452428,0.08557882376858894,0.07946171642219574,0.0558695804303913,0.04604886251457771,0.051734656393919595,0.03992519526754494,0.08803771725474946,0.05574275568469307,0.11945415067129621,0.08730189100324769,0.08131980827835215,0.06697494555478611,0.06313084378000175,0.07432258092948417,0.08600685728532047,0.08688315067908887,0.09835532358091263,0.08555586411635047,0.11279585152213897,0.0677845466253856,0.09711305566911117,0.08576851422874965,0.10875823267848748,0.06088462446933779,0.06192600869586854,0.09305765715607825,0.046671506416949636,0.08005538743007624,0.051800255400315236,0.048456892707684246,0.13061091953378753,0.06038497870395768,0.11281553122405767,0.11109246398939891,0.05238517987400968
2015-11-12,-0.004280636708107704,0.045817542361946545,-0.010797183631699831,-0.011540368912764097,0.05490095535242073,-0.039148735134605,-0.03074328197806254,0.016758413672414943,1.9891948043355794e-05,-0.029494785961285807,-0.02128217418994144,-0.030429154965211213,-0.020913620597027043,0.0294621852686592,0.019228606831521115,-0.018752028909649048,-0.0013327605189048385,-0.00570097705381454,-0.017185814278290936,0.03898410632034614,0.012358977830159419,0.000396733852642485,-0.07817673719566906,-0.04351639911540238,-0.05614806239998947,-0.03572566240881085,0.025481585443538776,0.026331137391223763,-0.0679810087152246,0.039755163272871194,0.044252401193006545,-0.024758015833461707,0.0008089392204298023,-0.018171847091717836,-0.018775236182366293,-0.09937823848521246,0.003637187444316376,-0.03527533080727377,0.039605973662546014,-0.025703988473745738,-0.0016908155836852427,-0.009003869260180077,-0.005145936447993681,0.009716111510954676,-0.08942425242890598,0.025824721547286662,0.03959160725562582,-0.0021778920336913018,0.0632442385874005,-0.028357353321084473,0.020513847696766823,-0.011759180341241009,-0.0033026159293093778,0.01897194544635059,-0.014951561725143456,0.09600268541307744,-0.03437853548298581,0.022450838542778045,-0.01619895934678888,-0.059378570017641685,0.02571591812016699,0.010898577311309714,-0.053294396686936384,-0.022433696960006813,-0.05513550698917143,0.019946374623418864,-0.04030799366224278,-0.03666584336083424,0.011818027354202605,-0.026986746573390584,-0.008043806490032,0.04127690300011105,-0.01253441376081957,0.009216880143682262,0.0037960467516070643,-0.04371835764345367,-0.03592154284162667,-0.005854310819982074,-0.04230823954882467,-0.04509974292424228,-0.06906788265414907,0.04626730254614304,0.016561154142048784,-0.04739698664619371,0.006454937140068955,0.038049433984239336,0.0069445000835804335,0.0029453896956974463,-0.004153272985218995,-0.006151308655351622,0.04861951261969162,-0.022501661115821615,0.010865147787514632,-0.022069011245878623,-0.040145542753222054,-0.0012451806921028414,-0.020091972632013986,-0.0024088599853950917,-0.023023548474903545,-0.04325946742896702,-0.01967810960188972,-0.03758638838203309,0.049251358247124316,-0.009896796705681823,-0.019005098693089518,-0.052190393570530146,0.027280977910294,0.02687872222951061,-0.055315087075673945,0.05445779937041654,-0.034874452798788924,-0.0019626722069444385,-0.07587645442609989,-0.046229439806871185,-0.010406527874292816,0.01425368588128906,-0.026896400248122457,-0.04831754179731123,0.005549853504096267,-0.0604513538267021,-0.0035722623361193113,-0.03235922647952904,-0.022567691332243307,-0.024669054621378923,-0.020886821722579742,-0.03012690786577467,-0.012424179215412643,-0.027484870377738398
2015-11-13,-0.013335746037071513,0.003803811250721275,-0.010812811382603815,0.014361597606929805,0.07588703166311572,0.040806486315945155,0.02437707024428367,0.00909295170265682,0.02297975258950156,0.009309984217894886,-0.010968068899801828,0.017292626000026484,-0.01648681761851286,-0.004081523321832251,-0.00826254265820689,-0.02155647051427069,0.011802851395440435,0.03872363018733802,0.011973415991798814,-0.027831022337979024,-0.025374763796700475,0.03206067730138952,0.02406928861688057,0.07935627181853329,0.02364889062136905,-0.018786706262358063,0.0684182797459393,0.0335405438473579,0.02052952656104561,-0.043651416314179146,0.014495803964867928,-0.04002829081546878,0.015624154371546439,0.012326025493885848,-0.003339129982554431,0.06065812794274592,-0.013439615502802581,0.002527308105656375,-0.0327833901103183,0.013454922581962946,0.02143456347505024,0.030453980670949527,-0.012807105124640254,-0.029660745961603348,0.04812709692439087,0.0071806601704080646,0.051625857875331985,-0.011794104493063085,0.023535180890463463,0.025518541004528217,-0.01942195004751331,0.005483214427803037,-0.004947466657190178,0.05112181762583703,-0.025162104732651083,0.0156963163161596,0.017752385056236095,0.0468095947538021,0.015056156513673273,0.03173868195762322,0.07996253028016025,-0.0022711881808081752,0.002743247258097272,0.024313655202047865,0.013559885410491178,-0.00290998508466556,0.0007937813907447668,-0.027228290799716545,-0.04347866499222643,0.07031416148594483,-0.017282239053453382,-0.05331783680395116,0.023943551895206125,-0.026620104022676075,0.008192020757789482,0.003086016495009785,0.047073641869318436,0.01719422334828127,0.02959131742398311,0.019126742092277653,0.007143485835304316,-0.0369947654318255,0.0034979442751352386,0.041424236296345694,0.026789028574838707,-0.06156699418185734,-0.046867542982052056,-0.0036097372748537843,-0.026919685429100414,0.029574370300626984,0.028007581412283666,-0.03383247171420205,0.004393131719025445,0.020778813278800164,0.02444103196791806,0.0013732638609195178,-0.0027716746908236687,0.019449016092687166,0.04113996196908173,-0.00034058265095390653,0.023281520721520232,0.00809799155723294,-0.0391560551736184,0.019698570835197094,0.025468246315858433,0.037682748804433036,0.03593172828476672,0.03666594144666225,0.009093498384055406,-0.014143741144179479,0.05035646366781865,0.016037445508876362,0.06486866807464413,0.006056136533519645,-0.028794255944846834,0.01536940083980604,0.014371707287389235,0.008552283799456701,0.034999636500180065,0.02623196022968105,0.019180316869338937,-0.026064129040315596,0.0014268384503056757,-0.006848825497452118,0.03327321664345006,-0.01908410094318806,0.019342134563319964,-0.011390653620907685
2015-11-16,0.13527936386474612,0.1696732841999568,0.14193087801243653,0.2682823805876973,0.15699244582493047,0.16404120655891014,0.17568845483533302,0.1300935246644266,0.21656753530011372,0.13159651753481175,0.08018512934859161,0.15338071988450871,0.1419884774153498,0.20022985677237198,0.1837342531211497,0.15519767006373109,0.1799321516894089,0.16494630140187147,0.09147217854200745,0.13284506339933708,0.1544526637021062,0.14410748643520194,0.16069395111637194,0.15607274831644183,0.10690827768330372,0.1840306331474077,0.2153149905677836,0.14660508307983616,0.1796725487467012,0.2223199038389465,0.19147420669008877,0.13848681230584692,0.22384831616413847,0.17489774753900228,0.17177629257267346,0.07839143526632017,0.1374370429062724,0.22322337616351592,0.15136771539959565,0.18032263778239851,0.15595430447383138,0.18114471376763977,0.17969850904097195,0.15850760758325502,0.057826014648689736,0.2514984633401029,0.15077171031029574,0.1749594032378954,0.19816222750159748,0.18177803677995388,0.17108672225610597,0.1606847568454844,0.04248807787010486,0.22736485435890072,0.20801199581950108,0.1834289492437361,0.1405187461719991,0.15432488036623607,0.24434782044355574,0.18914102524250276,0.1879446217680025,0.17568980693399294,0.07156955668747779,0.21333926453964994,0.150214104822938,0.15112974603544688,0.07524996923982427,0.20421643968541572,0.13415712197699903,0.14687306903423555,0.13647840495637759,0.08083116208830914,0.19404887295833936,0.15978804501421465,0.23031297027702569,0.213740297002187,0.12892747478009758,0.15256864942935103,0.17622037044815195,0.12918410310575348,0.2029694790771348,0.17720515182189486,0.16681490174990338,0.18033347895451224,0.18508689262054992,0.16725081835786682,0.15528690857528687,0.17274087975667196,0.19378088700394003,0.13549542923060395,0.22429234536406153,0.16594550231156435,0.158932707401939,0.09046459462062298,0.19445964053122802,0.11394946666478775,0.20835840349617676,0.1863002911475818,0.2280344136153011,0.12361372704654812,0.1269101435794727,0.1196966972287128,0.09333050294022385,0.17897973339334985,0.21032029865174426,0.061508860978624104,0.13419443990001328,0.17768307077847098,0.1688500806528394,0.16649634730562238,0.1870666354784286,0.18811764720212626,0.14092464618971198,0.20810988776248046,0.1269566557733745,0.210792721923526,0.2035741375978583,0.13241615974246512,0.18063226837552393,0.1565922246215893,0.19128761707501757,0.17763872194242505,0.1340924916610541,0.15853277805349802,0.18541977931062623,0.22053648570649062,0.22371689217439267,0.15495564440360246
2015-11-17,0.2999530712135937,0.26983531572335545,0.2834378305951986,0.2909410853767735,0.3546406255603032,0.24587981842794882,0.30774822625785214,0.34053122102078137,0.32137657060277725,0.33315371612322237,0.23487054985883443,0.29828862434452447,0.3263584064333621,0.2129812407929029,0.28055173698056274,0.34685884816328055,0.3567941592123106,0.26166116131899186,0.2129740168633956,0.3024636014188234,0.3428688310987524,0.3105666289774752,0.3288316658543035,0.2765593119395322,0.291443014701058,0.3629064062343145,0.27270440911208493,0.2637595790643881,0.28362110436232807,0.3194223638945821,0.2782411497500079,0.3203422537727359,0.2716074420387553,0.27365850291293703,0.3199465001132779,0.29337287409128404,0.3264290404107668,0.3362870286587744,0.32361465098531444,0.27916501006810723,0.29972244057524977,0.20344538629033157,0.3173587280319988,0.31116862310308296,0.2916405077888669,0.3438732248532108,0.3407875367418179,0.3958432439404546,0.23169228842857031,0.35177513352241035,0.29095580078873284,0.37138301862876094,0.28926914702525225,0.3241462786864623,0.2767257298711447,0.3262190113491659,0.3083574443129672,0.26235135584552305,0.3357571410244315,0.3108826090051831,0.314405180689597,0.34438558874233915,0.26022895040593486,0.2704152261171073,0.23238765853188345,0.3617398753953591,0.28487325214359216,0.2926523931611437,0.3443580307890336,0.3376724178065064,0.2639308129490054,0.34010447407396166,0.24044795854435397,0.29917021129735893,0.2938223630384045,0.22461578059381515,0.2784691048589047,0.31838853931620514,0.31034589779808575,0.296384450036991,0.29958893165583717,0.2767652082526314,0.2511217157207963,0.2611897330304048,0.3683444198356378,0.36607503575856903,0.3226659082433566,0.2992215814627441,0.3323569434538624,0.3697830520193679,0.3762358939399935,0.31007727464159235,0.3080085552730594,0.3340494833821267,0.2627883618750743,0.3081110280508851,0.2931096019936849,0.4042599785557191,0.29839216733412904,0.33025585017901904,0.3279522193250268,0.2516220397274125,0.2359637711909381,0.31414702248364534,0.3253644472437476,0.3509596321469204,0.32565581240054176,0.3128659789843521,0.28675923285088506,0.3052300179421988,0.3191676534912139,0.3556848847035241,0.294803212133728,0.27908233620819045,0.3230024898478076,0.35966072146198236,0.3085203840562984,0.3381178934594561,0.26870823832982843,0.30447177289687777,0.34178203103732185,0.2625210764833044,0.3170769947812144,0.2941501153956798,0.2977248902900109,0.28378457921154865,0.29329207310198024,0.2928297416135135
2015-11-18,0.05339694452014357,-0.01597753791214385,-0.027574325454607515,-0.0063264247915827175,0.0013214721025849902,0.038004563756909734,0.02585606389502039,0.021053653939705954,0.09175388300050025,0.048074133018052904,-0.024833454788707406,0.04620898176737059,0.024649106888589758,0.10043535805872562,0.023014858740667277,0.05754918699028255,0.02596228467346263,0.01845004085400955,-0.008031575131685814,0.07429223356305256,0.06070423842451665,0.05681179538981197,0.043056605919495235,0.027493255187937493,0.04661433310072071,0.043973261806001855,0.019693385834919138,-0.04089045120345392,0.013144620663250738,0.023355728442771607,0.032557872606409105,0.06064724843507535,0.03757646993951026,0.046246975093664794,0.05503038999215842,0.03632509819952444,0.040987307429640546,0.025859542157286763,0.05164363277925686,0.054899286260579834,-0.020959476103760786,0.06252711541073078,0.01832856923332245,0.03905901234089181,0.030640279863095348,0.01647706347306974,0.028075195220964893,0.03721232263608484,-0.006453781855932891,0.07654692037192756,0.048074133018052904,0.06056457281659008,0.07545340822710779,0.07328243745562071,0.06278611217025745,0.06567922369997026,0.053842429648874895,0.04672619136310017,0.07689664008292446,0.060194271664539535,0.05582090755309403,0.025246832881133767,0.05966102730324132,-0.023333253517358134,-0.023755728603404237,0.0645707282715415,0.07773595094975458,-0.010383415541024154,0.024935662187611528,0.062458887958582725,0.03706034933090803,0.04241312740021666,0.010833450615825089,0.047339155778165797,0.027515730113350963,0.04713794535112744,0.00729953470393272,0.05008189302165642,0.1357809240923129,0.015311042937927934,0.0760794954350545,0.06514762826656634,0.08343575256979266,0.08805115081779438,0.08713715873848284,0.00522782888571515,-0.015489236989420462,0.07540043161720461,0.0036264897506452635,0.020234656955293594,0.10012232784875422,0.001404147721070263,0.02125030953707384,0.03973004939966548,0.08585046925856155,0.03806877782951966,0.0068390662915924156,0.06922116492167912,-0.0013260205993948595,-0.0004683615800657748,0.0469038315447371,-0.006934852283235545,0.07079788796288854,0.025062752539651997,0.055981025825421124,0.03695332587655816,0.048551457624453315,0.0889256782322982,0.0511890506569058,0.055138483681051786,0.062202834344050675,0.015998936190761707,0.06253942310798101,0.031767504396035325,-0.009521074057600097,0.05426945323173086,-0.004442276031427129,-0.008466625473618027,0.050791458523996046,0.03162382540857063,-0.0004379934869268332,-0.02848536260976076,0.009316391701155976,0.11877917813429294,0.09383816477396391,0.07156604880648472,0.07898866048291979,-0.0027002017532471597
2015-11-19,0.16190566395098102,0.12609565380218737,0.13310660745518804,0.1000035049728327,0.12955883167772828,0.13737303524910763,0.07631704487080297,0.12704435228432204,0.13373643129984417,0.121650983949327,0.12907027673280808,0.08332323314445016,0.13226702069880278,0.08647770346241777,0.09759567289353115,0.12948391635211073,0.09137288488205608,0.11499047639245796,0.06757389126176598,0.0835715351178224,0.1437445836928804,0.09340630086310392,0.10045262234690336,0.10996472826245764,0.11400587497005586,0.11431356291455651,0.10090614112048155,0.1669881336846632,0.1616905499445649,0.13568262443749443,0.10824221088272265,0.16479632530088115,0.12031588582492848,0.09689200394219487,0.12453040800038448,0.11229941087438175,0.11458272297731101,0.09919779064280937,0.10101609261744106,0.1285191139800504,0.07423921480385332,0.08885787037918114,0.16932014074924387,0.12789089546380036,0.1362921141223401,0.10550887171661938,0.09958039391292757,0.13310553723625065,0.1440281917112897,0.12145566899325268,0.10142063537577586,0.11617520875615267,0.11100926194535378,0.11096591807838935,0.12166008081029484,0.14385000025821365,0.07800585035401007,0.10015700116273102,0.1034684993124785,0.12200897218388515,0.09170985897879845,0.09522941882295391,0.1255465808814397,0.13564837743149782,0.115618694908708,0.09690538167891227,0.13469053148253057,0.07431467518048733,0.1564614602164598,0.13526309861403613,0.08821734434515105,0.08836878032479227,0.13130328854567985,0.12348587431748832,0.05450919358353367,0.08638298908645843,0.11225927766422951,0.14545158289802318,0.10520974552361786,0.09341432750513436,0.14006196032930904,0.06980583285570034,0.10905985815089135,0.09417953404537079,0.13857221556845714,0.18637782528289168,0.08649696740329085,0.10373712426576431,0.1233215957105984,0.0657336497989177,0.12697532316286012,0.10352041877952835,0.13038343536899005,0.14278085153975745,0.09816288893034975,0.11077113823178371,0.07650861406059643,0.11904877845488439,0.15796137205721691,0.11461111444367258,0.14928243158442356,0.1635650384134098,0.1083433465723063,0.14763911040605568,0.12578202904766628,0.11945275425192056,0.11506753215595028,0.09317915935881219,0.11894225981878381,0.1139304245349696,0.14018371648670683,0.1167697153758748,0.06952222483729104,0.09665951180880508,0.19209493484644824,0.13076389820123346,0.12871282360771863,0.12245846413759046,0.14655872438875683,0.08970441355865948,0.13785195822359125,0.16045712261921877,0.13522189518494648,0.11629401861559546,0.11733800163163081,0.0753597340313044,0.1652859504647387,0.1755482798554059
2015-11-20,0.19408125106314617,0.19943182228840295,0.186496363207646,0.1618134813814868,0.2276194103482992,0.23841628376608656,0.23832210476417695,0.23259591442647845,0.1820742309816166,0.22519162550929928,0.16492348558272166,0.21068137036564902,0.22714824778476833,0.19359028950489568,0.2253021253041535,0.23703035413571194,0.21868738818991557,0.19189587013247045,0.2243448171540607,0.22035909495265216,0.27025065928941994,0.23354680128098648,0.21603485800544947,0.21662936295500404,0.22391619567377882,0.20898400789941413,0.19945162128577126,0.2547884470753309,0.1440652446455832,0.19206683712741437,0.30060706661233066,0.23884758078619545,0.24979481954225896,0.21840404852223855,0.24949863728341248,0.25163131007949674,0.23172877196855482,0.21946436495566998,0.24934238575751694,0.2472501136128201,0.19083290368814593,0.2283006027882478,0.23665872165374466,0.20334584282202323,0.21712621070087385,0.22916212661253474,0.2417368962453491,0.25989524994308394,0.2698924045065876,0.2570875384486532,0.26069389858143693,0.2049693603890335,0.235278143103024,0.2014314940758204,0.22570827224988876,0.19577031935591743,0.24892259355866414,0.20725108847877952,0.2073824575018582,0.23214053754792677,0.20472246283706455,0.2464148100788376,0.2701554100715795,0.23542931110324825,0.21296949202568066,0.20675555077752408,0.20685133510332987,0.16627840119522497,0.2594195389618472,0.20275454852026104,0.22280156578185978,0.16687930519624264,0.23880637747286,0.2374686393270644,0.2425882530182935,0.19253452148917016,0.22999796525448274,0.18749407200912613,0.24313352803503166,0.20898186746755254,0.2399742506073359,0.2914390618412075,0.25995785757503526,0.262647845317079,0.23383014094866345,0.25770077217699655,0.2668551316950021,0.21606642937540782,0.24276403598492594,0.2302930772973984,0.2885783746582025,0.2114567700954272,0.22122915102554475,0.2404256141761471,0.20920233194929555,0.13313272135856805,0.18177109231921998,0.22677643876081957,0.24423879353755626,0.1972882058847672,0.21204643078537322,0.23376512533086785,0.25342632974941637,0.2910374633131781,0.22582037736863914,0.25702279038484027,0.22191061101947607,0.1834861378944231,0.23711490119424444,0.23927218895673688,0.22716189303788595,0.22986445581711648,0.1804873683102359,0.1768387346481859,0.21771322413891284,0.23164128181621266,0.19438947325121406,0.21569292401556167,0.24827109961079497,0.19596215556151178,0.22356061643077343,0.21988924068019414,0.21348453344237397,0.20495277204210627,0.24034668575125123,0.23668119618829125,0.21196616459056386,0.19596402843939065
2015-11-23,0.09817814854899486,0.12170953244593509,0.17609449854914225,0.09421419728000943,0.1271367365290707,0.07169913834100075,0.11941658199013455,0.1650888902250754,0.1330968832707829,0.12062963188888307,0.15555048455025863,0.11224073792518945,0.11711067526422894,0.14823009110846572,0.14957021738246504,0.15713258542213143,0.1058969793756888,0.12752987906500293,0.13331000094177647,0.1446095499475822,0.11895328270536591,0.1262307878705117,0.13922249404276962,0.11362004608155778,0.14471642933278037,0.12481441577136185,0.15532704192377592,0.09541556109953156,0.1203429158172234,0.12669223395814125,0.1541759417579622,0.17092804966785086,0.1475510267282191,0.10256307772249368,0.13646334824513603,0.14550800925361362,0.14929064935691322,0.1979074231033951,0.1130458197108931,0.12499391115140365,0.09596357796780075,0.10994595038211825,0.14563879202314262,0.11232466128134466,0.1532782001153048,0.14168751098018723,0.12692308937318025,0.12111993490339251,0.10940296362036941,0.12939075373508224,0.1262612332520822,0.10018357259592195,0.1389360427135584,0.14824465194312986,0.09431211457443688,0.1475171396948189,0.16959560092485626,0.13268365543364952,0.107173066348717,0.1436751972830689,0.18165311502322137,0.13419477020446036,0.1019536406061866,0.12463386142152628,0.12754920526373903,0.12361380876768999,0.10554434243436775,0.08801337389090651,0.12275260158291718,0.1524339364472321,0.12823435872029973,0.08725912255546803,0.12584849977496546,0.12241902609788376,0.07148469695776495,0.17533707040415766,0.13166330291248451,0.13070149359730482,0.1810465060471979,0.1201507127996565,0.13151822405073982,0.0703783475812438,0.1774918091920045,0.15798293816651823,0.14183073664479284,0.1419789924159188,0.121714546442587,0.09670538630832745,0.1358899161018167,0.14856128391146317,0.1710273280860156,0.1112704568516597,0.14560278705015486,0.10796144098861785,0.09371935623238148,0.07357960395226452,0.13178614340856032,0.11924105774681934,0.1376853993871315,0.09155482197394238,0.1257036856556692,0.13353132562867168,0.09994318645273913,0.14355156255964777,0.11389987884955803,0.11183621146397431,0.14261093264034322,0.14185641666229143,0.08997086790493053,0.15427919131285348,0.15655837977404163,0.16593315389314806,0.13928815016998256,0.15719824154934436,0.160540879703338,0.12898305036448582,0.14284390599496974,0.13405260350964848,0.11792925891480299,0.11690391141199788,0.14357141824328074,0.10567936108307176,0.13930350523199203,0.1902396875692499,0.09630350727159671,0.12051976377278077,0.16583255176274114,0.07927977360960942
2015-11-24,0.2665725058168427,0.3081543514178738,0.25297438767822944,0.32851527676257314,0.3118082414915557,0.3058559879454018,0.24568249582104063,0.3171475309133676,0.3391307628262634,0.28413656337715953,0.2686283837441429,0.3758085454319209,0.2688137980340464,0.30713408904622336,0.2947956108453677,0.27649524718719426,0.2603912268274601,0.2612136850196153,0.2848057136499572,0.26845722159436924,0.3029527693887732,0.29624521347552285,0.2796203046602691,0.24366300511369268,0.2798645432229167,0.34760550688498715,0.31538462361730035,0.2931758444513184,0.3880309055926349,0.2820579434373892,0.2854705830733488,0.2957085019812277,0.3448205467932032,0.32566401325380123,0.2744407070253335,0.2988771332010372,0.24611031320856705,0.3412952673072445,0.2933082832298209,0.26787950265115573,0.2990788682293017,0.2648719383902524,0.2815956117015258,0.26244523188314506,0.26935345261230836,0.3309305282357086,0.30329496978817677,0.2861263556917524,0.2905367007924312,0.3381825546828028,0.29200503213873824,0.34052070111782046,0.26447997311650245,0.3038945562581246,0.2850738018440169,0.3049313244736749,0.2953119883049837,0.28593157704377287,0.298381932351817,0.31997075109671885,0.314433113815788,0.2923640883826785,0.2994914350908187,0.2760810750071499,0.29327965504941733,0.276648020000376,0.30646467122033777,0.3016963273910646,0.30447273848104184,0.32975463241445874,0.2727168624800973,0.31652734285565265,0.31451378039075123,0.3512351320752206,0.2739850641166672,0.28756044024281024,0.2795742481225626,0.27455334687533267,0.3462637281492492,0.28229178483619977,0.25452887111883515,0.27851507996511005,0.2504176503704105,0.26282194663088565,0.29242616069906757,0.3041770923189301,0.30498055424184556,0.26007150088743874,0.32389468468362476,0.2787172755820704,0.2861683615265501,0.3261060109549855,0.3046940048847218,0.279243820059026,0.3459223304091093,0.23790017915376055,0.31830309269993834,0.2811549517657809,0.25643923447183736,0.25624823582150147,0.26767107879569413,0.330410940139038,0.32272521013648403,0.2716937394720292,0.32477600455511446,0.32862636104285214,0.2986668364739604,0.29680229870963254,0.3145474500053114,0.27725937880619084,0.2903681423470643,0.314470127162913,0.3073144198274571,0.26205276655968823,0.2904583077376812,0.3237938171694925,0.2677296729219407,0.32940520808168233,0.27106418705623825,0.2684619657234791,0.26615726342444684,0.27706674058291436,0.25592897642773177,0.2820686832950302,0.2885212233814015,0.28636153485600235,0.2745158894430289,0.2895579915969517
2015-11-25,0.1330220319440173,0.15434733082993082,0.19074435043053986,0.19776095843814295,0.13427715016552133,0.14189833077749814,0.16614408795448823,0.1636767638722763,0.151818465954168,0.1328468292480277,0.14998990739540013,0.25442766048779014,0.14594548572214328,0.16300219249364567,0.13712740556923306,0.1363399500822659,0.1795936964748606,0.13558174059915348,0.1429107344997218,0.07994054587263663,0.19954548430084268,0.15355901317423284,0.12179019982810571,0.11547552293973286,0.1222056570791262,0.13067223853150198,0.16252881210095943,0.10084022129111908,0.1925182435615419,0.15136993611934918,0.20473186676012825,0.07875757509082393,0.18845824224137175,0.14264615382933507,0.18877803499380202,0.15483107767834434,0.14601053758118465,0.1059530787500596,0.14813893601124825,0.14786014232964237,0.18545740892943488,0.17018358973924613,0.15794181384536038,0.210838541695852,0.07747594413685344,0.11797099971724419,0.11068191157894496,0.1687819681713296,0.23457017052470422,0.18224660968433756,0.192340307594164,0.19883538039416418,0.17263588082882245,0.11019347598185704,0.18923367133423044,0.11858270585394412,0.17433214905239694,0.11615339011796529,0.18737397908883108,0.14882963369106983,0.1388276711269985,0.1366971886527158,0.1387258226771067,0.1597241801176661,0.21016369699008253,0.08634595644614122,0.19496315481836982,0.11313942680823483,0.12607514938353231,0.1467949864696247,0.08234964034931833,0.1845031985425121,0.1326114945814957,0.16978999865933198,0.2070802935369494,0.07955459702765011,0.20445088646141174,0.13487354998244683,0.16147128718906287,0.20854724029104615,0.11823749367760274,0.08844100896526766,0.1635573199126079,0.18527780765395427,0.1648121648069731,0.09110184866177068,0.11909902081919262,0.07730511467508513,0.16670659520619888,0.17722695677973782,0.14208993310181747,0.1706761252434165,0.15762721430856788,0.1732732797165723,0.12093987909920782,0.08437089454096085,0.20628163163729027,0.12843126442399078,0.17905141543142328,0.14134570193640164,0.21170416874452433,0.16519154287566817,0.14823132058417254,0.12578815588776157,0.18108332938148017,0.20244329862671068,0.21617580073577136,0.16374459375854727,0.19721947034940548,0.13719163744685794,0.0731524554548519,0.18540463144637107,0.16178342678160587,0.16848978145992108,0.16965142179994552,0.18251064370044667,0.17756178252480373,0.221051410238208,0.1485522066451581,0.16259165513112406,0.15600501773961611,0.13837514395798872,0.19885123336821628,0.13623643357088897,0.15458098334631554,0.18902539605444255,0.13006545228330096,0.20885391334081263
2015-11-26,0.11070326748211833,0.15543647033303756,0.12435845260471139,0.09830325575321261,0.1252385858385228,0.1879827920769928,0.22621692775363003,0.13969409087061893,0.1635096215109875,0.16456632805816604,0.15593965570030224,0.13420473815799958,0.1523857761021607,0.11088968079437278,0.08767329675292175,0.1695385341625956,0.1255479991368689,0.13872649098003123,0.13526199137178294,0.16284931501903713,0.19612293115653853,0.1539730225893479,0.10079165526955036,0.1388762776297606,0.17140731395128145,0.15298218936805402,0.08633150357131301,0.12243609948875005,0.16523244131617795,0.17184628723497744,0.13013808528450704,0.19338003146669464,0.192054364949929,0.1621806749945928,0.16861548760030332,0.2449883656310311,0.182604139351856,0.10695668790576653,0.17363853369898405,0.18112977951857068,0.10463882150119488,0.19050101179224263,0.1467616700714454,0.1681456276534332,0.16223588832168281,0.14986454972058422,0.1556477357333114,0.2160478355701769,0.17600860676431906,0.15979502193101955,0.1982207642526573,0.17058376071107223,0.21144872942355875,0.17590146010976807,0.18064269957364773,0.10048606863743823,0.1769644533229024,0.12778632555043462,0.06637571249450053,0.16082822181418943,0.0836325315119011,0.12481355255325052,0.12844970547542225,0.20325556368334238,0.22226480153385397,0.11271776472982133,0.20662822330197558,0.1353239383524873,0.15984504192536347,0.17547888682421764,0.10515323477636045,0.07750803123570256,0.1510267629224991,0.1909913717367947,0.13147605179988184,0.14395699705525325,0.21824926198791508,0.19776019763806968,0.1887811986533789,0.21456445573791152,0.14562487686665607,0.1682650743065933,0.17421556410932437,0.1545090291954051,0.16154927506598896,0.15283486271804644,0.12173691290114462,0.13156488512317024,0.12445357259395562,0.21314503589841385,0.14677096340372786,0.11601714021458023,0.26940331620361974,0.17230521384975053,0.17199334055168258,0.18431957915788091,0.14616115680601569,0.07857594444828055,0.11270188058945649,0.14625053679590896,0.24851217856590577,0.15268917606785345,0.16896535422740847,0.17494944021741868,0.19910363081949295,0.2028190503993682,0.18657321223638246,0.12647651236520968,0.19670321775758873,0.13314037827835312,0.13885523096547384,0.17669139335377892,0.20416439691390847,0.13254314501255252,0.22774759424721508,0.16593818790304163,0.14135759734918293,0.1864657922485291,0.15444424920273012,0.16533794797091436,0.2046637768574406,0.1607593418219781,0.19621723114587547,0.06538051487550176,0.17542203349731306,0.18851497201681605,0.1964391777874453,0.19126579837243032
2015-11-27,-0.183523619157946,-0.11466121614308122,-0.12053591806089031,-0.12036524800431114,-0.19869390555312405,-0.16545860610247273,-0.1422252494725522,-0.15566449467196575,-0.16804428118916537,-0.14582196178394632,-0.18950319779130484,-0.16163858548813695,-0.15523562305887037,-0.13165678087825433,-0.1788125763864164,-0.14090318517768521,-0.19928885735301413,-0.14997844815216355,-0.11574066608193305,-0.12199317223659142,-0.1722803057656519,-0.16834248113838116,-0.11410070302483415,-0.1476693801677683,-0.1626870685359755,-0.11700179767284213,-0.15539465975305403,-0.13554185336052169,-0.16802788155859436,-0.15120514051887357,-0.17352039116399487,-0.10681764168633699,-0.126421198818466,-0.1549721356610298,-0.15656481311664905,-0.15273221945220886,-0.14167449521254313,-0.10729485633787357,-0.16149153546735043,-0.11595194798912263,-0.13786751416347973,-0.1609139951440754,-0.09987484348602947,-0.1152156045764852,-0.1171582048626615,-0.12501716837029406,-0.13121699745177565,-0.13489379462579143,-0.15424071213756368,-0.14911746754718663,-0.18557521294237672,-0.18399674849991898,-0.1770296387790104,-0.1885753035709112,-0.10137814295503682,-0.12202008462756486,-0.1605395369127045,-0.1652685419103872,-0.16141886595266025,-0.17094537583717337,-0.1508432425383816,-0.08538358325915098,-0.12466015182231793,-0.11368059915504061,-0.13766615217381717,-0.10304956680364005,-0.15899223176833163,-0.1680316414862187,-0.1261844974838914,-0.147748098394509,-0.11062891635189726,-0.13037817416601497,-0.12363954814645003,-0.09746846756728456,-0.16744077478415295,-0.11070980607710591,-0.18547490186871748,-0.14562844614320863,-0.11038372675591941,-0.16660876685985143,-0.09869598337515152,-0.18078589224594085,-0.07181693146709936,-0.11954047682205841,-0.16136935821959655,-0.13164260384658907,-0.14183985815413394,-0.16800467170873537,-0.13181585729479295,-0.10839308493177749,-0.1758548785757752,-0.16842393263688377,-0.20064838672734917,-0.11208764837224519,-0.14171770027402553,-0.09818431490133665,-0.21917887596386232,-0.1089539172108567,-0.20720280072929362,-0.13451110222811408,-0.10201936851036252,-0.1707890326923966,-0.15124586626812483,-0.16663473294158881,-0.1404666624209898,-0.1751486011525179,-0.17238335011107292,-0.17252181870441086,-0.14639950210722133,-0.09111443416218318,-0.1788951701018229,-0.15277359624875878,-0.12668714616089222,-0.1790244049769076,-0.161608792825933,-0.14848580844302736,-0.13930802852114937,-0.1247405100121158,-0.15446320045897677,-0.1116005793442868,-0.1198662664792416,-0.08270034167268406,-0.1802043339303777,-0.11828473225860595,-0.11988102614675547,-0.13569956314117937,-0.17573188134649279,-0.19183057869650438
2015-11-30,0.24833297800810142,0.03411014760218713,0.11968119126883908,0.13120252467437846,0.07511141158883418,0.2517200474495848,0.16710617664583913,0.16166642067227535,0.25355899218831146,0.22918914782076302,0.2574413303376683,0.20674243293919564,0.15677987875209778,0.12692709272895245,0.09398789707594667,0.1597274382144087,0.14491310931444096,0.12149990980205652,0.1793938698197681,0.1628363274279759,0.18732910222980248,0.13263634922457102,0.2335427018930635,0.19874761522103965,0.18661899842016935,0.09871426931465963,0.10258732836251584,0.1638585040261082,0.12171911813743978,0.1631855727022757,0.2138079385123353,0.18104421885847669,0.19098840546435542,0.13150914825808635,0.21173174584952792,0.20758974695376944,0.1557111697853289,0.1640744324362738,0.18978576621786358,0.15403130141966095,0.1730524550383693,0.16248858859351342,0.15781250854147194,0.23464912999983598,0.19680950653785675,0.12076356659068171,0.12219689391081885,0.21242107679944897,0.23438837594502843,0.14463650228774785,0.1858012037325549,0.13647251374459812,0.1964937599422733,0.10305634364869813,0.21515708108521794,0.2067965517052878,0.221661172791927,0.15991584800601963,0.06475969003054567,0.24098922544565982,0.13536109991696876,0.15557452749595996,0.2570100201715401,0.23023052407738437,0.2424919778495717,0.12141080516697553,0.19838190355926552,0.185199464005231,0.1206640755257447,0.17252078652606723,0.12303108822452181,0.16132530844963403,0.1659855355297899,0.11639452831497343,0.16091258452640617,0.14146700121903888,0.21097790970365876,0.17950866720238778,0.16953769454056447,0.21883825048788888,0.19069375884896492,0.07916215334922934,0.14564025892297414,0.2267073377393662,0.1267160842066134,0.035952085205909284,0.13023763058202273,0.2662238767622765,0.1831603172780994,0.22134138008320078,0.20949757012206788,0.24704724732276104,0.15169818128146678,0.12276377431927885,0.102512969370965,0.1347704872328911,0.1605392197057907,0.13817479516522688,0.24181084671269493,0.03507173204295742,0.1637683060826213,0.17081249214184585,0.22650015579644783,0.17908009030727434,0.20283494869650304,0.3207313139927076,0.19952167757241798,0.052173813219602974,0.14052730264416635,0.061803630877216,0.1297319754442932,0.07348453788586953,0.13615516232896557,0.13191097515210465,0.16225243397783864,0.19683979205274116,0.1653388436076991,0.19556007456363328,0.20227626810108726,0.20977363049455805,0.1390704691933024,0.07534206886749649,0.2039862024479175,0.0854840695714328,0.18377912983583974,0.2414702811442566,0.1468406120340456,0.21001142507284168
2015-12-01,0.13468563240367773,0.18502909559564026,0.12729657374779285,0.17383386809574083,0.15931907300834272,0.11747910978046576,0.11985667542614505,0.15864842209827848,0.11522161228158834,0.10021579816890161,0.12234295142095566,0.1113675329387516,0.18826469079521896,0.13830660647051635,0.15032640149089302,0.08169393440595081,0.1303680467463853,0.19782471134868265,0.1971497336585535,0.1536775965447124,0.11973931151688381,0.1634192379673724,0.1389880743307429,0.10701641473595595,0.14964817871571517,0.21333026855886886,0.18482170553792587,0.16799697127606875,0.15497119989059577,0.14936910140152715,0.13402038996869467,0.16578165988282437,0.1826917980715886,0.15388193300924954,0.12436301686377005,0.07648773629282332,0.15548067824324133,0.1741734498187569,0.11088401526649562,0.09086616729609515,0.12295464995263518,0.12564103952544883,0.16051759108632843,0.11775169692455639,0.11554720248147435,0.16469728289772015,0.1640136293787922,0.11371372942896012,0.14763406259549006,0.11506909328429955,0.1581405662881573,0.11121447309395469,0.14339327728435014,0.16002758324397504,0.09523080668659369,0.1470018118585021,0.09374023095422515,0.0701765962091702,0.2136004507700242,0.13377646774253424,0.1291317391822965,0.13654560698408968,0.1326298710253277,0.129166824430859,0.10839936181420934,0.20446174918974205,0.09973011710661317,0.14225886887085412,0.21629249036082182,0.10488766730767057,0.19045566405059808,0.1288314989758269,0.13640823171702815,0.18173395713471463,0.040084913064039544,0.17843183679962432,0.1441834554937081,0.19563373809330353,0.13336704617889017,0.07533032262545443,0.20457178401243348,0.08999786095898225,0.1029167906244344,0.0766505417566625,0.1713134481958379,0.14523650522939371,0.1701252062205064,0.08714297305022253,0.13720111416392664,0.1268071067529476,0.09765975284554397,0.15274723493722156,0.1221385110628877,0.1691370778231779,0.13430108982540706,0.057339571115473845,0.13349468619080565,0.1720117521017937,0.13121447309658732,0.13072067932167714,0.16771843480938886,0.07865437141033721,0.13268233323361495,0.12649666028328882,0.16490061929210292,0.03424970929897279,0.22469563809442478,0.188814049087193,0.1597074015191702,0.1268244138732073,0.1357867979302025,0.174141539815778,0.09864301361529941,0.20059793406933396,0.060321804275227126,0.13736228672134532,0.14327374998505646,0.18106168368212608,0.14604775685418495,0.12822953569929346,0.15972524948693803,0.14880121151800504,0.15784796778626636,0.17400689231367544,0.14200708512104807,0.126618350972615,0.12604234837647113,0.13127829310254505
2015-12-02,-0.03191859225609656,-0.14472515916193032,-0.061411133159497304,0.0257414947468773,-0.03999978680483209,-0.03983633173163652,-0.13869327779326632,-0.022334104115759496,-0.028721758477240057,-0.13359299407973496,-0.06708267051511226,-0.05729482701127748,-0.13292060941010544,-0.050140216803056886,-0.07423509410652103,-0.024920871804122866,-0.0649605588992571,-0.11182194379301484,-0.017789767726629165,-0.0036770735163264034,-0.11707802395438718,-0.047543062684837455,-0.08659166571002182,-0.1113097288048499,-0.02306716740191657,-0.0511608201999661,-0.16883563258529874,-0.10355325231918044,-0.08310291858678956,-0.06970278410985564,-0.17401151253751415,-0.03413035516123566,-0.05872760767721163,-0.03866539842891582,-0.07177569684744521,-0.0854043327812126,-0.07709300227954803,-0.08438208942169452,-0.11243146322930504,-0.06793326445490376,-0.07264378372173115,-0.08377748987323089,-0.08462972377563126,-0.005252800236154615,-0.035544832626738354,-0.08133941212807014,-0.12913338909206204,-0.0789592797284222,-0.09490026294067162,-0.10341986869366045,-0.09988848254259802,-0.11492037981534022,-0.0290481110364017,-0.09330676593906993,-0.0008063149493524881,-0.13690571854961706,-0.060735468564650064,-0.05976355006180823,-0.045719175929278495,-0.04036439969168702,-0.032612072138273884,-0.14304300528614614,-0.05452219689391082,-0.028533709431424963,-0.11142616615007843,0.007197249236050751,-0.03630767885158885,-0.05243246685711611,-0.08814580360901104,-0.01439778036497113,-0.05898154467573914,-0.0261317144349121,-0.12865506666448004,-0.03491808386768781,-0.091504447031941,-0.031523361267363104,-0.06882868403933724,-0.055188568367307886,-0.04792954720632369,-0.07908993008292743,-0.044796671969212436,-0.14350149250390967,-0.10000247361060734,-0.03549234895839844,-0.04510006505185015,-0.14977723841229754,-0.0898431649091734,-0.0758646702855175,-0.0393350498275306,-0.07523929787734172,-0.014967392076793984,-0.09015694442166718,-0.08273174038298593,-0.02635747904947767,-0.0737507584827066,-0.07220482039676161,-0.15001721960739295,-0.05668945396582089,-0.06096069842737188,-0.09823568698521487,-0.11713050275787046,0.03694015776440297,-0.10216857722310596,-0.06354363120520852,-0.05843186775341522,-0.08892314588560714,-0.05894845597520377,-0.21706693620381215,-0.0427243058858258,-0.10268188551967682,-0.08132246584777868,-0.07462705536883586,-0.024722982982654667,-0.005586805954157578,-0.1329512220454707,-0.07278810043131016,-0.0963215638683438,-0.03060060897278209,-0.07908774346611565,-0.06173365913923829,-0.08993828274048683,-0.05651529811786958,-0.047378519769749244,-0.05203328030787565,-0.06738223701832931,-0.10814952085759112,-0.030328921833915518,-0.07859247475824219
2015-12-03,-0.0484370652773883,-0.029506863212928294,-0.052124977992239675,-0.04444629714191029,-0.0339155672867869,-0.06702532619206017,-0.028452033389332904,-0.0888830273580379,-0.08947971795752199,0.004397505170214121,-0.1366714430089347,-0.064625394852274,0.020439324130279157,-0.0641825829194205,-0.04528490033314978,-0.0767584418124595,-0.06467076940835652,-0.04962555063791112,-0.09296207846650557,-0.039690720429985143,-0.09782754291390805,-0.07996582157795507,-0.01996043122511909,-0.06863256950389876,-0.0606056465284818,-0.026127544082551406,0.029111331156025873,0.004608524190067757,-0.08937584849179092,-0.07764187895257213,-0.11044986972582674,-0.023389216957041388,-0.07385939035576564,-0.03447755576453181,-0.10558604532261999,-0.11873154623298408,-0.08956500025570117,-0.014238863707533191,-0.052741634609843054,-0.06757692772323198,-0.08021593928040334,-0.09577639430641882,-0.014799212141082355,-0.06735934852659532,-0.07402859836563935,0.006896932524542683,-0.0590771253380394,-0.10110435121702385,-0.07974714901852124,-0.05330034299919646,-0.0669148965495461,0.015306532478968817,-0.10773504990045586,-0.04637224963493446,-0.13248987699116146,-0.05970854235340456,-0.1420742952711458,-0.0743345072852415,-0.07381730597621046,-0.09324471274957379,0.0326075636888284,-0.031622238819724716,-0.15335287920534363,-0.014395761268926955,-0.08703003861046461,-0.0710368742948736,-0.1057872240772991,-0.05724111150644242,-0.04485356870966658,-0.044902776172112434,-0.08301029028667242,0.0052410345682300805,-0.09033363430211104,-0.12275676137076214,-0.020744372350689336,-0.06496324395659925,-0.038731830408316785,-0.13340611501518915,-0.07088872363585719,-0.09224701919715697,0.010091738617870794,0.041105036152780904,0.0047933025027893355,-0.05442213322909196,0.030645319160454123,-0.09229239375323949,-0.0734428191300442,-0.04942765197162351,-0.02792065906990872,-0.0492652875962439,-0.08321092235995294,-0.025176328771075854,-0.0880424925606432,-0.051486454118692924,-0.06267647566632008,-0.01672735743389006,-0.1001121244785929,0.01420142185418155,-0.048561161954866996,-0.008165780050657424,-0.059859973100812466,-0.14981421051230587,-0.06019836888653632,-0.06414322185872243,-0.10388586617302203,-0.18687866265493977,-0.07771950771117113,-0.033385286330159886,-0.10346546817751054,-0.016541485758371315,-0.017009991716958276,-0.026715773267428376,0.001240420093388344,0.03079292313807195,-0.06113592748510882,-0.049213352863378364,-0.07324656050795235,-0.13851321264076602,-0.10261592528411012,-0.16835163005690934,-0.05960521956907208,0.034653587174876044,-0.11302528579455853,0.023115062553625148,-0.020212998031265153,-0.04825611373445682,-0.08351979735015322,-0.06403005880921543
2015-12-04,0.044655377184007056,-0.0026474360337851895,-0.00769990413580666,-0.0487882794686844,-0.0407180691030268,0.006477722611349076,0.009815177150771999,-0.01567993612978037,0.011351465748284136,-0.03914967416073907,0.058901497466684063,0.01984466415292108,0.013419649457578604,0.004753611896899716,0.06500973825700773,-0.0030145182215550797,-0.006159334692324442,0.02521016947066898,-0.02088972567536664,-0.04337328122293155,-0.035005815261702496,-0.005676134203451763,-0.029872010732085123,0.03128790053668879,-0.015572914980528393,0.011542498499698916,-0.057622059627376654,-0.0075056607499143215,0.00138833185867128,-0.03639387956750064,0.024170459005686016,0.022371433486760274,0.0009260004939027364,-0.018324963833543,-0.012347297542073789,0.07892087364575899,0.020804108755965063,-0.024370588554787215,0.019896034304562032,-0.00416606578750636,0.029523125735020386,-0.03007267538693258,-0.01721247898706869,0.02173947360042735,-0.09567396434966356,-0.007573619179689327,-0.015858661449031173,-0.04425297766281962,0.05969666460562625,0.05155610088777457,-0.029027613864487017,-0.0874226337423361,-0.009002886627949487,0.02476549659552701,0.02923898063425968,-0.03462000401864911,0.012757723649455124,-0.00024374066742137904,-0.08168069245904122,0.025318795937159733,-0.04383749371998433,-0.011088728826870531,0.015594854316125048,0.002705227100216865,-0.03339407675396771,-0.05222819370507699,0.025814838963942655,0.016339186409172552,0.06091884613008384,-0.018894851453309783,-4.73568585440001e-05,-0.0012508096818824885,-0.031174993224227957,0.007108077180443225,0.02812756599927789,-0.028529965520465324,0.006648956450152239,-0.0015162221320273932,0.022298659105268927,-0.044268495729461156,0.015379741806128574,-0.07997238853241243,-0.006502873451354121,0.03893723717947389,0.006208029315234091,-0.02669669680516624,-0.02831966896218519,-0.0037171120663943126,-0.026509941328334247,0.034141619481492774,-0.049265313188035995,0.029842579916040828,-0.0207249131055186,0.03216600906630127,0.00717603561021823,-0.04656998554412493,-0.046855732012627715,-0.02894734800254804,-0.0028422141712593956,0.03120816978049607,-0.04753906205060159,-0.04721425286262185,-0.007135902679248739,-0.0633246815652683,-0.02208729233549627,0.0407180691030268,-0.02191391807370807,-0.04059179500735648,0.027365575416603807,0.002364364739849316,-0.036340368992874655,-0.057381262041559716,-0.01683522943595547,-0.03913148056536623,0.04023861435437794,-0.02120169232543616,-0.061373686014404745,0.020878488454695185,0.02028131044186915,0.02562113068379657,-0.00210269802992823,-0.010251288333973808,0.04417699264685072,-0.053835651366841694,-0.006598121404257551,-0.01258167385893562,-0.02038779648537487,0.05535000062875718
2015-12-07,0.1659953170934344,0.08011822935521414,0.12364559936287974,0.10635929939486949,0.09241543747896266,0.09415291033371706,0.09829904789155279,0.1525633674131774,0.10783473159650996,0.038234138061059374,0.14948973060895349,0.11840316375785734,0.09762379968636653,0.10803484520157118,0.1488618266946881,0.1065001901897842,0.14604209770229765,0.09767788444449117,0.13171801993677448,0.07004300685691023,0.1153768511169925,0.08327511335589667,0.0956072494796889,0.12029045139261704,0.12524082930376632,0.12818439226470044,0.09298008235378401,0.08803916927530654,0.09166095510312378,0.06953677352086349,0.1371605691468581,0.09590958327760572,0.08806161444992827,0.13370590522164605,0.07235810492843592,0.07007789152590063,0.12324456088138547,0.18418266913180137,0.0902320357934705,0.10701102073027154,0.0874166537092918,0.07336678566746065,0.05867033434224929,0.1004624382165388,0.07458450399663716,0.08322346241188762,0.055648889329615675,0.11090593458661825,0.16122720481716518,0.09876985571102787,0.0797774520479755,0.1380186238345057,0.10417427516663359,0.07861733398620174,0.12259635505526151,0.07717570475838917,0.13478787080792967,0.10541200485631624,0.13381140668518982,0.13443496776116634,0.09441883905068547,0.12146006713222146,0.15115662285435522,0.09897159185883281,0.13795182915822174,0.11774441140389909,0.12192002515491276,0.0699296992886391,0.13764543900344559,0.12451690481626787,0.0973257926690997,0.14776093129420909,0.11147788090378645,0.08007545906524233,0.0713556439365955,0.10118122465201543,0.06241543341859073,0.06363504471430162,0.09575084451250987,0.065974751350774,0.10152817837538507,0.08451366574401793,0.09930204973097444,0.02220666083840036,0.13334921624181395,0.10466347180387106,0.1285548728578543,0.034100710421382935,0.04841261911632803,0.045378464185535115,0.09831283950487456,0.012259392124114591,0.07421240086073955,0.19106819968865066,0.0822940158435155,0.126102399500692,0.17326511985675938,0.12761090967597102,0.09466049578871691,0.07957923140944866,0.11460830670404124,0.0119210919620449,0.10102654224377891,0.10986642553546247,0.1459744917546418,0.0854385036808827,0.043702107107461564,0.062317827282125385,0.12099598706235311,0.0913867453794318,0.048549994401964634,0.05396550123298593,0.14786502447488897,0.16623896892878595,0.11341032931158021,0.10211283461071252,0.12374187023234162,0.06619271292601633,0.10646016746877196,0.12001975717820317,0.14292465224399278,0.048318511637191135,0.09156279126712753,0.08944944143783827,0.02500960342821039,0.04354715427543444,0.09509614851541096,0.10436898029588235
2015-12-08,0.21104693513279948,0.18348110835621875,0.22765432727024892,0.09952609361629423,0.25991638377934556,0.1908711650259736,0.14083414213320164,0.22836923361606687,0.19332223427523937,0.19299421212704596,0.18245442706686413,0.2379551859206945,0.2151076138792362,0.16885595587442534,0.2152970426564963,0.18079184172520518,0.16934370822039319,0.18072067215634757,0.2170754792136265,0.23436680404904403,0.21923518131820818,0.21951691649116709,0.19297922905991804,0.22001296303500933,0.2101846061086336,0.17597585586265924,0.21537516864937759,0.15385951100799747,0.1674149058824435,0.22101629342303977,0.20250123577448184,0.20832349512752973,0.1896559312599912,0.19066327496957372,0.2312577549145139,0.17636889381999699,0.21933176859022924,0.2158746934052317,0.2265795597585908,0.1804381343190782,0.15290915646445508,0.19370564026085202,0.19495084016109032,0.20739748806807023,0.20010795835556663,0.21099315662400106,0.24632858000704108,0.16161164291807564,0.1390990494488344,0.21244383858770793,0.17840445051123313,0.14408225704271876,0.20390750364634525,0.18651243026559938,0.20700846343228455,0.21518413454349664,0.218975653191171,0.25190087784039045,0.1323550639126492,0.1981510627667521,0.20621656480099074,0.2228795746583261,0.19216666522299844,0.20165870580330642,0.2114255251325496,0.19196252093338054,0.26018791710036776,0.26000497920264226,0.21138726480041942,0.23352397505760253,0.19468141250755788,0.1877244533743401,0.16435142575066178,0.22279820819218177,0.24596684595780982,0.2376820442966221,0.1871917518269885,0.2191618713111894,0.21546908037369725,0.18713262222278723,0.20478802639488072,0.23226810387054156,0.168361002072388,0.20592165595597,0.20734103401157036,0.19728766352350569,0.19474642831670225,0.20312704638184265,0.215733424486597,0.19192961169665312,0.2362375158993847,0.19316919294671844,0.19259341508137406,0.18169911995075483,0.22125254428507465,0.19451740143346116,0.19903426106298902,0.21007520431074486,0.22894741947434252,0.1554086739171253,0.18027679879268294,0.20121483243964175,0.17915627941533058,0.19895105152947504,0.21940855680925983,0.19523551843652082,0.16419140601177942,0.18771896028600987,0.1883331404764119,0.22307753537220942,0.1696337375912265,0.21328182012779093,0.1481680859375487,0.17394939603360796,0.19577918972944822,0.22762596646461394,0.20612820823851924,0.23645901964606353,0.2201625261515184,0.20967170361427245,0.21680872710779545,0.24648964797866615,0.21619014047922844,0.19763521716991939,0.2001459511329267,0.20361426361827023,0.22830903379278505,0.17378645517859181
2015-12-09,0.037418000529828556,0.0874201991363805,0.08763010584577369,-0.053369653655930674,0.03683525759263832,0.02357156914512736,0.09268455349798843,0.06663660020138662,0.09551298872971664,0.030975575093818306,0.05920471443112277,0.0727931208004827,0.07842156477919816,0.052746435763237745,0.08643947346566079,0.024792267999485515,0.08123578676855586,0.12116953119796178,0.08021352664421652,0.025004656891968468,0.09327276306685961,0.084023768925845,0.1016875492133599,0.0960924516878983,0.0668525321527845,0.09229642264864032,0.08738823127946647,0.10345983120432681,0.0927004067298632,0.11793109859016163,0.08419870113963566,0.03520565468854442,0.09160434707783092,0.08747430684286636,0.07076828042585546,0.11828478965991968,0.0811904137256039,0.021050905277037138,0.09313172396949088,0.05740619260808725,-0.012296916315273711,0.11718217004987024,0.09631385027097714,0.14869128839575016,0.10679884983505661,0.02707240007361354,0.09113203010059605,0.07353330273008456,-0.003941988105139576,0.07405919269779283,0.12485076097191962,0.03605134260958879,0.08077604304418722,0.049503083186924736,0.125360251044585,0.11983731305731206,0.05995965626626323,0.04425704219094309,0.021229669935649436,0.0706584011290682,0.04733614920336585,0.052819688627762595,0.07825428584976081,0.07243942973072466,0.06939232923175807,0.1360928890238119,0.04637124989690329,0.11488299896680884,0.09363137410513053,0.009921936500940687,0.002357211580829545,0.03539972011321847,0.042009156888202955,0.11399075047452635,0.0978538004155033,0.05714652760324169,0.050382117561222954,0.08692217704308948,0.12939735854097328,0.07765732967020007,0.06874344005122825,0.07655254433136616,0.07901825842609134,0.06902059827745285,0.04311204408871551,0.061546072780077545,0.08972327911641291,0.08118221377808248,0.11569469956948127,0.11146188665891468,0.12656837664607692,0.03957814544744978,0.06681809237319446,0.12208573866769054,0.007576751509809253,0.07200100586991173,0.05665507741512346,0.056393506796126994,0.10880947696731336,0.012932957230812938,0.08340166624055186,0.09030383540093075,0.0703369631862278,0.07286309368599898,0.09241559521928525,0.07174899414941951,0.0971311117072805,0.0850203823580459,-0.0043935318819867935,0.1201910041270701,0.06391587508371656,0.11472110814529754,0.026403284355864146,0.0421116504911,0.09653087554871122,0.09394898540579424,0.09918383190348065,0.10726187353843383,0.08894865740722101,0.09642263624142823,0.08055409779794027,0.030083967466653885,0.06020510802873828,0.09711255170306116,0.12038725620441654,0.04296881833867438,0.10525944635369855,0.10827374706257936
2015-12-10,0.11629062744029402,0.08296986226899525,0.06400165026773615,0.10675186631762434,0.1052069717388788,0.07250689651628266,0.07363811112318615,0.05623886393739139,0.14482490052724986,0.18386491456848006,0.11462136350167745,0.11770625101766542,0.12418558501373489,0.03663604922499847,0.10015235812638577,0.07663577632085564,0.11784511108885343,0.09436518406126697,0.0718500535976573,0.1503082951055372,0.058830115940196555,0.11042452520369071,0.1268774369910423,0.11154396747315243,0.10949665097078123,0.12388619306834106,0.13577292099964935,0.14399789382196634,0.1372282646867081,0.10333998604186544,0.12767099955586628,0.04756559432717613,0.1050306542303761,0.10748839722446678,0.12558221231932526,0.056247960743596385,0.0830177209799069,0.05035911649148059,0.013743936410128872,0.013740725772644758,0.12380619468436184,0.12325209216522819,0.09118344231450817,0.07069368899712825,0.09213593143479587,0.14257531386337935,0.12447614770604735,0.13642346489068974,0.10300072868104385,0.14403856189676514,0.07906221559947618,0.07025169123681498,-0.0020981515958697,0.050254770773246825,0.14740464774573692,0.11827988491482747,0.11139708080825414,0.11844987622316332,0.16611062438756682,0.07758398459116451,0.16677993092844481,0.10428765920592697,0.10172610559984988,0.05806651932522433,0.1279521978888501,0.12874656311304508,0.05586964062671807,0.12188946041227472,0.15326245583550627,0.1574448462648145,0.134869248795254,0.15539088250961175,0.10427829484659829,0.16072799064544663,0.11045930710976863,0.10372017903060948,0.12672386149805212,0.09057796959562865,0.14041161175220895,0.10025911182273262,0.08818845264807545,0.17071314173321128,0.12183941167221722,0.13909257485248472,0.024927924532922717,0.13855372286140058,0.08312955818560361,0.096878845658206,0.12141694528993231,0.07779160581513735,0.14835180564951772,0.06418331883871235,0.054609197861078936,0.11095588570731188,0.1434651955527268,0.08952889379769381,0.1102032587704104,0.10574451425658177,0.16612105895939022,0.12465594340515783,0.041769591008976016,0.061431534961701416,0.0455717884495402,0.08013242809418146,0.09441601915476547,0.12734485229810485,0.09037837496536612,0.1486399604022654,0.09503406687045778,0.1266649998108433,0.12745990014128566,0.1365965717617083,0.0627885644049877,0.11869301869442911,0.091030669480889,0.059997717771920006,0.12229157645123019,0.10979577536305136,0.05958943170518995,0.10968928921982819,0.037643386735639814,0.1016319404962683,0.08337597461250949,0.1809052419143726,0.10571612533323482,0.10843526772915726,0.0694795329218851,0.09683229141468631
2015-12-11,0.3137245040690192,0.29047527056771855,0.35975365065799025,0.33238345104050493,0.28381566967063365,0.34328076721186335,0.30033779783893133,0.29754132627566254,0.3115158258916603,0.26845236411341705,0.22578600339267801,0.27611672885126326,0.2629563387911515,0.30602556324964886,0.22482573131034908,0.3041092101251757,0.2335326172941498,0.29876982492981485,0.2752596611334836,0.3204106067920649,0.29230671708492023,0.30196130203049565,0.3663005793065798,0.24788273888670517,0.30689782348809813,0.32408527928572356,0.2939637880983838,0.3124263702902602,0.31710405409799025,0.3135380027807982,0.2913998807649467,0.3465639233165853,0.2744408366573897,0.3611047372375464,0.3388702212974459,0.27078467797622574,0.357706327527744,0.3365069985132747,0.3303225948406653,0.3076564017615364,0.3269514268920638,0.2594337695158762,0.3258088445616986,0.3004053783619103,0.26412825840280985,0.3391651657504471,0.2490777092193796,0.2932240310053555,0.2737168344654757,0.3224418676532818,0.21813106849524744,0.35482446352071106,0.31403516492271316,0.3467132291231667,0.3347771466770226,0.2661216218906776,0.29408790916343536,0.3574988710385993,0.33543627561022055,0.31380675323264473,0.23742042423035326,0.32671672864171825,0.29338014725223716,0.2863475818222407,0.27296349499226835,0.3162789430616192,0.3198675212198042,0.23399890116152572,0.28182021066267354,0.24855749635644855,0.34713809582189487,0.30869926580816,0.3040979865323761,0.28634369022448514,0.3167095724406014,0.28135552908219036,0.28346990885539247,0.2943226074137809,0.3218205459458938,0.2686095281203449,0.31405716788368304,0.2659095549598187,0.2921967022800707,0.3052570312557718,0.308060837139364,0.28374494586751614,0.2940025167196713,0.30553102050784936,0.3315720486957414,0.26283637026586326,0.3234477172976198,0.2468611728416744,0.3624479656167561,0.20661094678743888,0.2877992533662306,0.29308991771944376,0.29162619693492275,0.2901755731509791,0.33499298524653676,0.32667726126978675,0.3564196781910283,0.29151932541021186,0.2897664228529437,0.28406817984176436,0.29282535830778195,0.2879181741314726,0.2952813078560406,0.34139113196856796,0.28578441079741607,0.33766267784421716,0.2721242391952738,0.32110597359439536,0.33918350155125526,0.2698547909352362,0.2964878035492231,0.2987006727667666,0.2854197903013435,0.28572416459476035,0.33325265580982283,0.30395990431859427,0.3786065210490274,0.28799413673482105,0.3160861552131211,0.2761795944540344,0.2969729164506069,0.3009758837070583,0.2591136788217665,0.31862749720514383
2015-12-14,0.1690570710688799,0.30258915457493857,0.26141267672447266,0.20697245676767043,0.1798139541853586,0.23949467452910478,0.19192000047587224,0.21782393341734332,0.24751527005231258,0.24179132986376428,0.24658162861628835,0.18802845985297142,0.2233637102676869,0.22481752336092453,0.23631824168742246,0.22052636368381334,0.24214170189717338,0.25315661888305874,0.2365044569848273,0.22122428514311315,0.23728779240944758,0.18405894478046858,0.22209662546165404,0.20555373039082545,0.2174992108739349,0.2483314368241337,0.28268079334603013,0.22997101889185806,0.18503259942089378,0.23710414206104286,0.15874648907841277,0.1922442100294806,0.23375329268735603,0.2504716302697892,0.21986255488259618,0.21622237926170185,0.23459408296957782,0.27855217893271667,0.18877537300179076,0.24023594479012395,0.17741395415782293,0.2114156648355773,0.24066326529353507,0.1951620960119562,0.2118440113185884,0.18577876690955558,0.22262603093526775,0.2517243513614216,0.24495904187884635,0.23446480953997445,0.19675082542259736,0.25315716433810603,0.21329320750362593,0.2047755248642053,0.20414659936938898,0.20095505909937877,0.22794009227360545,0.23841255312035337,0.20902780454066902,0.1859631629181179,0.2906208077215117,0.2662624822937983,0.2022629008237402,0.1900737501856244,0.18567794058931053,0.22317082610288186,0.21680205773571684,0.16411174022342587,0.20581176426023212,0.21848928118796057,0.20855061680250306,0.30206711837552586,0.24219505283637474,0.20531929405221938,0.1898039175508174,0.1728408838337779,0.2310026413796848,0.2327144883423291,0.20515718927541518,0.2885883113801767,0.2500443097663781,0.1882261630612083,0.2053558216685716,0.19988983564304535,0.22343296389068865,0.19608188672338006,0.16350959937153617,0.21538005001008,0.20817869919749343,0.23343882993994788,0.19479866771991458,0.2344499328357741,0.26133008536667046,0.216035137984697,0.2274260764939921,0.23416676246616674,0.23482031147138366,0.21005011292507753,0.18372806635945998,0.20095690610594433,0.18231837038902346,0.17354675779859619,0.2401872107591227,0.21500864539487038,0.2614049818774724,0.22398750586450306,0.2277266885167999,0.22008459231498806,0.1906806171190401,0.23652292461762778,0.2030164828399597,0.22462053527771944,0.23078923762287923,0.21460492242225992,0.21406371818324596,0.21656916036651083,0.20430254826859304,0.20205308799553476,0.17133371980133885,0.2595782251996251,0.2605836852076512,0.18597113810923052,0.17289628673217936,0.21698322661387712,0.22057407173521457,0.23728522746044753,0.24555359705706173,0.27889177818032546
2015-12-15,0.05021545383978598,0.02944662994337904,0.0640827757453297,0.017192646596852806,0.054092715781115804,0.12813522595772703,0.09478050923575952,0.03178349124644497,0.10402150261728453,0.08785462406066265,0.05999116153275984,0.07625549650290801,0.12975828995108268,0.059162522825197066,0.04311383608923473,0.09219428558106409,0.05851817004853111,0.11514216065543922,0.0976355156054198,0.10170898633674808,0.0578424549685761,0.10025932218554427,0.10733735341048144,0.10422108091094211,0.07850321463615305,0.07546547749113094,0.07552561017181739,0.08943673562493012,0.065442500068093,0.04272686155361034,0.09583231276259396,0.0609436942979438,0.10292019330591942,0.11333273719047342,0.0649702511706331,0.06881226291983637,0.05027895602413158,0.026764226757251035,0.051903834365611405,0.07126111450227399,0.021224244356423186,0.0656609994207597,0.0055140631419112775,-0.018674307664210948,0.07558081819330968,0.04150088060685654,0.09770186890824623,0.09500185970690704,0.02839714006899499,0.07542815375829107,0.024116833651512487,0.07567568268094434,0.0598001365945447,0.06791234625025304,0.10553311379729892,0.01915744265041583,0.0748104978183092,0.04006392208465131,0.02060114537206882,0.0625151789660555,-0.00011482234676147539,0.08367721710107892,0.038878110797088736,0.04229504670006027,0.06244493777439159,0.0907490277038761,0.08486146804097704,0.009713243537783736,0.08391826620900303,0.08108866071308098,0.023179593249089286,0.04074481582426017,0.1003845122061113,0.047661117050254484,0.017570924812132526,0.08175245293393436,0.11846397287818694,0.05653119965998679,0.05990692394128098,0.09622913661660666,0.09824202626406754,0.013630162452873474,0.04614795051860454,0.1035476985642896,0.12720265102190878,0.0922227967658723,0.04726947087132854,0.04946146259790294,0.04887335461308594,0.09069433806756212,0.07631044533181115,0.0861867197493813,0.09384482398887131,0.10130490509023873,-0.009780373159578835,0.09937521626390002,0.03534764854006262,0.10466611458653963,0.04390670621949264,0.0277579747414386,0.067787156229686,0.0752436086348051,0.10982041841468891,0.12227876940552783,0.13809651554454352,0.08614162023886647,0.07978544037475581,0.08746816791021657,0.05484100478603721,0.05968090800352848,0.10258972275473315,0.06202167627628398,0.08936260654442872,0.13078937502058138,0.00589611301834153,0.09651709958316977,0.053568887558411916,0.029057562786189213,0.09313204436866561,0.06943743544490408,0.08656254900367158,0.023586784806668613,0.08898159343835513,0.08442836816607134,0.06796599911621035,0.07864084590100004,0.043338815256630574,0.09776277916670018
2015-12-16,-0.035682515659770604,-0.08813554929942352,-0.022823269608366923,0.015981006098229167,0.023395575003865986,-0.004160100361304303,0.07709430598535245,-0.02442406585954545,-0.04671442790761071,-0.006268402936933538,-0.02700721602781702,-0.0035934972840574995,-0.05145512794550827,-0.03887166674048638,0.008742690665843872,-0.02403890018123404,0.006497014059592129,-0.004476319828020269,-0.01580423423240926,-0.01183801269168163,-0.05989404056627746,-0.07435097251344934,-0.0252685273534476,-0.03969280056881112,-0.01733608427199234,-0.010197300212737315,-0.008947974122925056,0.02451426616644476,-0.010807966658297,-0.015858147059521488,-0.024077261231294663,0.0039024592548160494,-0.019127130595768833,-0.035651930498235784,0.0018553270022564612,-0.008592875213580079,-0.031166279603984548,0.034289594828515194,0.00048521544401007203,-0.03559387053057646,-0.011353834032808329,0.0028366441342127283,-0.011202981795407765,0.013879961018557348,-0.017695848714452796,0.01486075975794523,-0.0545359349794312,-0.045995935807826564,0.01493748185806648,-0.010272467135153406,0.007036660723282818,0.03621127607952518,-0.0022213121555375625,-0.03933303612635066,0.013630095800594896,-0.04008885249105865,0.005589308672346791,0.03154937171202242,-0.0073484767101704065,-0.019508667526101538,-0.0776044042726451,0.025027474809147722,-0.04461079086509696,-0.015426326050055261,0.029337909015284203,-0.009492804712299616,-0.04676937751985972,-0.045825131395303025,-0.035571579650135826,0.0016759631735946182,-0.002603367478438656,-0.04154761456290946,-0.02555312487349197,-0.06282244018509466,-0.011708932942153309,-0.03575198026393444,-0.028979699750528904,-0.027438000252146478,0.00011197279477155508,-0.06662847842219076,-0.016962323230185435,0.03205195746088326,-0.032583564885954146,-0.013152656245110625,-0.06653516775988112,-0.032679985903674096,-0.0327033135692515,-0.019800522542103325,-0.06040880438668558,-0.04819910422347059,-0.019276427655464244,-0.005655144528531919,0.02416953510846752,-0.004837121055617503,-0.01947911914970349,-0.0463883589820954,-0.026710695478699756,-0.018617032308476195,-0.03656689338143854,0.008334715714523438,-0.029514680881104115,0.014558536890575709,-0.03469653299469886,-0.03804068345336229,-0.02857327997691363,0.02488128810486264,-0.023205843323836402,-0.03693806246040351,0.0025437523330741705,-0.042772052425028885,-0.012142827521893086,-0.01703334301205443,-0.0019792228261009135,-0.01401370630120115,0.02658265251430821,-0.052262265174486566,-0.053968295117047614,-0.01639260979752831,-0.027983867626657808,-0.002517832704654829,-0.005795110521996363,0.03081480944261828,-0.001519408617941796,0.010482934517918457,-0.02920779248061911,-0.027875005187296575,-0.03481524489285945,-0.02593466180382467
2015-12-17,0.19370301615986754,0.10362794869222842,0.2235660032339182,0.10597057598195363,0.08801391634529121,0.17167334307925136,0.19353851787570514,0.1687752395506321,0.14669501206102972,0.19138877676404767,0.25977946228445525,0.15507630441508163,0.22617990192445434,0.1990224925209666,0.125905362670262,0.11998735353955928,0.22009032213112997,0.1496428841788064,0.19036354382740486,0.1190360032569627,0.1674419652410992,0.20393831943000476,0.12996333626619203,0.26057890299028913,0.16806616812511038,0.19916839306918074,0.11266562301048498,0.18485887592665165,0.1953081841301657,0.16767875894951134,0.23676987187732387,0.2368476990603055,0.19284856806601758,0.21685903099509896,0.25095784888633166,0.12619218690777448,0.14589478553536703,0.10592222636378741,0.19049032275978484,0.2161528409089495,0.2073401334688856,0.24998762333770497,0.14479332807533052,0.12790972711359122,0.06305523082278958,0.19412578722776264,0.18511269573135444,0.20484148835324037,0.1441806505488084,0.18700730733859444,0.19834773522796922,0.1507498423776445,0.21143844581602747,0.13919776701437925,0.21557081035575065,0.18833324732972523,0.1961249128722332,0.1575933472467168,0.20560530522683526,0.22186758464393563,0.10768679485680921,0.19527360805769844,0.12143954858318412,0.3006292583249201,0.19124156651611887,0.16256831066287344,0.17120473252134286,0.21885370366053963,0.19607331070347528,0.21498144548414966,0.22545275664287018,0.15572226870929343,0.06085022038317308,0.14676495002579304,0.12773082213256748,0.12856564156893252,0.1290643583820433,0.21854801974713592,0.15345934914735146,0.24266299671344785,0.18147042082486037,0.12681675138685952,0.17082308602448837,0.1748250273694549,0.09623411563443887,0.14778808744289235,0.16197449281224255,0.1612418679096955,0.20075208196415834,0.2246865823097889,0.16813532027004488,0.1777417057371981,0.2040239737913441,0.2024046610641275,0.25791942674968255,0.15581864221335595,0.1532178405199665,0.13349716803631156,0.15496340829967717,0.1499522352514112,0.16345995422861997,0.20512307379189418,0.22327053497828891,0.19093954976191624,0.20027928036716286,0.21625394972692194,0.19289231203648755,0.11805503804219876,0.21096381063943148,0.21094233156411088,0.16611523943013964,0.1864483275003738,0.12484398202149437,0.2643898672200326,0.19470048346255936,0.16486761948194606,0.2143326202455027,0.20603855389244774,0.2572237142612504,0.20345084919620499,0.20099882939040192,0.14760446754289577,0.21117912527252303,0.16473223968139714,0.20674919695762706,0.17897596674830202,0.19286873744162347,0.21661699848782817
2015-12-18,0.2690910884768831,0.22203585787004287,0.276088883893754,0.23850133937152582,0.23455266945635353,0.2182749496388662,0.17817423414900083,0.22472683633189341,0.19900940117254945,0.19442890215857156,0.2494053684208134,0.2080577596845489,0.21781967643251293,0.25347034518501954,0.1962311344138711,0.27583321838776964,0.23049607516775344,0.15531889050439557,0.23682641596449308,0.20403791889524125,0.2194322551772257,0.2814782918037152,0.23462339659427955,0.2357183574703191,0.2575573259476915,0.25004243656687275,0.19244568602525508,0.21812563679213354,0.11863193820509177,0.21786211271526854,0.17377605397945445,0.2013224405350923,0.24181503675954022,0.2387182359278322,0.26520266760512934,0.2416976821010556,0.21862806142377084,0.21340263569285295,0.16909706087710558,0.21698928744278914,0.25686367609129135,0.23350590781504876,0.21890153969041803,0.18486187796844808,0.14835252937104734,0.23905877399932776,0.23912950113725376,0.2526750578118961,0.2670174735738379,0.2224137969693506,0.24801440137493538,0.20412952205366636,0.21597605570390854,0.24506376996160778,0.24581295371889797,0.20745055410783605,0.21939872527480153,0.15336001073620809,0.2292285177067485,0.20717602803173812,0.3027747329120162,0.14880308743487222,0.18781303328650106,0.20419081890653556,0.16084137021460265,0.27320688399945087,0.267124350137815,0.18671131055617526,0.23908863656867432,0.219887528383579,0.25762857699034286,0.20164149851284735,0.18789633413783613,0.20198203658434288,0.17574593574687486,0.23891574800929966,0.2599620486371754,0.22341445499482213,0.18378892109087439,0.17219019437573593,0.24349834264217898,0.23298975228150504,0.25991751673551833,0.1820170991484164,0.25831751170421463,0.2293455803908239,0.1939500532395763,0.18008543858717896,0.2526609123843108,0.23254611435815667,0.2533273191949914,0.27976830342132164,0.17119582320696894,0.17181822202071773,0.2273369296737255,0.20944610720680004,0.24213776207037296,0.2083427638551544,0.16844270387510873,0.226290518896566,0.23216628343225781,0.25451501120742276,0.21454370018472574,0.2605650629760853,0.2401694520171286,0.1983906696918783,0.23237951265548656,0.2684032718779906,0.18550104173340898,0.23617258286722162,0.24935821699552935,0.24924086233704473,0.20771826942250413,0.22560332893745047,0.1788773142904578,0.19230132506881245,0.25500590993510175,0.23839970185480253,0.1928587596966144,0.29120091569727585,0.23792452026888491,0.21564890544643558,0.2228072494181093,0.2615803903338674,0.22197424090475865,0.20110502007406048,0.20624662104891797,0.24590987609309287
2015-12-21,0.021800550608961872,0.047465074330646846,-0.004585067621407596,-0.013264328510917849,0.05411134191955528,0.02473327553408067,0.04995429077971647,-0.000644382218273691,0.028252754999416166,0.025139288720391333,0.008094593215078699,0.036956106049969684,0.010400224225340905,-0.0288819444662021,-0.047251552678843324,0.004834438300999691,0.03621637621891078,-0.006163018224204635,0.01905590146950182,-0.040145064776451495,-0.01031692603614943,-0.04499673880286774,-0.06358742774405489,0.01001097545446501,-0.06467292364345578,0.06834171118375712,-0.04034830187326122,-0.012731001858755255,0.0830268152166269,-0.04358066958661262,-0.024327262347770013,-0.077746548242659,-0.012197683892736868,-0.03686756898095484,0.04649767787226134,0.06748986932447824,-0.007827934232069506,0.034125015393424135,-0.05029324630428809,-0.016365736680204742,0.017271017375666137,0.06729550688303146,0.04580562184759504,0.022118026726257692,-0.06903586276035277,0.02180107449694421,-0.013743153440629053,0.03752976339062797,0.0752161692879745,0.01049400017417911,0.016983924499361615,0.10731897706958039,0.028530415630054422,0.0064812810223269825,0.031273493105567464,0.09925372158151252,-0.0260660465611443,-0.0001870280341891228,-0.041914711292350554,-0.011240540549008386,0.026213045203926075,0.02164757531811966,-0.0028138023531284508,-0.03977462339493916,0.018033272127981295,-0.0037599440492278704,-0.060841206940647825,0.07439526605028916,0.031151951093665437,-0.016315443433900453,0.041381911724747034,0.04173815555273574,-0.025643268959398884,-0.028731588615271576,0.11941031170190299,0.020341263298258166,0.019413193073455196,-0.0002881383902849838,0.048221793222130216,0.015119931058208939,0.05114561205154929,0.039556208732399935,0.03509211260881701,0.032442553387150457,-0.0869355434528383,0.0035378160080648353,-0.0034136540929035537,0.11112449937327151,-0.023141703843742888,0.039571354857792666,-0.06023611632104937,-0.00954366862415476,0.008113453182442807,0.0710434015086656,0.01543426384761074,0.037316017093834745,0.009387548755484771,0.010536435100748353,0.033693331695979,-0.01722884664402637,0.007149499294943952,-0.006953565189550164,0.03813537789820877,-0.04135047844580685,-0.03584546352741666,0.08964928320134051,-0.032274119151829865,0.041797878782722085,0.05560547044517851,0.0033775058221223457,0.049414686157910045,0.02615353585419447,-0.0054018089858699405,0.02646996419552562,-0.000848174643402525,-0.02917741728823979,0.003319354256083013,0.0076691961734215944,0.05957182635944689,-0.043791796443494166,-0.014539987061762618,-0.0028258517767221865,0.006564316418674268,0.07525573268688013,0.059784000992293106,-0.010726082550354106,0.06710166832956702,-0.012618365942552943
2015-12-22,0.15301159216445157,0.1810151183183601,0.1619345856696515,0.13833634696027544,0.12605820573581306,0.22750215118423037,0.17987827638113585,0.19492569410900074,0.1746242795008393,0.14823013543631652,0.1288633235237827,0.17677769002795657,0.15835360095778925,0.13400101894756053,0.2248706997603866,0.19183479954386465,0.17222595487046763,0.2211218113691809,0.12945766587702795,0.13961125452349987,0.14072030940390545,0.17926612209310847,0.1902579194352105,0.164167887963071,0.1426214715016815,0.1805111239463366,0.18141874679957354,0.14173480386583528,0.19915629055997633,0.16521774435434775,0.17231527648459571,0.1890865227830674,0.18042599337568663,0.1775195047235892,0.20645970770108846,0.09432388645947426,0.11226731523074118,0.16835552621839558,0.16955206913140755,0.18338539395169573,0.1639310940065555,0.15117198601776086,0.1790198982887671,0.22031032057572394,0.1772104152670756,0.13796181697463022,0.16169805365335338,0.1871327107015971,0.165962702332589,0.18902758623415591,0.21340950554873167,0.11113494767098837,0.095155022769235,0.18096742380502023,0.16246658625115926,0.1774912151801117,0.19323932298947988,0.17699016990504426,0.17668448559128572,0.15161387916448832,0.18601591942717624,0.22642845823317165,0.15490908709918422,0.17489905478887555,0.22747831462444837,0.17264532115850006,0.1376194611105088,0.1262070208379429,0.15449234021332564,0.22206142001231094,0.15731867515890344,0.2027425140761863,0.14310031696090098,0.17547925237038203,0.181703213875653,0.18550082314729222,0.16036975481099702,0.1771252846964257,0.1450679931320519,0.17900496769637622,0.15120237108297743,0.18129330117942025,0.12321379691523572,0.1976152962611038,0.1587543694903874,0.16892865141403268,0.16989887797922454,0.18719007560920428,0.15980867886535965,0.17277262410414893,0.1352368528931802,0.20444172026635898,0.1891140265058928,0.19102985725584237,0.14714046413199736,0.1808367156365454,0.1551016131589618,0.1655187136641224,0.18065230972350677,0.20485034700547866,0.14505044313748716,0.2022759985490247,0.19705762553829242,0.1822902219028115,0.21431162765740358,0.15042859968082387,0.17558114711494455,0.142490520054965,0.14682351646896225,0.16296112938158105,0.15138494341449435,0.13635533762141164,0.1205378156544366,0.13512174786452774,0.14439742617554782,0.16145340149031634,0.16288883388158293,0.13505637608340232,0.2184853830812068,0.1668781833923475,0.17689399148447524,0.1509289054960281,0.1725507607400243,0.20076148650582898,0.1676949129901521,0.1498518073221434,0.17061240313137968,0.16553390619673072
2015-12-23,-0.00813110951131323,-0.009103265730969064,-0.01132606707420316,-0.0429077307566361,-0.001610892237826549,0.015659252221473303,0.008794117498174436,0.013149019670062385,0.02139765660871903,0.022450293566664375,0.03324109985764047,0.001922595414693859,0.0011254528640168037,0.03955181171716715,0.0070171538956235,0.05657412660141677,0.004153061590146004,-0.02875589553804569,-0.009292331592347595,-0.03984179786941667,-0.024776570144842122,0.02560437202439137,0.0038439133573513764,0.015845763138779154,0.01207594315953558,0.01694311161799645,0.05049846959657691,-0.024610498780117736,-0.04697903413645626,-0.013716217254197983,0.03654336507158308,-0.03618695037344381,-0.013787755688233103,-0.005228693044745492,0.006110148749821082,0.013836299625614078,-0.025457462740212107,0.0023122243857779967,-0.03034762569532712,-0.002658419307626525,-0.004124957205346493,-0.04515991395670606,0.030511142115978825,0.01563625772481916,-0.004214381593805195,-0.000370466890539016,0.01933581674206395,0.05746324713871041,-0.009218238214239793,0.028891307573897886,0.02383890567016751,-0.002455301253848237,0.00451458617643063,0.028331774821980335,-0.01896023996337957,0.020568577257133437,0.009620641905687344,0.06731449424467234,-0.0020145734013104423,-0.007270093358819104,-0.003711697372343195,0.0024731858623570175,-0.008240972106438595,0.0006336261300253516,-0.015912191684668908,0.02476635036855139,-0.04469363666344143,-0.03726130435600696,-0.04128406379844614,-0.009513334254634662,-0.013985763853866027,-0.04673631444955138,0.006462731031851318,0.03518157988084311,-0.02690994844553232,-0.007825793694627629,-0.007768307452992264,-0.01488765911152308,0.007092524745767645,-0.013050654323264096,0.006888129219953015,0.027417761092381972,0.002878144497877252,0.04387094467203755,-0.02081768430422002,0.015107384301773804,-0.01510227441362844,-0.007432332307434466,0.02368816396987922,-0.0014627054816109424,-0.0022266337593431205,0.017147507143811073,-0.03961313037491154,0.05810837051706283,-0.03116904021469466,-0.0326687923853595,0.009165861860749793,0.006609003690679351,-0.06009739447764645,0.03148202086359832,0.0028666472495501795,-0.03974470999465471,0.017341682893334976,0.0017475817457150826,-0.01608337293753866,0.010166122465205136,-0.0022330211195248275,0.014303854390915043,0.005296399062671588,-0.013957659469066514,-0.014063689648082854,0.014403497209749675,-0.0006438459063160831,0.047349501026995276,-0.017372342222207172,-0.020449772357753686,-0.0037340507622260137,0.002189587070289219,0.001811455347532154,-0.069067803116836,-0.014402219737713334,0.026548423859247695,-0.03568490386316163,0.01012524336004221,-0.011521520295763399,-0.000673227763151936,-0.014537631773565526,-0.0029356307395126163
2015-12-24,0.17718749971302222,0.1490588846450733,0.1430956966169995,0.15527313736033188,0.2269109369705213,0.13727332309061535,0.16350522804450138,0.12053109107668251,0.1477658401773842,0.21386294279656767,0.23026599553251764,0.1552645185108388,0.1983353889189488,0.20778465421928666,0.15377923163649518,0.1741581512158036,0.15273230642828098,0.19223138638918538,0.17836911705328734,0.1567547032808934,0.16850842851323022,0.2154547589026243,0.15998486550226068,0.2176282001243555,0.24495233582178194,0.14711931794353963,0.13712271279750385,0.1623150393867421,0.18788572841965068,0.18968815404127792,0.17663893539339653,0.2320071974577581,0.16386889680103892,0.1793364514561987,0.2050638731518575,0.20009250900524983,0.1951652259200406,0.16209585855367734,0.17451447312877477,0.2084777064623852,0.13485376260940926,0.16465745801050086,0.1701418767328299,0.24197441522952826,0.2363651001665701,0.13185625043431176,0.18022174610595174,0.17697076782781296,0.16956514951286628,0.19639214879563194,0.2154008820498039,0.16026771897956765,0.21048951712565528,0.13805086403472763,0.1729153101791517,0.1721781768746547,0.19445503104195375,0.10689290046956014,0.17877196897551245,0.17396835775700453,0.11563823485758354,0.17783034852508356,0.1815772387439554,0.22170324935586055,0.2308745590746024,0.20428020983810655,0.2568946300389901,0.13781331609274686,0.1395912522358194,0.16506030993272597,0.22204977547740984,0.17113737403607915,0.16324196615003816,0.13671373850564006,0.18740328569212275,0.16926025550486007,0.15909589743072441,0.1998500631675581,0.17930583960800528,0.20690793088702777,0.21153399338601397,0.18930127822875992,0.12874118876215165,0.1942897270617094,0.2307582340514675,0.09911871550236495,0.12142373257000197,0.16789251812757905,0.2076622068265131,0.17623608347117142,0.15069110839074526,0.14422711052622747,0.1986366095051718,0.17606710606914389,0.10405946780077929,0.18288497689877733,0.2012582081844544,0.17419610990756343,0.1430846763516499,0.11347754375354928,0.15406208511380218,0.1978713133003369,0.1786923781702096,0.17427447623893855,0.18355843755903206,0.18482454360031095,0.2026418637227959,0.22126978558544202,0.17371121823218003,0.21330825610730328,0.1893391789718732,0.16527949076579065,0.21780329989602176,0.1164401236841169,0.2139364112322318,0.18622534177364083,0.1727757201513898,0.17901808823498735,0.16938637631941683,0.14807808102895686,0.13939411193345388,0.1437226272680003,0.19349014558689787,0.2247155240076975,0.14732380508947154,0.14757114882287417,0.15647919664715282,0.20660548582687704
2015-12-25,-0.028023581048950502,-0.06958256485795958,-0.04146565359898435,-0.03619517176064175,-0.07963322890766297,-0.054654162787525586,-0.06092846341649656,-0.04587727789645623,-0.061103686518084774,-0.03632557383040163,-0.08040722519509591,-0.07845890212022402,-0.04063345908395085,-0.06509098157899466,-0.07758166920798724,-0.042052659731928246,-0.0769008723206357,-0.07378743213941397,-0.11087681873035368,-0.05339562320732182,-0.01361966544039009,-0.05252980766803012,-0.04051428087315501,-0.010968026860854477,-0.027122501272456915,-0.05928219762155597,-0.02763181745332686,-0.09615307040573032,-0.0444216613303608,-0.06091378669422818,-0.060940758721288554,-0.10134274089516994,-0.06182193092132472,-0.05282213471179954,-0.06733685348362005,-0.06480649573916422,-0.026090974481808155,-0.07377670218832946,-0.06428470768254352,-0.04655124812771337,-0.029670170490826583,-0.04034035149816859,-0.011577566935278423,-0.04409842515472327,-0.014919174489741126,-0.0475815025998778,-0.10553006280076443,-0.043061659528164674,-0.03728063828016478,-0.036480633858215594,-0.017104275362057598,-0.049299722236232954,-0.049856953586826465,-0.048312289146266146,-0.04470613012026546,-0.06782120162856473,-0.03309844139481873,-0.10753143621779596,-0.005420689541425482,-0.03052250577794725,-0.0434967449607052,-0.02194653139352865,-0.024614670522413434,-0.0312643249427815,-8.827439664220522e-05,-0.08392304094838653,-0.06465509338136967,-0.0011459959556431362,-0.0061941392604991955,-0.08398799153928277,-0.038736219732480565,-0.03907415028063117,-0.10494702159872112,-0.04279506443393379,0.015233750995610472,-0.06289594994521995,-0.015944920975208582,-0.04147141631923994,-0.045739228561687176,-0.01600831088971772,-0.07525117274826706,-0.08975368795048311,-0.022601171301697344,-0.05116276024049669,-0.048371219722794026,-0.02925235384278418,-0.11012923684601862,-0.056528102041390804,-0.05777912124969623,-0.01452414867645823,-0.05987465561363481,-0.02494524760248062,-0.015366029607170555,-0.12012598352918756,-0.07590549349776488,-0.07608047061715374,-0.0011522821092850469,-0.028158056762405084,-0.0716133152368277,-0.005083255132658227,0.014064702767164702,-0.0183663109327396,-0.031381674867162056,-0.015666738788395737,-0.06502889284036778,-0.06401385986600447,-0.04265015455333466,-0.011445596222101475,-0.023219044636030348,-0.0670817309605012,-0.03973867111512068,-0.05143182175762678,-0.009272739560428175,-0.028550622898578123,-0.017861287151030403,-0.04669793553318907,-0.07399044672144531,-0.08431225348229543,-0.03777095914281076,-0.038160204650912355,-0.03040123070828184,-0.06773579970950887,-0.01907145824620493,-0.0249751613109958,-0.040672226469683714,-0.06913010701556048,0.03019377277908117,-0.04495078375725529
2015-12-28,0.2159587874483141,0.08756623358454715,0.2295762460076663,0.09825684849450438,0.12708402067710314,0.13642337544725539,0.14764650208817676,0.11598961574311348,0.20804889264211318,0.19045295981305752,0.22804402501717277,0.14245652940029271,0.21738283893718433,0.1844092842675345,0.1605889829573998,0.17209659538759028,0.1849611942156446,0.19733308096380495,0.19788636796460793,0.1354407104637059,0.1547662186850197,0.20885151034415778,0.18635495824406031,0.18608128940495344,0.19276886884281147,0.19967386897893227,0.14054600458105396,0.2010876443651483,0.20354579628953687,0.1871494632334831,0.18460802079284463,0.12843559859988576,0.15509992159752745,0.18684009845884064,0.16797425568072788,0.20755401717218677,0.21316801430643398,0.14984396551365325,0.1843776197543871,0.19231942456356682,0.16917493714874604,0.14591308582466397,0.15739665182229617,0.179363963354149,0.17871686347494,0.13728819061273337,0.23294278281805816,0.15660618190763134,0.15566727063354147,0.18256523975468938,0.19516590499878292,0.1274574931149459,0.1387160280341604,0.1535106619510571,0.17223829743471678,0.17556559130464824,0.212884610212181,0.14651862404222243,0.15267207777633807,0.14874171829211225,0.08540804972421698,0.1532134454892178,0.2073620163068055,0.17203602046668126,0.1616512074633402,0.14726170899736235,0.16133967929866522,0.06871715617610268,0.13757916657209993,0.21203439792942222,0.13635144272867594,0.14214662377814208,0.17040266099217002,0.21022393932031705,0.15691716922479823,0.15979772305302564,0.1973119879109884,0.1679428865252571,0.16153492524909518,0.15965493931088295,0.19873441685733426,0.12398367939202062,0.12532193949566023,0.18907920714244209,0.18963844346583433,0.1759612450485011,0.1920152238025708,0.22171827256224452,0.19929419402823464,0.21257794967507906,0.17342575158762863,0.16645855304604165,0.22342518729785957,0.1613126369232594,0.141365099128914,0.17636550476915225,0.187195435271673,0.11740997654925991,0.1917374726448337,0.1553818712224156,0.19974904678256042,0.2323313232140107,0.1519857216457938,0.2004932529537285,0.21739095164980604,0.19138213583200128,0.17396468268062396,0.20058714423904245,0.18354363289687178,0.16649341520350544,0.15543254281501898,0.19040349801046327,0.19977800913616783,0.15060277456754043,0.20186213799677083,0.15874577464973944,0.1613688850641035,0.2265842775927669,0.15920819926917887,0.22314665083117968,0.20371508155957727,0.16161796719390667,0.18474647775492242,0.14781609775431212,0.1473766191816267,0.14621433788668475,0.17601773982143346,0.1991108467229832
2015-12-29,-0.050560045343925934,-0.00472098257444174,-0.054967340772661744,-0.03985226980029168,0.04025787735100976,-0.08900746479240862,-0.14087201333600455,-0.07818257609365453,-0.06106935459947629,-0.0556612369605459,-0.05799198179428464,-0.05233345578825343,-0.061558543299352536,0.021872332566108616,0.0015227316578237406,-0.045883953028690964,-0.033100146175208546,-0.04562705459592013,-0.08527270241872655,-0.06195849359626628,-0.07600515906136952,-0.06199013266640754,-0.03539195061492728,-0.05706011653183382,-0.07873044580396368,-0.012039342237252842,-0.09128331448735527,-0.09714141001273897,-0.06250338869314336,-0.007376230053357872,-0.07942893912169743,-0.0563199786260509,-0.0985581372646194,-0.045688710219785135,-0.047892898772958874,-0.07732047903715619,-0.05893006670300256,-0.03230376103361897,-0.062146705500696287,-0.028897017395674823,-0.04149585737756224,-0.027748275772084826,-0.025106548624991933,-0.09176033431410027,-0.061493913062055455,-0.07908361354417284,-0.06876494996767875,-0.04562380956308514,-0.0581796528599088,-0.016996670731521148,-0.08284866289098158,-0.1134658181086093,-0.058582577770254635,-0.09982910845832772,-0.06085950914281296,-0.03949069750493518,-0.08269939138057157,-0.07691351863467441,-0.031198556933898558,-0.06077811290253505,-0.04312569261197824,-0.019207078930961966,-0.10884002380231685,-0.04115810354331933,-0.0723193425996154,-0.03829922961568435,-0.10819236933233141,-0.04646131101795803,-0.011026621573329932,-0.10536270070021143,-0.07938621285603659,-0.14539477784978577,-0.1050360340614881,-0.06274270986472462,-0.03912806508562393,-0.06755482313962667,-0.026784771439492754,-0.05261712574191301,-0.11889881433260803,-0.08573647169472863,-0.06235682137676253,-0.026880229488722335,-0.027639567172112328,-0.0469180368254443,-0.057640436570492976,-0.07030309553146874,-0.022348541134644864,-0.07074766502986372,-0.06446230684787169,-0.08713724420183695,-0.068176787766335,-0.060386004768305884,-0.08032727237818658,-0.005548735728447049,-0.01936148841002738,-0.057635028182434656,-0.0601493877907538,-0.034569334791254784,-0.05718775449001048,-0.1070444534403978,-0.031337552506997726,-0.08964619542209777,-0.12018465859347677,-0.08750501458980361,-0.019201670542903632,-0.07919340382175702,-0.003554933470742478,-0.037159411832390604,-0.0605176990175263,-0.08129158796898742,-0.024390748465471516,-0.05407928345348342,-0.04579119917349056,-0.04253724249819432,-0.11467242948442345,0.010956042109168682,-0.04867305875037345,-0.024994865411587346,-0.07169845965051873,-0.07853358047864034,-0.006255341628268295,-0.029785615553658985,-0.03651419113703144,-0.07525178077961384,-0.07201160531909623,-0.06332708619442752,-0.05116226935422135,-0.05300734094032175
